{
"type": "FeatureCollection",
"name": "camera_segment_metrics",
"crs": { "type": "name", "properties": { "name": "urn:ogc:def:crs:OGC:1.3:CRS84" } },
"features": [
{ "type": "Feature", "properties": { "camera_id": "DEI-001/CAM-01", "segment_id": "35", "distance_m": 17.84, "install_date": "2019-12-13T00:00:00", "accidents_pre": 1577, "accidents_post": 3724, "speed_pre_kph": 28.055, "speed_post_kph": 31.824, "n_pre_obs": 29768.0, "n_post_obs": 32699.0 }, "geometry": { "type": "MultiLineString", "coordinates": [ [ [ -74.065944118999937, 4.760351180000043 ], [ -74.066190881999944, 4.759966274000021 ], [ -74.066255254999987, 4.759656211000049 ], [ -74.066394729999956, 4.759014701000069 ], [ -74.066416187999948, 4.758672561000026 ], [ -74.066233797999985, 4.757977590000053 ], [ -74.065901203999942, 4.756534187000057 ], [ -74.065729541999985, 4.755497074000061 ] ], [ [ -74.065731156999959, 4.755366218000063 ], [ -74.065216172999953, 4.751581273000056 ], [ -74.065065969999978, 4.749528413000064 ], [ -74.064958680999951, 4.748223988000063 ], [ -74.064980138999942, 4.747261706000074 ] ], [ [ -74.064964045999943, 4.747189535000075 ], [ -74.065071333999981, 4.745842338000045 ], [ -74.06515716499996, 4.744986973000039 ], [ -74.065178621999962, 4.744131607000043 ], [ -74.065242994999949, 4.743201396000075 ], [ -74.065267134999942, 4.742546505000064 ] ], [ [ -74.06537442399997, 4.742485025000065 ], [ -74.065524626999945, 4.74141581400005 ], [ -74.06603961199994, 4.738614473000041 ], [ -74.066812087999949, 4.735150203000046 ], [ -74.06736998699995, 4.733204216000047 ], [ -74.068743277999943, 4.729889611000033 ] ], [ [ -74.068882752999968, 4.729579535000028 ], [ -74.069483567999953, 4.728553073000057 ], [ -74.070556450999959, 4.727184455000042 ], [ -74.071200181999984, 4.726329067000052 ] ], [ [ -74.071353067999951, 4.726077796000027 ], [ -74.074013818999958, 4.722870082000043 ], [ -74.075129617999949, 4.72107375500002 ], [ -74.075365651999959, 4.720154205000028 ], [ -74.075537313999973, 4.718657260000043 ], [ -74.075558770999976, 4.71848618100006 ], [ -74.076052297999979, 4.716540148000036 ], [ -74.076395620999961, 4.715684747000068 ], [ -74.077039350999939, 4.714636879000068 ], [ -74.078176606999989, 4.712776376000022 ], [ -74.078906167999946, 4.711749889000032 ], [ -74.079442609999944, 4.711129719000041 ], [ -74.080000508999944, 4.710210156000073 ] ], [ [ -74.080080975999977, 4.710076498000035 ], [ -74.081194091999976, 4.70805559300004 ], [ -74.081880737999938, 4.706606739000051 ], [ -74.081982661999973, 4.706013297000027 ], [ -74.081923652999933, 4.705521434000048 ], [ -74.081456948999971, 4.704077921000021 ], [ -74.081285287999947, 4.703548633000025 ], [ -74.081215549999968, 4.703153002000022 ], [ -74.081242371999963, 4.702618367000071 ], [ -74.081574965999948, 4.701404742000022 ], [ -74.081918288999987, 4.70006814900006 ], [ -74.082368899999949, 4.698309188000053 ], [ -74.082556654999962, 4.69788147600002 ], [ -74.082862425999963, 4.69755 ], [ -74.083441783999945, 4.697170405000065 ], [ -74.085850406999953, 4.696544876000075 ], [ -74.088301945999945, 4.695833804000074 ], [ -74.088870574999987, 4.695625293000035 ], [ -74.089439202999984, 4.695304509000039 ], [ -74.089750338999977, 4.695122730000037 ], [ -74.089954186999989, 4.694999763000055 ], [ -74.090442348999943, 4.694695017000072 ], [ -74.090748120999933, 4.694352846000072 ], [ -74.091289926999934, 4.693294253000033 ], [ -74.09180491099994, 4.692273084000021 ], [ -74.092448640999976, 4.691091520000043 ], [ -74.092588115999945, 4.690840237000032 ] ], [ [ -74.092765141999962, 4.690840237000032 ], [ -74.096992303999968, 4.684830802000022 ], [ -74.098816205999981, 4.682093391000024 ], [ -74.099438477999968, 4.681323492000047 ] ], [ [ -74.099599410999986, 4.681098938000048 ], [ -74.101509143999976, 4.678596760000062 ], [ -74.103161383999975, 4.676372595000032 ], [ -74.103762198999959, 4.675581303000058 ], [ -74.10386948699994, 4.675068033000059 ] ], [ [ -74.104244996999967, 4.674287433000075 ], [ -74.105081845999962, 4.673389207000071 ], [ -74.106873561999976, 4.671560674000034 ] ], [ [ -74.107187379999971, 4.671459088000063 ], [ -74.112251390999973, 4.666283563000036 ], [ -74.118559945999948, 4.658926551000036 ], [ -74.125683892999973, 4.650585660000047 ], [ -74.127057183999966, 4.649302437000074 ], [ -74.131177056999945, 4.646051596000063 ], [ -74.131777871999986, 4.645495529000073 ] ], [ [ -74.131946850999952, 4.645147988000076 ], [ -74.132740784999953, 4.644185563000065 ], [ -74.133813668999949, 4.64268845600003 ], [ -74.134993840999982, 4.641063022000026 ], [ -74.135852147999969, 4.639608683000063 ] ], [ [ -74.135959435999951, 4.639352035000059 ], [ -74.13651733599994, 4.638218503000076 ], [ -74.136882115999981, 4.63710635800004 ], [ -74.137289811999949, 4.635823110000047 ], [ -74.137611676999938, 4.633491872000036 ], [ -74.137869168999941, 4.631096463000063 ], [ -74.138362694999955, 4.62585647700007 ] ], [ [ -74.138427067999942, 4.625663987000053 ], [ -74.138684559999945, 4.623140224000053 ], [ -74.138942052999937, 4.621407806000036 ], [ -74.139521409999986, 4.618841252000038 ] ], [ [ -74.139735985999948, 4.618520432000025 ], [ -74.140487004999954, 4.615440554000031 ], [ -74.141152192999982, 4.612317886000028 ], [ -74.141259480999963, 4.611013205000063 ] ], [ [ -74.141345311999942, 4.610831406000045 ], [ -74.141624261999937, 4.608157872000049 ], [ -74.143791485999941, 4.602254674000051 ], [ -74.144113351999977, 4.601399134000076 ] ], [ [ -74.144185770999968, 4.60133229500002 ], [ -74.145258654999964, 4.598252342000023 ], [ -74.145430315999988, 4.597482352000043 ], [ -74.145559061999961, 4.596199033000062 ], [ -74.145559061999961, 4.59465904700005 ], [ -74.145559061999961, 4.589739626000039 ], [ -74.145301569999958, 4.588584627000046 ], [ -74.143670786999962, 4.584477947000039 ], [ -74.143499125999938, 4.583879054000022 ], [ -74.143263090999938, 4.582146540000053 ], [ -74.143027056999983, 4.581184030000031 ], [ -74.141761053999971, 4.578275104000056 ], [ -74.140301932999989, 4.575301998000043 ], [ -74.139679659999956, 4.573098897000023 ] ], [ [ -74.139778159999935, 4.572976314000073 ], [ -74.138876937999953, 4.569211776000031 ], [ -74.138576529999966, 4.567671732000065 ], [ -74.138662360999945, 4.566559476000066 ], [ -74.139520667999989, 4.560099802000025 ], [ -74.139477752999937, 4.559415329000046 ], [ -74.137031577999949, 4.552399451000042 ] ], [ [ -74.136935017999974, 4.552239026000052 ], [ -74.136666796999975, 4.551265781000041 ], [ -74.136677525999971, 4.550656166000067 ], [ -74.137299798999948, 4.548367429000052 ], [ -74.137342713999942, 4.547640166000065 ], [ -74.13726761199996, 4.546902206000027 ], [ -74.135229132999939, 4.543009190000021 ], [ -74.133812926999951, 4.540314013000057 ] ], [ [ -74.133668087999979, 4.540094762000024 ], [ -74.133131645999981, 4.539367490000075 ], [ -74.132015846999934, 4.53851187500004 ], [ -74.130857132999949, 4.537592088000054 ], [ -74.129719875999967, 4.536779251000041 ], [ -74.128968857999951, 4.536094757000058 ], [ -74.128432415999953, 4.535495824000066 ], [ -74.128024719999985, 4.534789938000074 ], [ -74.127724312999987, 4.533592069000065 ], [ -74.127295158999971, 4.530233747000068 ], [ -74.126908920999938, 4.527025145000039 ], [ -74.12660851399994, 4.525442229000021 ], [ -74.126157902999978, 4.524222954000038 ], [ -74.125170849999961, 4.523025067000049 ], [ -74.122939251999981, 4.520500943000059 ] ], [ [ -74.122856312999943, 4.520461668000053 ], [ -74.122212582999964, 4.518964302000029 ], [ -74.121998005999956, 4.51661129200005 ], [ -74.121869259999983, 4.515071136000074 ], [ -74.122212582999964, 4.513488194000047 ], [ -74.122384243999988, 4.512760895000042 ], [ -74.122083836999934, 4.511776902000065 ], [ -74.121096783999974, 4.510750124000026 ], [ -74.119208508999975, 4.510108388000049 ], [ -74.115946941999937, 4.508867695000049 ], [ -74.114359074999982, 4.507883697000068 ], [ -74.114101582999979, 4.507584218000034 ] ], [ [ -74.113980673999947, 4.507377494000025 ], [ -74.112929247999944, 4.506671581000035 ], [ -74.112328432999959, 4.506479059000071 ], [ -74.110418699999968, 4.506500450000033 ], [ -74.10672797999996, 4.506457667000063 ] ] ] } },
{ "type": "Feature", "properties": { "camera_id": "DEI-001/CAM-01", "segment_id": "1001030", "distance_m": 17.84, "install_date": "2019-12-13T00:00:00", "accidents_pre": 1577, "accidents_post": 3724, "speed_pre_kph": 26.858, "speed_post_kph": 27.615, "n_pre_obs": 29657.0, "n_post_obs": 32255.0 }, "geometry": { "type": "MultiLineString", "coordinates": [ [ [ -74.139735985999948, 4.618520432000025 ], [ -74.140487004999954, 4.615440554000031 ], [ -74.141152192999982, 4.612317886000028 ], [ -74.141259480999963, 4.611013205000063 ] ] ] } },
{ "type": "Feature", "properties": { "camera_id": "DEI-001/CAM-01", "segment_id": "36", "distance_m": 31.423, "install_date": "2019-12-13T00:00:00", "accidents_pre": 1577, "accidents_post": 3724, "speed_pre_kph": 25.486, "speed_post_kph": 30.616, "n_pre_obs": 29545.0, "n_post_obs": 31566.0 }, "geometry": { "type": "MultiLineString", "coordinates": [ [ [ -74.106749437999952, 4.506778537000059 ], [ -74.109410188999959, 4.506735755000022 ], [ -74.111706159999983, 4.506757146000041 ], [ -74.112543009999968, 4.506842711000047 ], [ -74.113015077999989, 4.507078016000037 ], [ -74.113873384999977, 4.507655581000051 ] ], [ [ -74.11390309899997, 4.50809761000005 ], [ -74.114434176999964, 4.50856821800005 ], [ -74.114997439999968, 4.508937217000039 ], [ -74.115753822999977, 4.509316912000031 ], [ -74.117406063999965, 4.509980040000073 ], [ -74.120560341999976, 4.511220731000037 ], [ -74.120984130999943, 4.511439990000042 ], [ -74.121332817999985, 4.511691337000059 ], [ -74.12155275899994, 4.511985466000056 ], [ -74.121692233999966, 4.512274246000061 ], [ -74.121745877999956, 4.512488158000053 ], [ -74.121761971999945, 4.512766243000044 ], [ -74.121660047999967, 4.513279630000056 ], [ -74.121338182999978, 4.51464866200007 ], [ -74.121311359999936, 4.515392002000056 ], [ -74.121563487999936, 4.517215588000056 ], [ -74.12178879399994, 4.518835956000032 ], [ -74.121976547999964, 4.519670204000022 ], [ -74.122330599999941, 4.520450973000038 ], [ -74.122518353999965, 4.520729055000061 ] ], [ [ -74.122467182999969, 4.520672070000046 ], [ -74.123389862999943, 4.521805788000052 ], [ -74.124484203999941, 4.523025067000049 ], [ -74.125557087999937, 4.524201563000076 ], [ -74.12594332599997, 4.524886069000047 ], [ -74.126200817999973, 4.52610534300004 ], [ -74.126715801999978, 4.530319310000039 ], [ -74.127273701999968, 4.534169613000074 ], [ -74.127745769999933, 4.535453043000075 ], [ -74.128260753999939, 4.536201709000068 ], [ -74.12909760399998, 4.536971765000033 ], [ -74.131930015999956, 4.539110806000053 ], [ -74.13265957699997, 4.539752516000021 ], [ -74.13321747699996, 4.540330056000073 ] ], [ [ -74.133300624999947, 4.540412943000035 ], [ -74.133847795999941, 4.541434331000062 ], [ -74.134411059999934, 4.542509193000058 ], [ -74.135607324999967, 4.544824686000027 ], [ -74.136572919999935, 4.546813972000052 ], [ -74.136787496999943, 4.547605407000049 ], [ -74.136680208999962, 4.548418231000028 ], [ -74.136229596999954, 4.55025777700007 ], [ -74.136122308999973, 4.551177548000055 ], [ -74.136229596999954, 4.551862028000073 ], [ -74.136508546999949, 4.552546507000045 ] ], [ [ -74.136473677999959, 4.552559876000032 ], [ -74.137439273999973, 4.555169448000072 ], [ -74.138404868999942, 4.558078468000076 ], [ -74.138876937999953, 4.559404634000032 ], [ -74.13894131099994, 4.559896599000069 ], [ -74.138791106999975, 4.561030255000048 ], [ -74.138254664999977, 4.564538160000041 ], [ -74.137975714999982, 4.566677119000076 ], [ -74.137975714999982, 4.567746596000063 ], [ -74.138190291999933, 4.568880239000066 ], [ -74.139284632999988, 4.573115345000076 ] ], [ [ -74.139327548999972, 4.573265070000048 ], [ -74.139756701999943, 4.575093858000059 ], [ -74.140250228999946, 4.576377215000036 ], [ -74.140786670999944, 4.577307647000055 ], [ -74.142514012999982, 4.581414368000026 ], [ -74.142717860999937, 4.582002569000053 ], [ -74.142835877999971, 4.582473128000061 ], [ -74.142910979999954, 4.583189662000052 ], [ -74.143061183999976, 4.584141475000024 ], [ -74.143275759999938, 4.584783145000074 ], [ -74.144284270999947, 4.587189405000061 ], [ -74.144938729999978, 4.58895399000005 ], [ -74.145035289999953, 4.589264129000071 ], [ -74.145110390999946, 4.589670518000048 ], [ -74.145088933999943, 4.590387044000067 ], [ -74.145164035999983, 4.592932312000073 ], [ -74.145185492999985, 4.593809251000039 ], [ -74.145174763999989, 4.59580909500005 ], [ -74.145185492999985, 4.596675336000033 ], [ -74.144820712999945, 4.598311566000064 ], [ -74.144531033999954, 4.599081556000044 ], [ -74.143780015999937, 4.601188328000035 ] ], [ [ -74.143705655999952, 4.601292192000074 ], [ -74.141774464999969, 4.606382640000049 ], [ -74.141216565999969, 4.607901212000058 ], [ -74.140851784999938, 4.611109452000051 ] ], [ [ -74.14081959899994, 4.611323335000066 ], [ -74.140347529999985, 4.614028939000036 ], [ -74.139660884999955, 4.617055353000069 ], [ -74.13932829099997, 4.618434880000052 ] ], [ [ -74.139221001999942, 4.618670148000035 ], [ -74.138427067999942, 4.62179278800005 ], [ -74.138191033999988, 4.624209617000076 ], [ -74.138062287999958, 4.625685375000046 ] ], [ [ -74.137997914999971, 4.625920640000061 ], [ -74.137547303999952, 4.630262345000062 ], [ -74.137075234999941, 4.634646798000063 ], [ -74.136688996999965, 4.636486122000065 ], [ -74.135916520999956, 4.638582089000067 ], [ -74.135551739999983, 4.639159548000066 ] ], [ [ -74.13553028299998, 4.639352035000059 ], [ -74.134028245999957, 4.641704641000047 ], [ -74.132740784999953, 4.643223138000053 ], [ -74.13160352899996, 4.644506372000023 ] ], [ [ -74.131391633999954, 4.644688163000069 ], [ -74.129675019999979, 4.646302895000076 ], [ -74.126338351999948, 4.648922817000027 ], [ -74.121746410999947, 4.654119857000069 ], [ -74.12018, 4.656033984000032 ], [ -74.111285794999958, 4.666395842000043 ], [ -74.10676895499995, 4.671026014000063 ] ], [ [ -74.106532920999939, 4.671245224000074 ], [ -74.105283011999973, 4.672485634000054 ], [ -74.10390972099998, 4.67397733100006 ], [ -74.10365759299998, 4.67450664200004 ] ], [ [ -74.103633452999986, 4.674661693000076 ], [ -74.102946807999956, 4.675880711000048 ], [ -74.101101447999952, 4.678382898000052 ], [ -74.09951357999995, 4.680500127000073 ], [ -74.099277545999939, 4.680799533000027 ] ], [ [ -74.099159527999973, 4.680949235000071 ], [ -74.098687459999951, 4.681526660000031 ], [ -74.094159890999947, 4.688006613000027 ], [ -74.092400361999978, 4.690615686000058 ] ], [ [ -74.092314530999943, 4.690808159000028 ], [ -74.091220189999945, 4.692882578000024 ], [ -74.09061937499996, 4.694016021000039 ], [ -74.090190220999943, 4.694486507000022 ], [ -74.089814711999963, 4.694817985000043 ], [ -74.089278269999966, 4.695181541000068 ], [ -74.088484336999954, 4.69556648300005 ], [ -74.087497283999937, 4.695833804000074 ], [ -74.084643412999981, 4.696646458000032 ], [ -74.083334494999974, 4.696967242000028 ], [ -74.08284096899996, 4.69715971200003 ], [ -74.082508374999975, 4.697405647000039 ], [ -74.082089949999954, 4.697918901000037 ], [ -74.081821728999955, 4.698688781000044 ], [ -74.081059981999942, 4.70182175900004 ], [ -74.080877591999979, 4.702794797000024 ], [ -74.080931235999969, 4.703243891000056 ], [ -74.081231642999967, 4.704131385000039 ], [ -74.081746627999962, 4.705660439000042 ], [ -74.081714440999974, 4.706184379000035 ], [ -74.081532050999954, 4.706793861000051 ], [ -74.080287505999934, 4.709263860000021 ], [ -74.080030013999988, 4.709627409000063 ] ], [ [ -74.07988785699996, 4.70989739700002 ], [ -74.079775203999986, 4.710143327000026 ], [ -74.079228032999936, 4.710950618000027 ], [ -74.078723777999983, 4.711618905000023 ], [ -74.078074682999954, 4.712383424000052 ], [ -74.077087629999937, 4.714120964000074 ], [ -74.076556552999989, 4.715072600000042 ], [ -74.076282967999987, 4.715323874000035 ], [ -74.07597719599994, 4.71596007900007 ], [ -74.075424660999943, 4.717895421000037 ], [ -74.075059879999969, 4.719440483000028 ], [ -74.074882854999942, 4.720033915000045 ], [ -74.074705828999981, 4.721151275000068 ], [ -74.074566353999955, 4.721525510000049 ], [ -74.07418011599998, 4.722263287000033 ], [ -74.072340119999978, 4.724391075000028 ], [ -74.071363795999957, 4.725545851000049 ], [ -74.071095575999948, 4.725877315000048 ] ], [ [ -74.070902455999942, 4.726108537000073 ], [ -74.070290912999951, 4.726899771000035 ], [ -74.069743741999957, 4.727562696000064 ], [ -74.069250215999944, 4.728343236000057 ], [ -74.068488467999941, 4.729551467000022 ] ], [ [ -74.068389226999955, 4.729771996000068 ], [ -74.067230511999981, 4.732509220000054 ], [ -74.066458035999972, 4.735075357000028 ], [ -74.065814305999936, 4.737898097000027 ], [ -74.065342236999982, 4.74016483500003 ], [ -74.064998913999943, 4.742260491000025 ] ], [ [ -74.065084744999979, 4.742482352000025 ], [ -74.064998913999943, 4.743399199000066 ], [ -74.064950634999946, 4.744214471000021 ], [ -74.06487016799997, 4.745842338000045 ], [ -74.064746786999933, 4.747152113000027 ] ], [ [ -74.064744104999988, 4.747240322000039 ], [ -74.064829934999977, 4.748865509000041 ], [ -74.065302003999989, 4.753334753000047 ], [ -74.065580953999984, 4.755430369000067 ] ], [ [ -74.065579338999953, 4.755497074000061 ], [ -74.065772457999969, 4.756812176000039 ], [ -74.065976305999982, 4.757763753000063 ], [ -74.066180152999948, 4.758587026000043 ], [ -74.066233797999985, 4.758939858000076 ], [ -74.066158695999945, 4.75942099100007 ], [ -74.065987033999988, 4.759987658000057 ], [ -74.065793914999972, 4.760244262000072 ] ] ] } },
{ "type": "Feature", "properties": { "camera_id": "DEI-001/CAM-01", "segment_id": "1001249", "distance_m": 31.423, "install_date": "2019-12-13T00:00:00", "accidents_pre": 1577, "accidents_post": 3724, "speed_pre_kph": 15.643, "speed_post_kph": 16.978, "n_pre_obs": 30908.0, "n_post_obs": 31828.0 }, "geometry": { "type": "MultiLineString", "coordinates": [ [ [ -74.14081959899994, 4.611323335000066 ], [ -74.140347529999985, 4.614028939000036 ], [ -74.139660884999955, 4.617055353000069 ], [ -74.13932829099997, 4.618434880000052 ] ] ] } },
{ "type": "Feature", "properties": { "camera_id": "DEI-001/CAM-02", "segment_id": "36", "distance_m": 24.245, "install_date": "2019-12-13T00:00:00", "accidents_pre": 1577, "accidents_post": 3724, "speed_pre_kph": 25.486, "speed_post_kph": 30.616, "n_pre_obs": 29545.0, "n_post_obs": 31566.0 }, "geometry": { "type": "MultiLineString", "coordinates": [ [ [ -74.106749437999952, 4.506778537000059 ], [ -74.109410188999959, 4.506735755000022 ], [ -74.111706159999983, 4.506757146000041 ], [ -74.112543009999968, 4.506842711000047 ], [ -74.113015077999989, 4.507078016000037 ], [ -74.113873384999977, 4.507655581000051 ] ], [ [ -74.11390309899997, 4.50809761000005 ], [ -74.114434176999964, 4.50856821800005 ], [ -74.114997439999968, 4.508937217000039 ], [ -74.115753822999977, 4.509316912000031 ], [ -74.117406063999965, 4.509980040000073 ], [ -74.120560341999976, 4.511220731000037 ], [ -74.120984130999943, 4.511439990000042 ], [ -74.121332817999985, 4.511691337000059 ], [ -74.12155275899994, 4.511985466000056 ], [ -74.121692233999966, 4.512274246000061 ], [ -74.121745877999956, 4.512488158000053 ], [ -74.121761971999945, 4.512766243000044 ], [ -74.121660047999967, 4.513279630000056 ], [ -74.121338182999978, 4.51464866200007 ], [ -74.121311359999936, 4.515392002000056 ], [ -74.121563487999936, 4.517215588000056 ], [ -74.12178879399994, 4.518835956000032 ], [ -74.121976547999964, 4.519670204000022 ], [ -74.122330599999941, 4.520450973000038 ], [ -74.122518353999965, 4.520729055000061 ] ], [ [ -74.122467182999969, 4.520672070000046 ], [ -74.123389862999943, 4.521805788000052 ], [ -74.124484203999941, 4.523025067000049 ], [ -74.125557087999937, 4.524201563000076 ], [ -74.12594332599997, 4.524886069000047 ], [ -74.126200817999973, 4.52610534300004 ], [ -74.126715801999978, 4.530319310000039 ], [ -74.127273701999968, 4.534169613000074 ], [ -74.127745769999933, 4.535453043000075 ], [ -74.128260753999939, 4.536201709000068 ], [ -74.12909760399998, 4.536971765000033 ], [ -74.131930015999956, 4.539110806000053 ], [ -74.13265957699997, 4.539752516000021 ], [ -74.13321747699996, 4.540330056000073 ] ], [ [ -74.133300624999947, 4.540412943000035 ], [ -74.133847795999941, 4.541434331000062 ], [ -74.134411059999934, 4.542509193000058 ], [ -74.135607324999967, 4.544824686000027 ], [ -74.136572919999935, 4.546813972000052 ], [ -74.136787496999943, 4.547605407000049 ], [ -74.136680208999962, 4.548418231000028 ], [ -74.136229596999954, 4.55025777700007 ], [ -74.136122308999973, 4.551177548000055 ], [ -74.136229596999954, 4.551862028000073 ], [ -74.136508546999949, 4.552546507000045 ] ], [ [ -74.136473677999959, 4.552559876000032 ], [ -74.137439273999973, 4.555169448000072 ], [ -74.138404868999942, 4.558078468000076 ], [ -74.138876937999953, 4.559404634000032 ], [ -74.13894131099994, 4.559896599000069 ], [ -74.138791106999975, 4.561030255000048 ], [ -74.138254664999977, 4.564538160000041 ], [ -74.137975714999982, 4.566677119000076 ], [ -74.137975714999982, 4.567746596000063 ], [ -74.138190291999933, 4.568880239000066 ], [ -74.139284632999988, 4.573115345000076 ] ], [ [ -74.139327548999972, 4.573265070000048 ], [ -74.139756701999943, 4.575093858000059 ], [ -74.140250228999946, 4.576377215000036 ], [ -74.140786670999944, 4.577307647000055 ], [ -74.142514012999982, 4.581414368000026 ], [ -74.142717860999937, 4.582002569000053 ], [ -74.142835877999971, 4.582473128000061 ], [ -74.142910979999954, 4.583189662000052 ], [ -74.143061183999976, 4.584141475000024 ], [ -74.143275759999938, 4.584783145000074 ], [ -74.144284270999947, 4.587189405000061 ], [ -74.144938729999978, 4.58895399000005 ], [ -74.145035289999953, 4.589264129000071 ], [ -74.145110390999946, 4.589670518000048 ], [ -74.145088933999943, 4.590387044000067 ], [ -74.145164035999983, 4.592932312000073 ], [ -74.145185492999985, 4.593809251000039 ], [ -74.145174763999989, 4.59580909500005 ], [ -74.145185492999985, 4.596675336000033 ], [ -74.144820712999945, 4.598311566000064 ], [ -74.144531033999954, 4.599081556000044 ], [ -74.143780015999937, 4.601188328000035 ] ], [ [ -74.143705655999952, 4.601292192000074 ], [ -74.141774464999969, 4.606382640000049 ], [ -74.141216565999969, 4.607901212000058 ], [ -74.140851784999938, 4.611109452000051 ] ], [ [ -74.14081959899994, 4.611323335000066 ], [ -74.140347529999985, 4.614028939000036 ], [ -74.139660884999955, 4.617055353000069 ], [ -74.13932829099997, 4.618434880000052 ] ], [ [ -74.139221001999942, 4.618670148000035 ], [ -74.138427067999942, 4.62179278800005 ], [ -74.138191033999988, 4.624209617000076 ], [ -74.138062287999958, 4.625685375000046 ] ], [ [ -74.137997914999971, 4.625920640000061 ], [ -74.137547303999952, 4.630262345000062 ], [ -74.137075234999941, 4.634646798000063 ], [ -74.136688996999965, 4.636486122000065 ], [ -74.135916520999956, 4.638582089000067 ], [ -74.135551739999983, 4.639159548000066 ] ], [ [ -74.13553028299998, 4.639352035000059 ], [ -74.134028245999957, 4.641704641000047 ], [ -74.132740784999953, 4.643223138000053 ], [ -74.13160352899996, 4.644506372000023 ] ], [ [ -74.131391633999954, 4.644688163000069 ], [ -74.129675019999979, 4.646302895000076 ], [ -74.126338351999948, 4.648922817000027 ], [ -74.121746410999947, 4.654119857000069 ], [ -74.12018, 4.656033984000032 ], [ -74.111285794999958, 4.666395842000043 ], [ -74.10676895499995, 4.671026014000063 ] ], [ [ -74.106532920999939, 4.671245224000074 ], [ -74.105283011999973, 4.672485634000054 ], [ -74.10390972099998, 4.67397733100006 ], [ -74.10365759299998, 4.67450664200004 ] ], [ [ -74.103633452999986, 4.674661693000076 ], [ -74.102946807999956, 4.675880711000048 ], [ -74.101101447999952, 4.678382898000052 ], [ -74.09951357999995, 4.680500127000073 ], [ -74.099277545999939, 4.680799533000027 ] ], [ [ -74.099159527999973, 4.680949235000071 ], [ -74.098687459999951, 4.681526660000031 ], [ -74.094159890999947, 4.688006613000027 ], [ -74.092400361999978, 4.690615686000058 ] ], [ [ -74.092314530999943, 4.690808159000028 ], [ -74.091220189999945, 4.692882578000024 ], [ -74.09061937499996, 4.694016021000039 ], [ -74.090190220999943, 4.694486507000022 ], [ -74.089814711999963, 4.694817985000043 ], [ -74.089278269999966, 4.695181541000068 ], [ -74.088484336999954, 4.69556648300005 ], [ -74.087497283999937, 4.695833804000074 ], [ -74.084643412999981, 4.696646458000032 ], [ -74.083334494999974, 4.696967242000028 ], [ -74.08284096899996, 4.69715971200003 ], [ -74.082508374999975, 4.697405647000039 ], [ -74.082089949999954, 4.697918901000037 ], [ -74.081821728999955, 4.698688781000044 ], [ -74.081059981999942, 4.70182175900004 ], [ -74.080877591999979, 4.702794797000024 ], [ -74.080931235999969, 4.703243891000056 ], [ -74.081231642999967, 4.704131385000039 ], [ -74.081746627999962, 4.705660439000042 ], [ -74.081714440999974, 4.706184379000035 ], [ -74.081532050999954, 4.706793861000051 ], [ -74.080287505999934, 4.709263860000021 ], [ -74.080030013999988, 4.709627409000063 ] ], [ [ -74.07988785699996, 4.70989739700002 ], [ -74.079775203999986, 4.710143327000026 ], [ -74.079228032999936, 4.710950618000027 ], [ -74.078723777999983, 4.711618905000023 ], [ -74.078074682999954, 4.712383424000052 ], [ -74.077087629999937, 4.714120964000074 ], [ -74.076556552999989, 4.715072600000042 ], [ -74.076282967999987, 4.715323874000035 ], [ -74.07597719599994, 4.71596007900007 ], [ -74.075424660999943, 4.717895421000037 ], [ -74.075059879999969, 4.719440483000028 ], [ -74.074882854999942, 4.720033915000045 ], [ -74.074705828999981, 4.721151275000068 ], [ -74.074566353999955, 4.721525510000049 ], [ -74.07418011599998, 4.722263287000033 ], [ -74.072340119999978, 4.724391075000028 ], [ -74.071363795999957, 4.725545851000049 ], [ -74.071095575999948, 4.725877315000048 ] ], [ [ -74.070902455999942, 4.726108537000073 ], [ -74.070290912999951, 4.726899771000035 ], [ -74.069743741999957, 4.727562696000064 ], [ -74.069250215999944, 4.728343236000057 ], [ -74.068488467999941, 4.729551467000022 ] ], [ [ -74.068389226999955, 4.729771996000068 ], [ -74.067230511999981, 4.732509220000054 ], [ -74.066458035999972, 4.735075357000028 ], [ -74.065814305999936, 4.737898097000027 ], [ -74.065342236999982, 4.74016483500003 ], [ -74.064998913999943, 4.742260491000025 ] ], [ [ -74.065084744999979, 4.742482352000025 ], [ -74.064998913999943, 4.743399199000066 ], [ -74.064950634999946, 4.744214471000021 ], [ -74.06487016799997, 4.745842338000045 ], [ -74.064746786999933, 4.747152113000027 ] ], [ [ -74.064744104999988, 4.747240322000039 ], [ -74.064829934999977, 4.748865509000041 ], [ -74.065302003999989, 4.753334753000047 ], [ -74.065580953999984, 4.755430369000067 ] ], [ [ -74.065579338999953, 4.755497074000061 ], [ -74.065772457999969, 4.756812176000039 ], [ -74.065976305999982, 4.757763753000063 ], [ -74.066180152999948, 4.758587026000043 ], [ -74.066233797999985, 4.758939858000076 ], [ -74.066158695999945, 4.75942099100007 ], [ -74.065987033999988, 4.759987658000057 ], [ -74.065793914999972, 4.760244262000072 ] ] ] } },
{ "type": "Feature", "properties": { "camera_id": "DEI-001/CAM-02", "segment_id": "1001249", "distance_m": 24.245, "install_date": "2019-12-13T00:00:00", "accidents_pre": 1577, "accidents_post": 3724, "speed_pre_kph": 15.643, "speed_post_kph": 16.978, "n_pre_obs": 30908.0, "n_post_obs": 31828.0 }, "geometry": { "type": "MultiLineString", "coordinates": [ [ [ -74.14081959899994, 4.611323335000066 ], [ -74.140347529999985, 4.614028939000036 ], [ -74.139660884999955, 4.617055353000069 ], [ -74.13932829099997, 4.618434880000052 ] ] ] } },
{ "type": "Feature", "properties": { "camera_id": "DEI-001/CAM-02", "segment_id": "35", "distance_m": 25.478, "install_date": "2019-12-13T00:00:00", "accidents_pre": 1577, "accidents_post": 3724, "speed_pre_kph": 28.055, "speed_post_kph": 31.824, "n_pre_obs": 29768.0, "n_post_obs": 32699.0 }, "geometry": { "type": "MultiLineString", "coordinates": [ [ [ -74.065944118999937, 4.760351180000043 ], [ -74.066190881999944, 4.759966274000021 ], [ -74.066255254999987, 4.759656211000049 ], [ -74.066394729999956, 4.759014701000069 ], [ -74.066416187999948, 4.758672561000026 ], [ -74.066233797999985, 4.757977590000053 ], [ -74.065901203999942, 4.756534187000057 ], [ -74.065729541999985, 4.755497074000061 ] ], [ [ -74.065731156999959, 4.755366218000063 ], [ -74.065216172999953, 4.751581273000056 ], [ -74.065065969999978, 4.749528413000064 ], [ -74.064958680999951, 4.748223988000063 ], [ -74.064980138999942, 4.747261706000074 ] ], [ [ -74.064964045999943, 4.747189535000075 ], [ -74.065071333999981, 4.745842338000045 ], [ -74.06515716499996, 4.744986973000039 ], [ -74.065178621999962, 4.744131607000043 ], [ -74.065242994999949, 4.743201396000075 ], [ -74.065267134999942, 4.742546505000064 ] ], [ [ -74.06537442399997, 4.742485025000065 ], [ -74.065524626999945, 4.74141581400005 ], [ -74.06603961199994, 4.738614473000041 ], [ -74.066812087999949, 4.735150203000046 ], [ -74.06736998699995, 4.733204216000047 ], [ -74.068743277999943, 4.729889611000033 ] ], [ [ -74.068882752999968, 4.729579535000028 ], [ -74.069483567999953, 4.728553073000057 ], [ -74.070556450999959, 4.727184455000042 ], [ -74.071200181999984, 4.726329067000052 ] ], [ [ -74.071353067999951, 4.726077796000027 ], [ -74.074013818999958, 4.722870082000043 ], [ -74.075129617999949, 4.72107375500002 ], [ -74.075365651999959, 4.720154205000028 ], [ -74.075537313999973, 4.718657260000043 ], [ -74.075558770999976, 4.71848618100006 ], [ -74.076052297999979, 4.716540148000036 ], [ -74.076395620999961, 4.715684747000068 ], [ -74.077039350999939, 4.714636879000068 ], [ -74.078176606999989, 4.712776376000022 ], [ -74.078906167999946, 4.711749889000032 ], [ -74.079442609999944, 4.711129719000041 ], [ -74.080000508999944, 4.710210156000073 ] ], [ [ -74.080080975999977, 4.710076498000035 ], [ -74.081194091999976, 4.70805559300004 ], [ -74.081880737999938, 4.706606739000051 ], [ -74.081982661999973, 4.706013297000027 ], [ -74.081923652999933, 4.705521434000048 ], [ -74.081456948999971, 4.704077921000021 ], [ -74.081285287999947, 4.703548633000025 ], [ -74.081215549999968, 4.703153002000022 ], [ -74.081242371999963, 4.702618367000071 ], [ -74.081574965999948, 4.701404742000022 ], [ -74.081918288999987, 4.70006814900006 ], [ -74.082368899999949, 4.698309188000053 ], [ -74.082556654999962, 4.69788147600002 ], [ -74.082862425999963, 4.69755 ], [ -74.083441783999945, 4.697170405000065 ], [ -74.085850406999953, 4.696544876000075 ], [ -74.088301945999945, 4.695833804000074 ], [ -74.088870574999987, 4.695625293000035 ], [ -74.089439202999984, 4.695304509000039 ], [ -74.089750338999977, 4.695122730000037 ], [ -74.089954186999989, 4.694999763000055 ], [ -74.090442348999943, 4.694695017000072 ], [ -74.090748120999933, 4.694352846000072 ], [ -74.091289926999934, 4.693294253000033 ], [ -74.09180491099994, 4.692273084000021 ], [ -74.092448640999976, 4.691091520000043 ], [ -74.092588115999945, 4.690840237000032 ] ], [ [ -74.092765141999962, 4.690840237000032 ], [ -74.096992303999968, 4.684830802000022 ], [ -74.098816205999981, 4.682093391000024 ], [ -74.099438477999968, 4.681323492000047 ] ], [ [ -74.099599410999986, 4.681098938000048 ], [ -74.101509143999976, 4.678596760000062 ], [ -74.103161383999975, 4.676372595000032 ], [ -74.103762198999959, 4.675581303000058 ], [ -74.10386948699994, 4.675068033000059 ] ], [ [ -74.104244996999967, 4.674287433000075 ], [ -74.105081845999962, 4.673389207000071 ], [ -74.106873561999976, 4.671560674000034 ] ], [ [ -74.107187379999971, 4.671459088000063 ], [ -74.112251390999973, 4.666283563000036 ], [ -74.118559945999948, 4.658926551000036 ], [ -74.125683892999973, 4.650585660000047 ], [ -74.127057183999966, 4.649302437000074 ], [ -74.131177056999945, 4.646051596000063 ], [ -74.131777871999986, 4.645495529000073 ] ], [ [ -74.131946850999952, 4.645147988000076 ], [ -74.132740784999953, 4.644185563000065 ], [ -74.133813668999949, 4.64268845600003 ], [ -74.134993840999982, 4.641063022000026 ], [ -74.135852147999969, 4.639608683000063 ] ], [ [ -74.135959435999951, 4.639352035000059 ], [ -74.13651733599994, 4.638218503000076 ], [ -74.136882115999981, 4.63710635800004 ], [ -74.137289811999949, 4.635823110000047 ], [ -74.137611676999938, 4.633491872000036 ], [ -74.137869168999941, 4.631096463000063 ], [ -74.138362694999955, 4.62585647700007 ] ], [ [ -74.138427067999942, 4.625663987000053 ], [ -74.138684559999945, 4.623140224000053 ], [ -74.138942052999937, 4.621407806000036 ], [ -74.139521409999986, 4.618841252000038 ] ], [ [ -74.139735985999948, 4.618520432000025 ], [ -74.140487004999954, 4.615440554000031 ], [ -74.141152192999982, 4.612317886000028 ], [ -74.141259480999963, 4.611013205000063 ] ], [ [ -74.141345311999942, 4.610831406000045 ], [ -74.141624261999937, 4.608157872000049 ], [ -74.143791485999941, 4.602254674000051 ], [ -74.144113351999977, 4.601399134000076 ] ], [ [ -74.144185770999968, 4.60133229500002 ], [ -74.145258654999964, 4.598252342000023 ], [ -74.145430315999988, 4.597482352000043 ], [ -74.145559061999961, 4.596199033000062 ], [ -74.145559061999961, 4.59465904700005 ], [ -74.145559061999961, 4.589739626000039 ], [ -74.145301569999958, 4.588584627000046 ], [ -74.143670786999962, 4.584477947000039 ], [ -74.143499125999938, 4.583879054000022 ], [ -74.143263090999938, 4.582146540000053 ], [ -74.143027056999983, 4.581184030000031 ], [ -74.141761053999971, 4.578275104000056 ], [ -74.140301932999989, 4.575301998000043 ], [ -74.139679659999956, 4.573098897000023 ] ], [ [ -74.139778159999935, 4.572976314000073 ], [ -74.138876937999953, 4.569211776000031 ], [ -74.138576529999966, 4.567671732000065 ], [ -74.138662360999945, 4.566559476000066 ], [ -74.139520667999989, 4.560099802000025 ], [ -74.139477752999937, 4.559415329000046 ], [ -74.137031577999949, 4.552399451000042 ] ], [ [ -74.136935017999974, 4.552239026000052 ], [ -74.136666796999975, 4.551265781000041 ], [ -74.136677525999971, 4.550656166000067 ], [ -74.137299798999948, 4.548367429000052 ], [ -74.137342713999942, 4.547640166000065 ], [ -74.13726761199996, 4.546902206000027 ], [ -74.135229132999939, 4.543009190000021 ], [ -74.133812926999951, 4.540314013000057 ] ], [ [ -74.133668087999979, 4.540094762000024 ], [ -74.133131645999981, 4.539367490000075 ], [ -74.132015846999934, 4.53851187500004 ], [ -74.130857132999949, 4.537592088000054 ], [ -74.129719875999967, 4.536779251000041 ], [ -74.128968857999951, 4.536094757000058 ], [ -74.128432415999953, 4.535495824000066 ], [ -74.128024719999985, 4.534789938000074 ], [ -74.127724312999987, 4.533592069000065 ], [ -74.127295158999971, 4.530233747000068 ], [ -74.126908920999938, 4.527025145000039 ], [ -74.12660851399994, 4.525442229000021 ], [ -74.126157902999978, 4.524222954000038 ], [ -74.125170849999961, 4.523025067000049 ], [ -74.122939251999981, 4.520500943000059 ] ], [ [ -74.122856312999943, 4.520461668000053 ], [ -74.122212582999964, 4.518964302000029 ], [ -74.121998005999956, 4.51661129200005 ], [ -74.121869259999983, 4.515071136000074 ], [ -74.122212582999964, 4.513488194000047 ], [ -74.122384243999988, 4.512760895000042 ], [ -74.122083836999934, 4.511776902000065 ], [ -74.121096783999974, 4.510750124000026 ], [ -74.119208508999975, 4.510108388000049 ], [ -74.115946941999937, 4.508867695000049 ], [ -74.114359074999982, 4.507883697000068 ], [ -74.114101582999979, 4.507584218000034 ] ], [ [ -74.113980673999947, 4.507377494000025 ], [ -74.112929247999944, 4.506671581000035 ], [ -74.112328432999959, 4.506479059000071 ], [ -74.110418699999968, 4.506500450000033 ], [ -74.10672797999996, 4.506457667000063 ] ] ] } },
{ "type": "Feature", "properties": { "camera_id": "DEI-001/CAM-02", "segment_id": "1001030", "distance_m": 25.478, "install_date": "2019-12-13T00:00:00", "accidents_pre": 1577, "accidents_post": 3724, "speed_pre_kph": 26.858, "speed_post_kph": 27.615, "n_pre_obs": 29657.0, "n_post_obs": 32255.0 }, "geometry": { "type": "MultiLineString", "coordinates": [ [ [ -74.139735985999948, 4.618520432000025 ], [ -74.140487004999954, 4.615440554000031 ], [ -74.141152192999982, 4.612317886000028 ], [ -74.141259480999963, 4.611013205000063 ] ] ] } },
{ "type": "Feature", "properties": { "camera_id": "DEI-002/CAM-01", "segment_id": "35", "distance_m": 13.804, "install_date": "2019-12-13T00:00:00", "accidents_pre": 1577, "accidents_post": 3724, "speed_pre_kph": 28.055, "speed_post_kph": 31.824, "n_pre_obs": 29768.0, "n_post_obs": 32699.0 }, "geometry": { "type": "MultiLineString", "coordinates": [ [ [ -74.065944118999937, 4.760351180000043 ], [ -74.066190881999944, 4.759966274000021 ], [ -74.066255254999987, 4.759656211000049 ], [ -74.066394729999956, 4.759014701000069 ], [ -74.066416187999948, 4.758672561000026 ], [ -74.066233797999985, 4.757977590000053 ], [ -74.065901203999942, 4.756534187000057 ], [ -74.065729541999985, 4.755497074000061 ] ], [ [ -74.065731156999959, 4.755366218000063 ], [ -74.065216172999953, 4.751581273000056 ], [ -74.065065969999978, 4.749528413000064 ], [ -74.064958680999951, 4.748223988000063 ], [ -74.064980138999942, 4.747261706000074 ] ], [ [ -74.064964045999943, 4.747189535000075 ], [ -74.065071333999981, 4.745842338000045 ], [ -74.06515716499996, 4.744986973000039 ], [ -74.065178621999962, 4.744131607000043 ], [ -74.065242994999949, 4.743201396000075 ], [ -74.065267134999942, 4.742546505000064 ] ], [ [ -74.06537442399997, 4.742485025000065 ], [ -74.065524626999945, 4.74141581400005 ], [ -74.06603961199994, 4.738614473000041 ], [ -74.066812087999949, 4.735150203000046 ], [ -74.06736998699995, 4.733204216000047 ], [ -74.068743277999943, 4.729889611000033 ] ], [ [ -74.068882752999968, 4.729579535000028 ], [ -74.069483567999953, 4.728553073000057 ], [ -74.070556450999959, 4.727184455000042 ], [ -74.071200181999984, 4.726329067000052 ] ], [ [ -74.071353067999951, 4.726077796000027 ], [ -74.074013818999958, 4.722870082000043 ], [ -74.075129617999949, 4.72107375500002 ], [ -74.075365651999959, 4.720154205000028 ], [ -74.075537313999973, 4.718657260000043 ], [ -74.075558770999976, 4.71848618100006 ], [ -74.076052297999979, 4.716540148000036 ], [ -74.076395620999961, 4.715684747000068 ], [ -74.077039350999939, 4.714636879000068 ], [ -74.078176606999989, 4.712776376000022 ], [ -74.078906167999946, 4.711749889000032 ], [ -74.079442609999944, 4.711129719000041 ], [ -74.080000508999944, 4.710210156000073 ] ], [ [ -74.080080975999977, 4.710076498000035 ], [ -74.081194091999976, 4.70805559300004 ], [ -74.081880737999938, 4.706606739000051 ], [ -74.081982661999973, 4.706013297000027 ], [ -74.081923652999933, 4.705521434000048 ], [ -74.081456948999971, 4.704077921000021 ], [ -74.081285287999947, 4.703548633000025 ], [ -74.081215549999968, 4.703153002000022 ], [ -74.081242371999963, 4.702618367000071 ], [ -74.081574965999948, 4.701404742000022 ], [ -74.081918288999987, 4.70006814900006 ], [ -74.082368899999949, 4.698309188000053 ], [ -74.082556654999962, 4.69788147600002 ], [ -74.082862425999963, 4.69755 ], [ -74.083441783999945, 4.697170405000065 ], [ -74.085850406999953, 4.696544876000075 ], [ -74.088301945999945, 4.695833804000074 ], [ -74.088870574999987, 4.695625293000035 ], [ -74.089439202999984, 4.695304509000039 ], [ -74.089750338999977, 4.695122730000037 ], [ -74.089954186999989, 4.694999763000055 ], [ -74.090442348999943, 4.694695017000072 ], [ -74.090748120999933, 4.694352846000072 ], [ -74.091289926999934, 4.693294253000033 ], [ -74.09180491099994, 4.692273084000021 ], [ -74.092448640999976, 4.691091520000043 ], [ -74.092588115999945, 4.690840237000032 ] ], [ [ -74.092765141999962, 4.690840237000032 ], [ -74.096992303999968, 4.684830802000022 ], [ -74.098816205999981, 4.682093391000024 ], [ -74.099438477999968, 4.681323492000047 ] ], [ [ -74.099599410999986, 4.681098938000048 ], [ -74.101509143999976, 4.678596760000062 ], [ -74.103161383999975, 4.676372595000032 ], [ -74.103762198999959, 4.675581303000058 ], [ -74.10386948699994, 4.675068033000059 ] ], [ [ -74.104244996999967, 4.674287433000075 ], [ -74.105081845999962, 4.673389207000071 ], [ -74.106873561999976, 4.671560674000034 ] ], [ [ -74.107187379999971, 4.671459088000063 ], [ -74.112251390999973, 4.666283563000036 ], [ -74.118559945999948, 4.658926551000036 ], [ -74.125683892999973, 4.650585660000047 ], [ -74.127057183999966, 4.649302437000074 ], [ -74.131177056999945, 4.646051596000063 ], [ -74.131777871999986, 4.645495529000073 ] ], [ [ -74.131946850999952, 4.645147988000076 ], [ -74.132740784999953, 4.644185563000065 ], [ -74.133813668999949, 4.64268845600003 ], [ -74.134993840999982, 4.641063022000026 ], [ -74.135852147999969, 4.639608683000063 ] ], [ [ -74.135959435999951, 4.639352035000059 ], [ -74.13651733599994, 4.638218503000076 ], [ -74.136882115999981, 4.63710635800004 ], [ -74.137289811999949, 4.635823110000047 ], [ -74.137611676999938, 4.633491872000036 ], [ -74.137869168999941, 4.631096463000063 ], [ -74.138362694999955, 4.62585647700007 ] ], [ [ -74.138427067999942, 4.625663987000053 ], [ -74.138684559999945, 4.623140224000053 ], [ -74.138942052999937, 4.621407806000036 ], [ -74.139521409999986, 4.618841252000038 ] ], [ [ -74.139735985999948, 4.618520432000025 ], [ -74.140487004999954, 4.615440554000031 ], [ -74.141152192999982, 4.612317886000028 ], [ -74.141259480999963, 4.611013205000063 ] ], [ [ -74.141345311999942, 4.610831406000045 ], [ -74.141624261999937, 4.608157872000049 ], [ -74.143791485999941, 4.602254674000051 ], [ -74.144113351999977, 4.601399134000076 ] ], [ [ -74.144185770999968, 4.60133229500002 ], [ -74.145258654999964, 4.598252342000023 ], [ -74.145430315999988, 4.597482352000043 ], [ -74.145559061999961, 4.596199033000062 ], [ -74.145559061999961, 4.59465904700005 ], [ -74.145559061999961, 4.589739626000039 ], [ -74.145301569999958, 4.588584627000046 ], [ -74.143670786999962, 4.584477947000039 ], [ -74.143499125999938, 4.583879054000022 ], [ -74.143263090999938, 4.582146540000053 ], [ -74.143027056999983, 4.581184030000031 ], [ -74.141761053999971, 4.578275104000056 ], [ -74.140301932999989, 4.575301998000043 ], [ -74.139679659999956, 4.573098897000023 ] ], [ [ -74.139778159999935, 4.572976314000073 ], [ -74.138876937999953, 4.569211776000031 ], [ -74.138576529999966, 4.567671732000065 ], [ -74.138662360999945, 4.566559476000066 ], [ -74.139520667999989, 4.560099802000025 ], [ -74.139477752999937, 4.559415329000046 ], [ -74.137031577999949, 4.552399451000042 ] ], [ [ -74.136935017999974, 4.552239026000052 ], [ -74.136666796999975, 4.551265781000041 ], [ -74.136677525999971, 4.550656166000067 ], [ -74.137299798999948, 4.548367429000052 ], [ -74.137342713999942, 4.547640166000065 ], [ -74.13726761199996, 4.546902206000027 ], [ -74.135229132999939, 4.543009190000021 ], [ -74.133812926999951, 4.540314013000057 ] ], [ [ -74.133668087999979, 4.540094762000024 ], [ -74.133131645999981, 4.539367490000075 ], [ -74.132015846999934, 4.53851187500004 ], [ -74.130857132999949, 4.537592088000054 ], [ -74.129719875999967, 4.536779251000041 ], [ -74.128968857999951, 4.536094757000058 ], [ -74.128432415999953, 4.535495824000066 ], [ -74.128024719999985, 4.534789938000074 ], [ -74.127724312999987, 4.533592069000065 ], [ -74.127295158999971, 4.530233747000068 ], [ -74.126908920999938, 4.527025145000039 ], [ -74.12660851399994, 4.525442229000021 ], [ -74.126157902999978, 4.524222954000038 ], [ -74.125170849999961, 4.523025067000049 ], [ -74.122939251999981, 4.520500943000059 ] ], [ [ -74.122856312999943, 4.520461668000053 ], [ -74.122212582999964, 4.518964302000029 ], [ -74.121998005999956, 4.51661129200005 ], [ -74.121869259999983, 4.515071136000074 ], [ -74.122212582999964, 4.513488194000047 ], [ -74.122384243999988, 4.512760895000042 ], [ -74.122083836999934, 4.511776902000065 ], [ -74.121096783999974, 4.510750124000026 ], [ -74.119208508999975, 4.510108388000049 ], [ -74.115946941999937, 4.508867695000049 ], [ -74.114359074999982, 4.507883697000068 ], [ -74.114101582999979, 4.507584218000034 ] ], [ [ -74.113980673999947, 4.507377494000025 ], [ -74.112929247999944, 4.506671581000035 ], [ -74.112328432999959, 4.506479059000071 ], [ -74.110418699999968, 4.506500450000033 ], [ -74.10672797999996, 4.506457667000063 ] ] ] } },
{ "type": "Feature", "properties": { "camera_id": "DEI-002/CAM-01", "segment_id": "1001026", "distance_m": 13.804, "install_date": "2019-12-13T00:00:00", "accidents_pre": 1577, "accidents_post": 3724, "speed_pre_kph": 32.03, "speed_post_kph": 34.53, "n_pre_obs": 29986.0, "n_post_obs": 33581.0 }, "geometry": { "type": "MultiLineString", "coordinates": [ [ [ -74.135959435999951, 4.639352035000059 ], [ -74.13651733599994, 4.638218503000076 ], [ -74.136882115999981, 4.63710635800004 ], [ -74.137289811999949, 4.635823110000047 ], [ -74.137611676999938, 4.633491872000036 ], [ -74.137869168999941, 4.631096463000063 ], [ -74.138362694999955, 4.62585647700007 ] ] ] } },
{ "type": "Feature", "properties": { "camera_id": "DEI-002/CAM-01", "segment_id": "36", "distance_m": 28.632, "install_date": "2019-12-13T00:00:00", "accidents_pre": 1577, "accidents_post": 3724, "speed_pre_kph": 25.486, "speed_post_kph": 30.616, "n_pre_obs": 29545.0, "n_post_obs": 31566.0 }, "geometry": { "type": "MultiLineString", "coordinates": [ [ [ -74.106749437999952, 4.506778537000059 ], [ -74.109410188999959, 4.506735755000022 ], [ -74.111706159999983, 4.506757146000041 ], [ -74.112543009999968, 4.506842711000047 ], [ -74.113015077999989, 4.507078016000037 ], [ -74.113873384999977, 4.507655581000051 ] ], [ [ -74.11390309899997, 4.50809761000005 ], [ -74.114434176999964, 4.50856821800005 ], [ -74.114997439999968, 4.508937217000039 ], [ -74.115753822999977, 4.509316912000031 ], [ -74.117406063999965, 4.509980040000073 ], [ -74.120560341999976, 4.511220731000037 ], [ -74.120984130999943, 4.511439990000042 ], [ -74.121332817999985, 4.511691337000059 ], [ -74.12155275899994, 4.511985466000056 ], [ -74.121692233999966, 4.512274246000061 ], [ -74.121745877999956, 4.512488158000053 ], [ -74.121761971999945, 4.512766243000044 ], [ -74.121660047999967, 4.513279630000056 ], [ -74.121338182999978, 4.51464866200007 ], [ -74.121311359999936, 4.515392002000056 ], [ -74.121563487999936, 4.517215588000056 ], [ -74.12178879399994, 4.518835956000032 ], [ -74.121976547999964, 4.519670204000022 ], [ -74.122330599999941, 4.520450973000038 ], [ -74.122518353999965, 4.520729055000061 ] ], [ [ -74.122467182999969, 4.520672070000046 ], [ -74.123389862999943, 4.521805788000052 ], [ -74.124484203999941, 4.523025067000049 ], [ -74.125557087999937, 4.524201563000076 ], [ -74.12594332599997, 4.524886069000047 ], [ -74.126200817999973, 4.52610534300004 ], [ -74.126715801999978, 4.530319310000039 ], [ -74.127273701999968, 4.534169613000074 ], [ -74.127745769999933, 4.535453043000075 ], [ -74.128260753999939, 4.536201709000068 ], [ -74.12909760399998, 4.536971765000033 ], [ -74.131930015999956, 4.539110806000053 ], [ -74.13265957699997, 4.539752516000021 ], [ -74.13321747699996, 4.540330056000073 ] ], [ [ -74.133300624999947, 4.540412943000035 ], [ -74.133847795999941, 4.541434331000062 ], [ -74.134411059999934, 4.542509193000058 ], [ -74.135607324999967, 4.544824686000027 ], [ -74.136572919999935, 4.546813972000052 ], [ -74.136787496999943, 4.547605407000049 ], [ -74.136680208999962, 4.548418231000028 ], [ -74.136229596999954, 4.55025777700007 ], [ -74.136122308999973, 4.551177548000055 ], [ -74.136229596999954, 4.551862028000073 ], [ -74.136508546999949, 4.552546507000045 ] ], [ [ -74.136473677999959, 4.552559876000032 ], [ -74.137439273999973, 4.555169448000072 ], [ -74.138404868999942, 4.558078468000076 ], [ -74.138876937999953, 4.559404634000032 ], [ -74.13894131099994, 4.559896599000069 ], [ -74.138791106999975, 4.561030255000048 ], [ -74.138254664999977, 4.564538160000041 ], [ -74.137975714999982, 4.566677119000076 ], [ -74.137975714999982, 4.567746596000063 ], [ -74.138190291999933, 4.568880239000066 ], [ -74.139284632999988, 4.573115345000076 ] ], [ [ -74.139327548999972, 4.573265070000048 ], [ -74.139756701999943, 4.575093858000059 ], [ -74.140250228999946, 4.576377215000036 ], [ -74.140786670999944, 4.577307647000055 ], [ -74.142514012999982, 4.581414368000026 ], [ -74.142717860999937, 4.582002569000053 ], [ -74.142835877999971, 4.582473128000061 ], [ -74.142910979999954, 4.583189662000052 ], [ -74.143061183999976, 4.584141475000024 ], [ -74.143275759999938, 4.584783145000074 ], [ -74.144284270999947, 4.587189405000061 ], [ -74.144938729999978, 4.58895399000005 ], [ -74.145035289999953, 4.589264129000071 ], [ -74.145110390999946, 4.589670518000048 ], [ -74.145088933999943, 4.590387044000067 ], [ -74.145164035999983, 4.592932312000073 ], [ -74.145185492999985, 4.593809251000039 ], [ -74.145174763999989, 4.59580909500005 ], [ -74.145185492999985, 4.596675336000033 ], [ -74.144820712999945, 4.598311566000064 ], [ -74.144531033999954, 4.599081556000044 ], [ -74.143780015999937, 4.601188328000035 ] ], [ [ -74.143705655999952, 4.601292192000074 ], [ -74.141774464999969, 4.606382640000049 ], [ -74.141216565999969, 4.607901212000058 ], [ -74.140851784999938, 4.611109452000051 ] ], [ [ -74.14081959899994, 4.611323335000066 ], [ -74.140347529999985, 4.614028939000036 ], [ -74.139660884999955, 4.617055353000069 ], [ -74.13932829099997, 4.618434880000052 ] ], [ [ -74.139221001999942, 4.618670148000035 ], [ -74.138427067999942, 4.62179278800005 ], [ -74.138191033999988, 4.624209617000076 ], [ -74.138062287999958, 4.625685375000046 ] ], [ [ -74.137997914999971, 4.625920640000061 ], [ -74.137547303999952, 4.630262345000062 ], [ -74.137075234999941, 4.634646798000063 ], [ -74.136688996999965, 4.636486122000065 ], [ -74.135916520999956, 4.638582089000067 ], [ -74.135551739999983, 4.639159548000066 ] ], [ [ -74.13553028299998, 4.639352035000059 ], [ -74.134028245999957, 4.641704641000047 ], [ -74.132740784999953, 4.643223138000053 ], [ -74.13160352899996, 4.644506372000023 ] ], [ [ -74.131391633999954, 4.644688163000069 ], [ -74.129675019999979, 4.646302895000076 ], [ -74.126338351999948, 4.648922817000027 ], [ -74.121746410999947, 4.654119857000069 ], [ -74.12018, 4.656033984000032 ], [ -74.111285794999958, 4.666395842000043 ], [ -74.10676895499995, 4.671026014000063 ] ], [ [ -74.106532920999939, 4.671245224000074 ], [ -74.105283011999973, 4.672485634000054 ], [ -74.10390972099998, 4.67397733100006 ], [ -74.10365759299998, 4.67450664200004 ] ], [ [ -74.103633452999986, 4.674661693000076 ], [ -74.102946807999956, 4.675880711000048 ], [ -74.101101447999952, 4.678382898000052 ], [ -74.09951357999995, 4.680500127000073 ], [ -74.099277545999939, 4.680799533000027 ] ], [ [ -74.099159527999973, 4.680949235000071 ], [ -74.098687459999951, 4.681526660000031 ], [ -74.094159890999947, 4.688006613000027 ], [ -74.092400361999978, 4.690615686000058 ] ], [ [ -74.092314530999943, 4.690808159000028 ], [ -74.091220189999945, 4.692882578000024 ], [ -74.09061937499996, 4.694016021000039 ], [ -74.090190220999943, 4.694486507000022 ], [ -74.089814711999963, 4.694817985000043 ], [ -74.089278269999966, 4.695181541000068 ], [ -74.088484336999954, 4.69556648300005 ], [ -74.087497283999937, 4.695833804000074 ], [ -74.084643412999981, 4.696646458000032 ], [ -74.083334494999974, 4.696967242000028 ], [ -74.08284096899996, 4.69715971200003 ], [ -74.082508374999975, 4.697405647000039 ], [ -74.082089949999954, 4.697918901000037 ], [ -74.081821728999955, 4.698688781000044 ], [ -74.081059981999942, 4.70182175900004 ], [ -74.080877591999979, 4.702794797000024 ], [ -74.080931235999969, 4.703243891000056 ], [ -74.081231642999967, 4.704131385000039 ], [ -74.081746627999962, 4.705660439000042 ], [ -74.081714440999974, 4.706184379000035 ], [ -74.081532050999954, 4.706793861000051 ], [ -74.080287505999934, 4.709263860000021 ], [ -74.080030013999988, 4.709627409000063 ] ], [ [ -74.07988785699996, 4.70989739700002 ], [ -74.079775203999986, 4.710143327000026 ], [ -74.079228032999936, 4.710950618000027 ], [ -74.078723777999983, 4.711618905000023 ], [ -74.078074682999954, 4.712383424000052 ], [ -74.077087629999937, 4.714120964000074 ], [ -74.076556552999989, 4.715072600000042 ], [ -74.076282967999987, 4.715323874000035 ], [ -74.07597719599994, 4.71596007900007 ], [ -74.075424660999943, 4.717895421000037 ], [ -74.075059879999969, 4.719440483000028 ], [ -74.074882854999942, 4.720033915000045 ], [ -74.074705828999981, 4.721151275000068 ], [ -74.074566353999955, 4.721525510000049 ], [ -74.07418011599998, 4.722263287000033 ], [ -74.072340119999978, 4.724391075000028 ], [ -74.071363795999957, 4.725545851000049 ], [ -74.071095575999948, 4.725877315000048 ] ], [ [ -74.070902455999942, 4.726108537000073 ], [ -74.070290912999951, 4.726899771000035 ], [ -74.069743741999957, 4.727562696000064 ], [ -74.069250215999944, 4.728343236000057 ], [ -74.068488467999941, 4.729551467000022 ] ], [ [ -74.068389226999955, 4.729771996000068 ], [ -74.067230511999981, 4.732509220000054 ], [ -74.066458035999972, 4.735075357000028 ], [ -74.065814305999936, 4.737898097000027 ], [ -74.065342236999982, 4.74016483500003 ], [ -74.064998913999943, 4.742260491000025 ] ], [ [ -74.065084744999979, 4.742482352000025 ], [ -74.064998913999943, 4.743399199000066 ], [ -74.064950634999946, 4.744214471000021 ], [ -74.06487016799997, 4.745842338000045 ], [ -74.064746786999933, 4.747152113000027 ] ], [ [ -74.064744104999988, 4.747240322000039 ], [ -74.064829934999977, 4.748865509000041 ], [ -74.065302003999989, 4.753334753000047 ], [ -74.065580953999984, 4.755430369000067 ] ], [ [ -74.065579338999953, 4.755497074000061 ], [ -74.065772457999969, 4.756812176000039 ], [ -74.065976305999982, 4.757763753000063 ], [ -74.066180152999948, 4.758587026000043 ], [ -74.066233797999985, 4.758939858000076 ], [ -74.066158695999945, 4.75942099100007 ], [ -74.065987033999988, 4.759987658000057 ], [ -74.065793914999972, 4.760244262000072 ] ] ] } },
{ "type": "Feature", "properties": { "camera_id": "DEI-002/CAM-01", "segment_id": "1001027", "distance_m": 28.632, "install_date": "2019-12-13T00:00:00", "accidents_pre": 1577, "accidents_post": 3724, "speed_pre_kph": 27.043, "speed_post_kph": 31.719, "n_pre_obs": 30811.0, "n_post_obs": 32892.0 }, "geometry": { "type": "MultiLineString", "coordinates": [ [ [ -74.137997914999971, 4.625920640000061 ], [ -74.137547303999952, 4.630262345000062 ], [ -74.137075234999941, 4.634646798000063 ], [ -74.136688996999965, 4.636486122000065 ], [ -74.135916520999956, 4.638582089000067 ], [ -74.135551739999983, 4.639159548000066 ] ] ] } },
{ "type": "Feature", "properties": { "camera_id": "DEI-002/CAM-02", "segment_id": "36", "distance_m": 20.153, "install_date": "2019-12-13T00:00:00", "accidents_pre": 1577, "accidents_post": 3724, "speed_pre_kph": 25.486, "speed_post_kph": 30.616, "n_pre_obs": 29545.0, "n_post_obs": 31566.0 }, "geometry": { "type": "MultiLineString", "coordinates": [ [ [ -74.106749437999952, 4.506778537000059 ], [ -74.109410188999959, 4.506735755000022 ], [ -74.111706159999983, 4.506757146000041 ], [ -74.112543009999968, 4.506842711000047 ], [ -74.113015077999989, 4.507078016000037 ], [ -74.113873384999977, 4.507655581000051 ] ], [ [ -74.11390309899997, 4.50809761000005 ], [ -74.114434176999964, 4.50856821800005 ], [ -74.114997439999968, 4.508937217000039 ], [ -74.115753822999977, 4.509316912000031 ], [ -74.117406063999965, 4.509980040000073 ], [ -74.120560341999976, 4.511220731000037 ], [ -74.120984130999943, 4.511439990000042 ], [ -74.121332817999985, 4.511691337000059 ], [ -74.12155275899994, 4.511985466000056 ], [ -74.121692233999966, 4.512274246000061 ], [ -74.121745877999956, 4.512488158000053 ], [ -74.121761971999945, 4.512766243000044 ], [ -74.121660047999967, 4.513279630000056 ], [ -74.121338182999978, 4.51464866200007 ], [ -74.121311359999936, 4.515392002000056 ], [ -74.121563487999936, 4.517215588000056 ], [ -74.12178879399994, 4.518835956000032 ], [ -74.121976547999964, 4.519670204000022 ], [ -74.122330599999941, 4.520450973000038 ], [ -74.122518353999965, 4.520729055000061 ] ], [ [ -74.122467182999969, 4.520672070000046 ], [ -74.123389862999943, 4.521805788000052 ], [ -74.124484203999941, 4.523025067000049 ], [ -74.125557087999937, 4.524201563000076 ], [ -74.12594332599997, 4.524886069000047 ], [ -74.126200817999973, 4.52610534300004 ], [ -74.126715801999978, 4.530319310000039 ], [ -74.127273701999968, 4.534169613000074 ], [ -74.127745769999933, 4.535453043000075 ], [ -74.128260753999939, 4.536201709000068 ], [ -74.12909760399998, 4.536971765000033 ], [ -74.131930015999956, 4.539110806000053 ], [ -74.13265957699997, 4.539752516000021 ], [ -74.13321747699996, 4.540330056000073 ] ], [ [ -74.133300624999947, 4.540412943000035 ], [ -74.133847795999941, 4.541434331000062 ], [ -74.134411059999934, 4.542509193000058 ], [ -74.135607324999967, 4.544824686000027 ], [ -74.136572919999935, 4.546813972000052 ], [ -74.136787496999943, 4.547605407000049 ], [ -74.136680208999962, 4.548418231000028 ], [ -74.136229596999954, 4.55025777700007 ], [ -74.136122308999973, 4.551177548000055 ], [ -74.136229596999954, 4.551862028000073 ], [ -74.136508546999949, 4.552546507000045 ] ], [ [ -74.136473677999959, 4.552559876000032 ], [ -74.137439273999973, 4.555169448000072 ], [ -74.138404868999942, 4.558078468000076 ], [ -74.138876937999953, 4.559404634000032 ], [ -74.13894131099994, 4.559896599000069 ], [ -74.138791106999975, 4.561030255000048 ], [ -74.138254664999977, 4.564538160000041 ], [ -74.137975714999982, 4.566677119000076 ], [ -74.137975714999982, 4.567746596000063 ], [ -74.138190291999933, 4.568880239000066 ], [ -74.139284632999988, 4.573115345000076 ] ], [ [ -74.139327548999972, 4.573265070000048 ], [ -74.139756701999943, 4.575093858000059 ], [ -74.140250228999946, 4.576377215000036 ], [ -74.140786670999944, 4.577307647000055 ], [ -74.142514012999982, 4.581414368000026 ], [ -74.142717860999937, 4.582002569000053 ], [ -74.142835877999971, 4.582473128000061 ], [ -74.142910979999954, 4.583189662000052 ], [ -74.143061183999976, 4.584141475000024 ], [ -74.143275759999938, 4.584783145000074 ], [ -74.144284270999947, 4.587189405000061 ], [ -74.144938729999978, 4.58895399000005 ], [ -74.145035289999953, 4.589264129000071 ], [ -74.145110390999946, 4.589670518000048 ], [ -74.145088933999943, 4.590387044000067 ], [ -74.145164035999983, 4.592932312000073 ], [ -74.145185492999985, 4.593809251000039 ], [ -74.145174763999989, 4.59580909500005 ], [ -74.145185492999985, 4.596675336000033 ], [ -74.144820712999945, 4.598311566000064 ], [ -74.144531033999954, 4.599081556000044 ], [ -74.143780015999937, 4.601188328000035 ] ], [ [ -74.143705655999952, 4.601292192000074 ], [ -74.141774464999969, 4.606382640000049 ], [ -74.141216565999969, 4.607901212000058 ], [ -74.140851784999938, 4.611109452000051 ] ], [ [ -74.14081959899994, 4.611323335000066 ], [ -74.140347529999985, 4.614028939000036 ], [ -74.139660884999955, 4.617055353000069 ], [ -74.13932829099997, 4.618434880000052 ] ], [ [ -74.139221001999942, 4.618670148000035 ], [ -74.138427067999942, 4.62179278800005 ], [ -74.138191033999988, 4.624209617000076 ], [ -74.138062287999958, 4.625685375000046 ] ], [ [ -74.137997914999971, 4.625920640000061 ], [ -74.137547303999952, 4.630262345000062 ], [ -74.137075234999941, 4.634646798000063 ], [ -74.136688996999965, 4.636486122000065 ], [ -74.135916520999956, 4.638582089000067 ], [ -74.135551739999983, 4.639159548000066 ] ], [ [ -74.13553028299998, 4.639352035000059 ], [ -74.134028245999957, 4.641704641000047 ], [ -74.132740784999953, 4.643223138000053 ], [ -74.13160352899996, 4.644506372000023 ] ], [ [ -74.131391633999954, 4.644688163000069 ], [ -74.129675019999979, 4.646302895000076 ], [ -74.126338351999948, 4.648922817000027 ], [ -74.121746410999947, 4.654119857000069 ], [ -74.12018, 4.656033984000032 ], [ -74.111285794999958, 4.666395842000043 ], [ -74.10676895499995, 4.671026014000063 ] ], [ [ -74.106532920999939, 4.671245224000074 ], [ -74.105283011999973, 4.672485634000054 ], [ -74.10390972099998, 4.67397733100006 ], [ -74.10365759299998, 4.67450664200004 ] ], [ [ -74.103633452999986, 4.674661693000076 ], [ -74.102946807999956, 4.675880711000048 ], [ -74.101101447999952, 4.678382898000052 ], [ -74.09951357999995, 4.680500127000073 ], [ -74.099277545999939, 4.680799533000027 ] ], [ [ -74.099159527999973, 4.680949235000071 ], [ -74.098687459999951, 4.681526660000031 ], [ -74.094159890999947, 4.688006613000027 ], [ -74.092400361999978, 4.690615686000058 ] ], [ [ -74.092314530999943, 4.690808159000028 ], [ -74.091220189999945, 4.692882578000024 ], [ -74.09061937499996, 4.694016021000039 ], [ -74.090190220999943, 4.694486507000022 ], [ -74.089814711999963, 4.694817985000043 ], [ -74.089278269999966, 4.695181541000068 ], [ -74.088484336999954, 4.69556648300005 ], [ -74.087497283999937, 4.695833804000074 ], [ -74.084643412999981, 4.696646458000032 ], [ -74.083334494999974, 4.696967242000028 ], [ -74.08284096899996, 4.69715971200003 ], [ -74.082508374999975, 4.697405647000039 ], [ -74.082089949999954, 4.697918901000037 ], [ -74.081821728999955, 4.698688781000044 ], [ -74.081059981999942, 4.70182175900004 ], [ -74.080877591999979, 4.702794797000024 ], [ -74.080931235999969, 4.703243891000056 ], [ -74.081231642999967, 4.704131385000039 ], [ -74.081746627999962, 4.705660439000042 ], [ -74.081714440999974, 4.706184379000035 ], [ -74.081532050999954, 4.706793861000051 ], [ -74.080287505999934, 4.709263860000021 ], [ -74.080030013999988, 4.709627409000063 ] ], [ [ -74.07988785699996, 4.70989739700002 ], [ -74.079775203999986, 4.710143327000026 ], [ -74.079228032999936, 4.710950618000027 ], [ -74.078723777999983, 4.711618905000023 ], [ -74.078074682999954, 4.712383424000052 ], [ -74.077087629999937, 4.714120964000074 ], [ -74.076556552999989, 4.715072600000042 ], [ -74.076282967999987, 4.715323874000035 ], [ -74.07597719599994, 4.71596007900007 ], [ -74.075424660999943, 4.717895421000037 ], [ -74.075059879999969, 4.719440483000028 ], [ -74.074882854999942, 4.720033915000045 ], [ -74.074705828999981, 4.721151275000068 ], [ -74.074566353999955, 4.721525510000049 ], [ -74.07418011599998, 4.722263287000033 ], [ -74.072340119999978, 4.724391075000028 ], [ -74.071363795999957, 4.725545851000049 ], [ -74.071095575999948, 4.725877315000048 ] ], [ [ -74.070902455999942, 4.726108537000073 ], [ -74.070290912999951, 4.726899771000035 ], [ -74.069743741999957, 4.727562696000064 ], [ -74.069250215999944, 4.728343236000057 ], [ -74.068488467999941, 4.729551467000022 ] ], [ [ -74.068389226999955, 4.729771996000068 ], [ -74.067230511999981, 4.732509220000054 ], [ -74.066458035999972, 4.735075357000028 ], [ -74.065814305999936, 4.737898097000027 ], [ -74.065342236999982, 4.74016483500003 ], [ -74.064998913999943, 4.742260491000025 ] ], [ [ -74.065084744999979, 4.742482352000025 ], [ -74.064998913999943, 4.743399199000066 ], [ -74.064950634999946, 4.744214471000021 ], [ -74.06487016799997, 4.745842338000045 ], [ -74.064746786999933, 4.747152113000027 ] ], [ [ -74.064744104999988, 4.747240322000039 ], [ -74.064829934999977, 4.748865509000041 ], [ -74.065302003999989, 4.753334753000047 ], [ -74.065580953999984, 4.755430369000067 ] ], [ [ -74.065579338999953, 4.755497074000061 ], [ -74.065772457999969, 4.756812176000039 ], [ -74.065976305999982, 4.757763753000063 ], [ -74.066180152999948, 4.758587026000043 ], [ -74.066233797999985, 4.758939858000076 ], [ -74.066158695999945, 4.75942099100007 ], [ -74.065987033999988, 4.759987658000057 ], [ -74.065793914999972, 4.760244262000072 ] ] ] } },
{ "type": "Feature", "properties": { "camera_id": "DEI-002/CAM-02", "segment_id": "1001027", "distance_m": 20.153, "install_date": "2019-12-13T00:00:00", "accidents_pre": 1577, "accidents_post": 3724, "speed_pre_kph": 27.043, "speed_post_kph": 31.719, "n_pre_obs": 30811.0, "n_post_obs": 32892.0 }, "geometry": { "type": "MultiLineString", "coordinates": [ [ [ -74.137997914999971, 4.625920640000061 ], [ -74.137547303999952, 4.630262345000062 ], [ -74.137075234999941, 4.634646798000063 ], [ -74.136688996999965, 4.636486122000065 ], [ -74.135916520999956, 4.638582089000067 ], [ -74.135551739999983, 4.639159548000066 ] ] ] } },
{ "type": "Feature", "properties": { "camera_id": "DEI-002/CAM-02", "segment_id": "35", "distance_m": 22.17, "install_date": "2019-12-13T00:00:00", "accidents_pre": 1577, "accidents_post": 3724, "speed_pre_kph": 28.055, "speed_post_kph": 31.824, "n_pre_obs": 29768.0, "n_post_obs": 32699.0 }, "geometry": { "type": "MultiLineString", "coordinates": [ [ [ -74.065944118999937, 4.760351180000043 ], [ -74.066190881999944, 4.759966274000021 ], [ -74.066255254999987, 4.759656211000049 ], [ -74.066394729999956, 4.759014701000069 ], [ -74.066416187999948, 4.758672561000026 ], [ -74.066233797999985, 4.757977590000053 ], [ -74.065901203999942, 4.756534187000057 ], [ -74.065729541999985, 4.755497074000061 ] ], [ [ -74.065731156999959, 4.755366218000063 ], [ -74.065216172999953, 4.751581273000056 ], [ -74.065065969999978, 4.749528413000064 ], [ -74.064958680999951, 4.748223988000063 ], [ -74.064980138999942, 4.747261706000074 ] ], [ [ -74.064964045999943, 4.747189535000075 ], [ -74.065071333999981, 4.745842338000045 ], [ -74.06515716499996, 4.744986973000039 ], [ -74.065178621999962, 4.744131607000043 ], [ -74.065242994999949, 4.743201396000075 ], [ -74.065267134999942, 4.742546505000064 ] ], [ [ -74.06537442399997, 4.742485025000065 ], [ -74.065524626999945, 4.74141581400005 ], [ -74.06603961199994, 4.738614473000041 ], [ -74.066812087999949, 4.735150203000046 ], [ -74.06736998699995, 4.733204216000047 ], [ -74.068743277999943, 4.729889611000033 ] ], [ [ -74.068882752999968, 4.729579535000028 ], [ -74.069483567999953, 4.728553073000057 ], [ -74.070556450999959, 4.727184455000042 ], [ -74.071200181999984, 4.726329067000052 ] ], [ [ -74.071353067999951, 4.726077796000027 ], [ -74.074013818999958, 4.722870082000043 ], [ -74.075129617999949, 4.72107375500002 ], [ -74.075365651999959, 4.720154205000028 ], [ -74.075537313999973, 4.718657260000043 ], [ -74.075558770999976, 4.71848618100006 ], [ -74.076052297999979, 4.716540148000036 ], [ -74.076395620999961, 4.715684747000068 ], [ -74.077039350999939, 4.714636879000068 ], [ -74.078176606999989, 4.712776376000022 ], [ -74.078906167999946, 4.711749889000032 ], [ -74.079442609999944, 4.711129719000041 ], [ -74.080000508999944, 4.710210156000073 ] ], [ [ -74.080080975999977, 4.710076498000035 ], [ -74.081194091999976, 4.70805559300004 ], [ -74.081880737999938, 4.706606739000051 ], [ -74.081982661999973, 4.706013297000027 ], [ -74.081923652999933, 4.705521434000048 ], [ -74.081456948999971, 4.704077921000021 ], [ -74.081285287999947, 4.703548633000025 ], [ -74.081215549999968, 4.703153002000022 ], [ -74.081242371999963, 4.702618367000071 ], [ -74.081574965999948, 4.701404742000022 ], [ -74.081918288999987, 4.70006814900006 ], [ -74.082368899999949, 4.698309188000053 ], [ -74.082556654999962, 4.69788147600002 ], [ -74.082862425999963, 4.69755 ], [ -74.083441783999945, 4.697170405000065 ], [ -74.085850406999953, 4.696544876000075 ], [ -74.088301945999945, 4.695833804000074 ], [ -74.088870574999987, 4.695625293000035 ], [ -74.089439202999984, 4.695304509000039 ], [ -74.089750338999977, 4.695122730000037 ], [ -74.089954186999989, 4.694999763000055 ], [ -74.090442348999943, 4.694695017000072 ], [ -74.090748120999933, 4.694352846000072 ], [ -74.091289926999934, 4.693294253000033 ], [ -74.09180491099994, 4.692273084000021 ], [ -74.092448640999976, 4.691091520000043 ], [ -74.092588115999945, 4.690840237000032 ] ], [ [ -74.092765141999962, 4.690840237000032 ], [ -74.096992303999968, 4.684830802000022 ], [ -74.098816205999981, 4.682093391000024 ], [ -74.099438477999968, 4.681323492000047 ] ], [ [ -74.099599410999986, 4.681098938000048 ], [ -74.101509143999976, 4.678596760000062 ], [ -74.103161383999975, 4.676372595000032 ], [ -74.103762198999959, 4.675581303000058 ], [ -74.10386948699994, 4.675068033000059 ] ], [ [ -74.104244996999967, 4.674287433000075 ], [ -74.105081845999962, 4.673389207000071 ], [ -74.106873561999976, 4.671560674000034 ] ], [ [ -74.107187379999971, 4.671459088000063 ], [ -74.112251390999973, 4.666283563000036 ], [ -74.118559945999948, 4.658926551000036 ], [ -74.125683892999973, 4.650585660000047 ], [ -74.127057183999966, 4.649302437000074 ], [ -74.131177056999945, 4.646051596000063 ], [ -74.131777871999986, 4.645495529000073 ] ], [ [ -74.131946850999952, 4.645147988000076 ], [ -74.132740784999953, 4.644185563000065 ], [ -74.133813668999949, 4.64268845600003 ], [ -74.134993840999982, 4.641063022000026 ], [ -74.135852147999969, 4.639608683000063 ] ], [ [ -74.135959435999951, 4.639352035000059 ], [ -74.13651733599994, 4.638218503000076 ], [ -74.136882115999981, 4.63710635800004 ], [ -74.137289811999949, 4.635823110000047 ], [ -74.137611676999938, 4.633491872000036 ], [ -74.137869168999941, 4.631096463000063 ], [ -74.138362694999955, 4.62585647700007 ] ], [ [ -74.138427067999942, 4.625663987000053 ], [ -74.138684559999945, 4.623140224000053 ], [ -74.138942052999937, 4.621407806000036 ], [ -74.139521409999986, 4.618841252000038 ] ], [ [ -74.139735985999948, 4.618520432000025 ], [ -74.140487004999954, 4.615440554000031 ], [ -74.141152192999982, 4.612317886000028 ], [ -74.141259480999963, 4.611013205000063 ] ], [ [ -74.141345311999942, 4.610831406000045 ], [ -74.141624261999937, 4.608157872000049 ], [ -74.143791485999941, 4.602254674000051 ], [ -74.144113351999977, 4.601399134000076 ] ], [ [ -74.144185770999968, 4.60133229500002 ], [ -74.145258654999964, 4.598252342000023 ], [ -74.145430315999988, 4.597482352000043 ], [ -74.145559061999961, 4.596199033000062 ], [ -74.145559061999961, 4.59465904700005 ], [ -74.145559061999961, 4.589739626000039 ], [ -74.145301569999958, 4.588584627000046 ], [ -74.143670786999962, 4.584477947000039 ], [ -74.143499125999938, 4.583879054000022 ], [ -74.143263090999938, 4.582146540000053 ], [ -74.143027056999983, 4.581184030000031 ], [ -74.141761053999971, 4.578275104000056 ], [ -74.140301932999989, 4.575301998000043 ], [ -74.139679659999956, 4.573098897000023 ] ], [ [ -74.139778159999935, 4.572976314000073 ], [ -74.138876937999953, 4.569211776000031 ], [ -74.138576529999966, 4.567671732000065 ], [ -74.138662360999945, 4.566559476000066 ], [ -74.139520667999989, 4.560099802000025 ], [ -74.139477752999937, 4.559415329000046 ], [ -74.137031577999949, 4.552399451000042 ] ], [ [ -74.136935017999974, 4.552239026000052 ], [ -74.136666796999975, 4.551265781000041 ], [ -74.136677525999971, 4.550656166000067 ], [ -74.137299798999948, 4.548367429000052 ], [ -74.137342713999942, 4.547640166000065 ], [ -74.13726761199996, 4.546902206000027 ], [ -74.135229132999939, 4.543009190000021 ], [ -74.133812926999951, 4.540314013000057 ] ], [ [ -74.133668087999979, 4.540094762000024 ], [ -74.133131645999981, 4.539367490000075 ], [ -74.132015846999934, 4.53851187500004 ], [ -74.130857132999949, 4.537592088000054 ], [ -74.129719875999967, 4.536779251000041 ], [ -74.128968857999951, 4.536094757000058 ], [ -74.128432415999953, 4.535495824000066 ], [ -74.128024719999985, 4.534789938000074 ], [ -74.127724312999987, 4.533592069000065 ], [ -74.127295158999971, 4.530233747000068 ], [ -74.126908920999938, 4.527025145000039 ], [ -74.12660851399994, 4.525442229000021 ], [ -74.126157902999978, 4.524222954000038 ], [ -74.125170849999961, 4.523025067000049 ], [ -74.122939251999981, 4.520500943000059 ] ], [ [ -74.122856312999943, 4.520461668000053 ], [ -74.122212582999964, 4.518964302000029 ], [ -74.121998005999956, 4.51661129200005 ], [ -74.121869259999983, 4.515071136000074 ], [ -74.122212582999964, 4.513488194000047 ], [ -74.122384243999988, 4.512760895000042 ], [ -74.122083836999934, 4.511776902000065 ], [ -74.121096783999974, 4.510750124000026 ], [ -74.119208508999975, 4.510108388000049 ], [ -74.115946941999937, 4.508867695000049 ], [ -74.114359074999982, 4.507883697000068 ], [ -74.114101582999979, 4.507584218000034 ] ], [ [ -74.113980673999947, 4.507377494000025 ], [ -74.112929247999944, 4.506671581000035 ], [ -74.112328432999959, 4.506479059000071 ], [ -74.110418699999968, 4.506500450000033 ], [ -74.10672797999996, 4.506457667000063 ] ] ] } },
{ "type": "Feature", "properties": { "camera_id": "DEI-002/CAM-02", "segment_id": "1001026", "distance_m": 22.17, "install_date": "2019-12-13T00:00:00", "accidents_pre": 1577, "accidents_post": 3724, "speed_pre_kph": 32.03, "speed_post_kph": 34.53, "n_pre_obs": 29986.0, "n_post_obs": 33581.0 }, "geometry": { "type": "MultiLineString", "coordinates": [ [ [ -74.135959435999951, 4.639352035000059 ], [ -74.13651733599994, 4.638218503000076 ], [ -74.136882115999981, 4.63710635800004 ], [ -74.137289811999949, 4.635823110000047 ], [ -74.137611676999938, 4.633491872000036 ], [ -74.137869168999941, 4.631096463000063 ], [ -74.138362694999955, 4.62585647700007 ] ] ] } },
{ "type": "Feature", "properties": { "camera_id": "DEI-003/CAM-01", "segment_id": "78", "distance_m": 22.824, "install_date": "2019-12-13T00:00:00", "accidents_pre": 655, "accidents_post": 1663, "speed_pre_kph": 28.447, "speed_post_kph": 30.336, "n_pre_obs": 28881.0, "n_post_obs": 33104.0 }, "geometry": { "type": "MultiLineString", "coordinates": [ [ [ -74.137657273999935, 4.595247237000024 ], [ -74.137571443999946, 4.595749871000066 ], [ -74.137281764999955, 4.596316671000068 ], [ -74.136573661999989, 4.597386103000076 ], [ -74.134696115999986, 4.600241480000022 ], [ -74.134384978999947, 4.600701334000064 ] ], [ [ -74.134299148999958, 4.600765499000033 ], [ -74.131724227999939, 4.60463681300007 ] ], [ [ -74.131579388999967, 4.604807920000042 ], [ -74.129304875999935, 4.608187281000028 ], [ -74.128746975999945, 4.609278084000039 ], [ -74.127652634999947, 4.613277680000067 ] ], [ [ -74.127459515999988, 4.61344878500006 ], [ -74.124970425999948, 4.621533460000023 ], [ -74.124155033999955, 4.624014453000029 ] ], [ [ -74.123983372999987, 4.624356658000067 ], [ -74.12175177499995, 4.630088571000044 ], [ -74.12007807699996, 4.633895562000021 ], [ -74.119305599999961, 4.635905987000058 ], [ -74.118447292999974, 4.636975360000065 ] ], [ [ -74.117877323999949, 4.637475291000044 ], [ -74.112899143999982, 4.642437156000028 ] ], [ [ -74.11283879399997, 4.642525378000073 ], [ -74.107731867999973, 4.64748720800003 ], [ -74.10511403199996, 4.650823591000062 ], [ -74.104169894999984, 4.652235133000033 ], [ -74.093505431999972, 4.665772958000048 ], [ -74.089085150999949, 4.671803944000033 ] ], [ [ -74.089026142999955, 4.671574040000053 ], [ -74.08572166099998, 4.677369727000041 ], [ -74.084648777999973, 4.679059236000057 ], [ -74.082846332999964, 4.680556266000053 ], [ -74.081666160999987, 4.681454482000049 ] ], [ [ -74.081473041999971, 4.681582798000022 ], [ -74.077739406999967, 4.684705159000032 ], [ -74.074778247999973, 4.686950684000067 ], [ -74.073919941999975, 4.687613647000035 ] ], [ [ -74.073718775999964, 4.687838199000055 ], [ -74.072581518999982, 4.688522548000037 ], [ -74.071465719999935, 4.688993036000056 ], [ -74.070392836999986, 4.68924966700007 ], [ -74.068611849999968, 4.689377982000053 ] ], [ [ -74.068418730999952, 4.689399368000068 ], [ -74.067538965999972, 4.689308478000044 ], [ -74.065302003999989, 4.688827296000056 ] ] ] } },
{ "type": "Feature", "properties": { "camera_id": "DEI-003/CAM-01", "segment_id": "1000748", "distance_m": 22.824, "install_date": "2019-12-13T00:00:00", "accidents_pre": 655, "accidents_post": 1663, "speed_pre_kph": 32.122, "speed_post_kph": 31.435, "n_pre_obs": 29712.0, "n_post_obs": 33771.0 }, "geometry": { "type": "MultiLineString", "coordinates": [ [ [ -74.123983372999987, 4.624356658000067 ], [ -74.12175177499995, 4.630088571000044 ], [ -74.12007807699996, 4.633895562000021 ], [ -74.119305599999961, 4.635905987000058 ], [ -74.118447292999974, 4.636975360000065 ] ] ] } },
{ "type": "Feature", "properties": { "camera_id": "DEI-003/CAM-01", "segment_id": "77", "distance_m": 33.12, "install_date": "2019-12-13T00:00:00", "accidents_pre": 655, "accidents_post": 1663, "speed_pre_kph": 29.22, "speed_post_kph": 32.362, "n_pre_obs": 30150.0, "n_post_obs": 33067.0 }, "geometry": { "type": "MultiLineString", "coordinates": [ [ [ -74.06546293699995, 4.689351249000026 ], [ -74.066557277999948, 4.689672037000037 ], [ -74.067458499999987, 4.689843124000049 ], [ -74.068112958999961, 4.689917974000025 ] ], [ [ -74.068289984999979, 4.689944706000063 ], [ -74.069116104999978, 4.689955399000041 ], [ -74.070264090999956, 4.689827084000058 ], [ -74.071347702999958, 4.689559761000055 ], [ -74.072409857999958, 4.689196202000062 ], [ -74.073289621999947, 4.688736406000032 ], [ -74.074094284999944, 4.688223145000052 ] ], [ [ -74.074327636999953, 4.688126909000061 ], [ -74.079928089999953, 4.683528929000033 ], [ -74.081923652999933, 4.681967748000034 ] ], [ [ -74.081880737999938, 4.681989134000048 ], [ -74.084863353999935, 4.679508345000045 ], [ -74.085120845999938, 4.679187553000077 ], [ -74.085464168999977, 4.678781216000061 ], [ -74.089412380999988, 4.672108700000024 ] ], [ [ -74.089412380999988, 4.671889489000023 ], [ -74.091445494999959, 4.669269653000072 ], [ -74.092518378999955, 4.667703093000057 ], [ -74.093365956999946, 4.666414555000074 ], [ -74.093655635999937, 4.666018904000055 ], [ -74.094149161999951, 4.66552701300003 ], [ -74.095179129999963, 4.664564617000053 ], [ -74.108705509999936, 4.647126300000025 ], [ -74.112782467999978, 4.643148282000027 ] ], [ [ -74.113225032999935, 4.642653702000075 ], [ -74.116250563999984, 4.639573929000051 ], [ -74.118138838999982, 4.637798776000068 ] ], [ [ -74.118747700999961, 4.637317559000053 ], [ -74.119734753999978, 4.636290961000043 ], [ -74.120850552999968, 4.633425036000062 ], [ -74.12299631999997, 4.628292006000038 ], [ -74.124412525999958, 4.624613312000065 ] ], [ [ -74.124498356999936, 4.624442209000051 ], [ -74.127931584999942, 4.613748219000058 ] ], [ [ -74.128017414999988, 4.613577114000066 ], [ -74.129133213999978, 4.609470578000071 ], [ -74.131965626999943, 4.604936251000026 ] ], [ [ -74.131928075999951, 4.604840003000049 ], [ -74.133966554999972, 4.601792148000072 ], [ -74.134545911999965, 4.600990079000042 ] ], [ [ -74.134621013999947, 4.600851053000042 ], [ -74.136423457999967, 4.598145399000032 ], [ -74.137142289999986, 4.596958330000064 ], [ -74.137732375999974, 4.596070701000031 ], [ -74.137839664999944, 4.595653622000043 ], [ -74.138032783999961, 4.595354180000072 ], [ -74.138290275999964, 4.595290014000057 ] ] ] } },
{ "type": "Feature", "properties": { "camera_id": "DEI-003/CAM-01", "segment_id": "1000747", "distance_m": 33.12, "install_date": "2019-12-13T00:00:00", "accidents_pre": 655, "accidents_post": 1663, "speed_pre_kph": 29.916, "speed_post_kph": 31.988, "n_pre_obs": 29426.0, "n_post_obs": 33008.0 }, "geometry": { "type": "MultiLineString", "coordinates": [ [ [ -74.118747700999961, 4.637317559000053 ], [ -74.119734753999978, 4.636290961000043 ], [ -74.120850552999968, 4.633425036000062 ], [ -74.12299631999997, 4.628292006000038 ], [ -74.124412525999958, 4.624613312000065 ] ] ] } },
{ "type": "Feature", "properties": { "camera_id": "DEI-003/CAM-02", "segment_id": "78", "distance_m": 26.373, "install_date": "2019-12-13T00:00:00", "accidents_pre": 655, "accidents_post": 1663, "speed_pre_kph": 28.447, "speed_post_kph": 30.336, "n_pre_obs": 28881.0, "n_post_obs": 33104.0 }, "geometry": { "type": "MultiLineString", "coordinates": [ [ [ -74.137657273999935, 4.595247237000024 ], [ -74.137571443999946, 4.595749871000066 ], [ -74.137281764999955, 4.596316671000068 ], [ -74.136573661999989, 4.597386103000076 ], [ -74.134696115999986, 4.600241480000022 ], [ -74.134384978999947, 4.600701334000064 ] ], [ [ -74.134299148999958, 4.600765499000033 ], [ -74.131724227999939, 4.60463681300007 ] ], [ [ -74.131579388999967, 4.604807920000042 ], [ -74.129304875999935, 4.608187281000028 ], [ -74.128746975999945, 4.609278084000039 ], [ -74.127652634999947, 4.613277680000067 ] ], [ [ -74.127459515999988, 4.61344878500006 ], [ -74.124970425999948, 4.621533460000023 ], [ -74.124155033999955, 4.624014453000029 ] ], [ [ -74.123983372999987, 4.624356658000067 ], [ -74.12175177499995, 4.630088571000044 ], [ -74.12007807699996, 4.633895562000021 ], [ -74.119305599999961, 4.635905987000058 ], [ -74.118447292999974, 4.636975360000065 ] ], [ [ -74.117877323999949, 4.637475291000044 ], [ -74.112899143999982, 4.642437156000028 ] ], [ [ -74.11283879399997, 4.642525378000073 ], [ -74.107731867999973, 4.64748720800003 ], [ -74.10511403199996, 4.650823591000062 ], [ -74.104169894999984, 4.652235133000033 ], [ -74.093505431999972, 4.665772958000048 ], [ -74.089085150999949, 4.671803944000033 ] ], [ [ -74.089026142999955, 4.671574040000053 ], [ -74.08572166099998, 4.677369727000041 ], [ -74.084648777999973, 4.679059236000057 ], [ -74.082846332999964, 4.680556266000053 ], [ -74.081666160999987, 4.681454482000049 ] ], [ [ -74.081473041999971, 4.681582798000022 ], [ -74.077739406999967, 4.684705159000032 ], [ -74.074778247999973, 4.686950684000067 ], [ -74.073919941999975, 4.687613647000035 ] ], [ [ -74.073718775999964, 4.687838199000055 ], [ -74.072581518999982, 4.688522548000037 ], [ -74.071465719999935, 4.688993036000056 ], [ -74.070392836999986, 4.68924966700007 ], [ -74.068611849999968, 4.689377982000053 ] ], [ [ -74.068418730999952, 4.689399368000068 ], [ -74.067538965999972, 4.689308478000044 ], [ -74.065302003999989, 4.688827296000056 ] ] ] } },
{ "type": "Feature", "properties": { "camera_id": "DEI-003/CAM-02", "segment_id": "1000748", "distance_m": 26.373, "install_date": "2019-12-13T00:00:00", "accidents_pre": 655, "accidents_post": 1663, "speed_pre_kph": 32.122, "speed_post_kph": 31.435, "n_pre_obs": 29712.0, "n_post_obs": 33771.0 }, "geometry": { "type": "MultiLineString", "coordinates": [ [ [ -74.123983372999987, 4.624356658000067 ], [ -74.12175177499995, 4.630088571000044 ], [ -74.12007807699996, 4.633895562000021 ], [ -74.119305599999961, 4.635905987000058 ], [ -74.118447292999974, 4.636975360000065 ] ] ] } },
{ "type": "Feature", "properties": { "camera_id": "DEI-003/CAM-02", "segment_id": "77", "distance_m": 29.686, "install_date": "2019-12-13T00:00:00", "accidents_pre": 655, "accidents_post": 1663, "speed_pre_kph": 29.22, "speed_post_kph": 32.362, "n_pre_obs": 30150.0, "n_post_obs": 33067.0 }, "geometry": { "type": "MultiLineString", "coordinates": [ [ [ -74.06546293699995, 4.689351249000026 ], [ -74.066557277999948, 4.689672037000037 ], [ -74.067458499999987, 4.689843124000049 ], [ -74.068112958999961, 4.689917974000025 ] ], [ [ -74.068289984999979, 4.689944706000063 ], [ -74.069116104999978, 4.689955399000041 ], [ -74.070264090999956, 4.689827084000058 ], [ -74.071347702999958, 4.689559761000055 ], [ -74.072409857999958, 4.689196202000062 ], [ -74.073289621999947, 4.688736406000032 ], [ -74.074094284999944, 4.688223145000052 ] ], [ [ -74.074327636999953, 4.688126909000061 ], [ -74.079928089999953, 4.683528929000033 ], [ -74.081923652999933, 4.681967748000034 ] ], [ [ -74.081880737999938, 4.681989134000048 ], [ -74.084863353999935, 4.679508345000045 ], [ -74.085120845999938, 4.679187553000077 ], [ -74.085464168999977, 4.678781216000061 ], [ -74.089412380999988, 4.672108700000024 ] ], [ [ -74.089412380999988, 4.671889489000023 ], [ -74.091445494999959, 4.669269653000072 ], [ -74.092518378999955, 4.667703093000057 ], [ -74.093365956999946, 4.666414555000074 ], [ -74.093655635999937, 4.666018904000055 ], [ -74.094149161999951, 4.66552701300003 ], [ -74.095179129999963, 4.664564617000053 ], [ -74.108705509999936, 4.647126300000025 ], [ -74.112782467999978, 4.643148282000027 ] ], [ [ -74.113225032999935, 4.642653702000075 ], [ -74.116250563999984, 4.639573929000051 ], [ -74.118138838999982, 4.637798776000068 ] ], [ [ -74.118747700999961, 4.637317559000053 ], [ -74.119734753999978, 4.636290961000043 ], [ -74.120850552999968, 4.633425036000062 ], [ -74.12299631999997, 4.628292006000038 ], [ -74.124412525999958, 4.624613312000065 ] ], [ [ -74.124498356999936, 4.624442209000051 ], [ -74.127931584999942, 4.613748219000058 ] ], [ [ -74.128017414999988, 4.613577114000066 ], [ -74.129133213999978, 4.609470578000071 ], [ -74.131965626999943, 4.604936251000026 ] ], [ [ -74.131928075999951, 4.604840003000049 ], [ -74.133966554999972, 4.601792148000072 ], [ -74.134545911999965, 4.600990079000042 ] ], [ [ -74.134621013999947, 4.600851053000042 ], [ -74.136423457999967, 4.598145399000032 ], [ -74.137142289999986, 4.596958330000064 ], [ -74.137732375999974, 4.596070701000031 ], [ -74.137839664999944, 4.595653622000043 ], [ -74.138032783999961, 4.595354180000072 ], [ -74.138290275999964, 4.595290014000057 ] ] ] } },
{ "type": "Feature", "properties": { "camera_id": "DEI-003/CAM-02", "segment_id": "1000747", "distance_m": 29.686, "install_date": "2019-12-13T00:00:00", "accidents_pre": 655, "accidents_post": 1663, "speed_pre_kph": 29.916, "speed_post_kph": 31.988, "n_pre_obs": 29426.0, "n_post_obs": 33008.0 }, "geometry": { "type": "MultiLineString", "coordinates": [ [ [ -74.118747700999961, 4.637317559000053 ], [ -74.119734753999978, 4.636290961000043 ], [ -74.120850552999968, 4.633425036000062 ], [ -74.12299631999997, 4.628292006000038 ], [ -74.124412525999958, 4.624613312000065 ] ] ] } },
{ "type": "Feature", "properties": { "camera_id": "DEI-006/CAM-01", "segment_id": "35", "distance_m": 19.759, "install_date": "2019-12-26T00:00:00", "accidents_pre": 1653, "accidents_post": 3648, "speed_pre_kph": 27.967, "speed_post_kph": 32.059, "n_pre_obs": 31004.0, "n_post_obs": 31463.0 }, "geometry": { "type": "MultiLineString", "coordinates": [ [ [ -74.065944118999937, 4.760351180000043 ], [ -74.066190881999944, 4.759966274000021 ], [ -74.066255254999987, 4.759656211000049 ], [ -74.066394729999956, 4.759014701000069 ], [ -74.066416187999948, 4.758672561000026 ], [ -74.066233797999985, 4.757977590000053 ], [ -74.065901203999942, 4.756534187000057 ], [ -74.065729541999985, 4.755497074000061 ] ], [ [ -74.065731156999959, 4.755366218000063 ], [ -74.065216172999953, 4.751581273000056 ], [ -74.065065969999978, 4.749528413000064 ], [ -74.064958680999951, 4.748223988000063 ], [ -74.064980138999942, 4.747261706000074 ] ], [ [ -74.064964045999943, 4.747189535000075 ], [ -74.065071333999981, 4.745842338000045 ], [ -74.06515716499996, 4.744986973000039 ], [ -74.065178621999962, 4.744131607000043 ], [ -74.065242994999949, 4.743201396000075 ], [ -74.065267134999942, 4.742546505000064 ] ], [ [ -74.06537442399997, 4.742485025000065 ], [ -74.065524626999945, 4.74141581400005 ], [ -74.06603961199994, 4.738614473000041 ], [ -74.066812087999949, 4.735150203000046 ], [ -74.06736998699995, 4.733204216000047 ], [ -74.068743277999943, 4.729889611000033 ] ], [ [ -74.068882752999968, 4.729579535000028 ], [ -74.069483567999953, 4.728553073000057 ], [ -74.070556450999959, 4.727184455000042 ], [ -74.071200181999984, 4.726329067000052 ] ], [ [ -74.071353067999951, 4.726077796000027 ], [ -74.074013818999958, 4.722870082000043 ], [ -74.075129617999949, 4.72107375500002 ], [ -74.075365651999959, 4.720154205000028 ], [ -74.075537313999973, 4.718657260000043 ], [ -74.075558770999976, 4.71848618100006 ], [ -74.076052297999979, 4.716540148000036 ], [ -74.076395620999961, 4.715684747000068 ], [ -74.077039350999939, 4.714636879000068 ], [ -74.078176606999989, 4.712776376000022 ], [ -74.078906167999946, 4.711749889000032 ], [ -74.079442609999944, 4.711129719000041 ], [ -74.080000508999944, 4.710210156000073 ] ], [ [ -74.080080975999977, 4.710076498000035 ], [ -74.081194091999976, 4.70805559300004 ], [ -74.081880737999938, 4.706606739000051 ], [ -74.081982661999973, 4.706013297000027 ], [ -74.081923652999933, 4.705521434000048 ], [ -74.081456948999971, 4.704077921000021 ], [ -74.081285287999947, 4.703548633000025 ], [ -74.081215549999968, 4.703153002000022 ], [ -74.081242371999963, 4.702618367000071 ], [ -74.081574965999948, 4.701404742000022 ], [ -74.081918288999987, 4.70006814900006 ], [ -74.082368899999949, 4.698309188000053 ], [ -74.082556654999962, 4.69788147600002 ], [ -74.082862425999963, 4.69755 ], [ -74.083441783999945, 4.697170405000065 ], [ -74.085850406999953, 4.696544876000075 ], [ -74.088301945999945, 4.695833804000074 ], [ -74.088870574999987, 4.695625293000035 ], [ -74.089439202999984, 4.695304509000039 ], [ -74.089750338999977, 4.695122730000037 ], [ -74.089954186999989, 4.694999763000055 ], [ -74.090442348999943, 4.694695017000072 ], [ -74.090748120999933, 4.694352846000072 ], [ -74.091289926999934, 4.693294253000033 ], [ -74.09180491099994, 4.692273084000021 ], [ -74.092448640999976, 4.691091520000043 ], [ -74.092588115999945, 4.690840237000032 ] ], [ [ -74.092765141999962, 4.690840237000032 ], [ -74.096992303999968, 4.684830802000022 ], [ -74.098816205999981, 4.682093391000024 ], [ -74.099438477999968, 4.681323492000047 ] ], [ [ -74.099599410999986, 4.681098938000048 ], [ -74.101509143999976, 4.678596760000062 ], [ -74.103161383999975, 4.676372595000032 ], [ -74.103762198999959, 4.675581303000058 ], [ -74.10386948699994, 4.675068033000059 ] ], [ [ -74.104244996999967, 4.674287433000075 ], [ -74.105081845999962, 4.673389207000071 ], [ -74.106873561999976, 4.671560674000034 ] ], [ [ -74.107187379999971, 4.671459088000063 ], [ -74.112251390999973, 4.666283563000036 ], [ -74.118559945999948, 4.658926551000036 ], [ -74.125683892999973, 4.650585660000047 ], [ -74.127057183999966, 4.649302437000074 ], [ -74.131177056999945, 4.646051596000063 ], [ -74.131777871999986, 4.645495529000073 ] ], [ [ -74.131946850999952, 4.645147988000076 ], [ -74.132740784999953, 4.644185563000065 ], [ -74.133813668999949, 4.64268845600003 ], [ -74.134993840999982, 4.641063022000026 ], [ -74.135852147999969, 4.639608683000063 ] ], [ [ -74.135959435999951, 4.639352035000059 ], [ -74.13651733599994, 4.638218503000076 ], [ -74.136882115999981, 4.63710635800004 ], [ -74.137289811999949, 4.635823110000047 ], [ -74.137611676999938, 4.633491872000036 ], [ -74.137869168999941, 4.631096463000063 ], [ -74.138362694999955, 4.62585647700007 ] ], [ [ -74.138427067999942, 4.625663987000053 ], [ -74.138684559999945, 4.623140224000053 ], [ -74.138942052999937, 4.621407806000036 ], [ -74.139521409999986, 4.618841252000038 ] ], [ [ -74.139735985999948, 4.618520432000025 ], [ -74.140487004999954, 4.615440554000031 ], [ -74.141152192999982, 4.612317886000028 ], [ -74.141259480999963, 4.611013205000063 ] ], [ [ -74.141345311999942, 4.610831406000045 ], [ -74.141624261999937, 4.608157872000049 ], [ -74.143791485999941, 4.602254674000051 ], [ -74.144113351999977, 4.601399134000076 ] ], [ [ -74.144185770999968, 4.60133229500002 ], [ -74.145258654999964, 4.598252342000023 ], [ -74.145430315999988, 4.597482352000043 ], [ -74.145559061999961, 4.596199033000062 ], [ -74.145559061999961, 4.59465904700005 ], [ -74.145559061999961, 4.589739626000039 ], [ -74.145301569999958, 4.588584627000046 ], [ -74.143670786999962, 4.584477947000039 ], [ -74.143499125999938, 4.583879054000022 ], [ -74.143263090999938, 4.582146540000053 ], [ -74.143027056999983, 4.581184030000031 ], [ -74.141761053999971, 4.578275104000056 ], [ -74.140301932999989, 4.575301998000043 ], [ -74.139679659999956, 4.573098897000023 ] ], [ [ -74.139778159999935, 4.572976314000073 ], [ -74.138876937999953, 4.569211776000031 ], [ -74.138576529999966, 4.567671732000065 ], [ -74.138662360999945, 4.566559476000066 ], [ -74.139520667999989, 4.560099802000025 ], [ -74.139477752999937, 4.559415329000046 ], [ -74.137031577999949, 4.552399451000042 ] ], [ [ -74.136935017999974, 4.552239026000052 ], [ -74.136666796999975, 4.551265781000041 ], [ -74.136677525999971, 4.550656166000067 ], [ -74.137299798999948, 4.548367429000052 ], [ -74.137342713999942, 4.547640166000065 ], [ -74.13726761199996, 4.546902206000027 ], [ -74.135229132999939, 4.543009190000021 ], [ -74.133812926999951, 4.540314013000057 ] ], [ [ -74.133668087999979, 4.540094762000024 ], [ -74.133131645999981, 4.539367490000075 ], [ -74.132015846999934, 4.53851187500004 ], [ -74.130857132999949, 4.537592088000054 ], [ -74.129719875999967, 4.536779251000041 ], [ -74.128968857999951, 4.536094757000058 ], [ -74.128432415999953, 4.535495824000066 ], [ -74.128024719999985, 4.534789938000074 ], [ -74.127724312999987, 4.533592069000065 ], [ -74.127295158999971, 4.530233747000068 ], [ -74.126908920999938, 4.527025145000039 ], [ -74.12660851399994, 4.525442229000021 ], [ -74.126157902999978, 4.524222954000038 ], [ -74.125170849999961, 4.523025067000049 ], [ -74.122939251999981, 4.520500943000059 ] ], [ [ -74.122856312999943, 4.520461668000053 ], [ -74.122212582999964, 4.518964302000029 ], [ -74.121998005999956, 4.51661129200005 ], [ -74.121869259999983, 4.515071136000074 ], [ -74.122212582999964, 4.513488194000047 ], [ -74.122384243999988, 4.512760895000042 ], [ -74.122083836999934, 4.511776902000065 ], [ -74.121096783999974, 4.510750124000026 ], [ -74.119208508999975, 4.510108388000049 ], [ -74.115946941999937, 4.508867695000049 ], [ -74.114359074999982, 4.507883697000068 ], [ -74.114101582999979, 4.507584218000034 ] ], [ [ -74.113980673999947, 4.507377494000025 ], [ -74.112929247999944, 4.506671581000035 ], [ -74.112328432999959, 4.506479059000071 ], [ -74.110418699999968, 4.506500450000033 ], [ -74.10672797999996, 4.506457667000063 ] ] ] } },
{ "type": "Feature", "properties": { "camera_id": "DEI-006/CAM-01", "segment_id": "1002267", "distance_m": 19.759, "install_date": "2019-12-26T00:00:00", "accidents_pre": 1653, "accidents_post": 3648, "speed_pre_kph": 28.8, "speed_post_kph": 32.49, "n_pre_obs": 5762.0, "n_post_obs": 31994.0 }, "geometry": { "type": "MultiLineString", "coordinates": [ [ [ -74.144185770999968, 4.60133229500002 ], [ -74.145258654999964, 4.598252342000023 ], [ -74.145430315999988, 4.597482352000043 ], [ -74.145559061999961, 4.596199033000062 ], [ -74.145559061999961, 4.59465904700005 ], [ -74.145559061999961, 4.589739626000039 ], [ -74.145301569999958, 4.588584627000046 ], [ -74.143670786999962, 4.584477947000039 ], [ -74.143499125999938, 4.583879054000022 ], [ -74.143263090999938, 4.582146540000053 ], [ -74.143027056999983, 4.581184030000031 ], [ -74.141761053999971, 4.578275104000056 ], [ -74.140301932999989, 4.575301998000043 ], [ -74.139679659999956, 4.573098897000023 ] ] ] } },
{ "type": "Feature", "properties": { "camera_id": "DEI-006/CAM-01", "segment_id": "36", "distance_m": 24.025, "install_date": "2019-12-26T00:00:00", "accidents_pre": 1653, "accidents_post": 3648, "speed_pre_kph": 25.45, "speed_post_kph": 30.859, "n_pre_obs": 30766.0, "n_post_obs": 30345.0 }, "geometry": { "type": "MultiLineString", "coordinates": [ [ [ -74.106749437999952, 4.506778537000059 ], [ -74.109410188999959, 4.506735755000022 ], [ -74.111706159999983, 4.506757146000041 ], [ -74.112543009999968, 4.506842711000047 ], [ -74.113015077999989, 4.507078016000037 ], [ -74.113873384999977, 4.507655581000051 ] ], [ [ -74.11390309899997, 4.50809761000005 ], [ -74.114434176999964, 4.50856821800005 ], [ -74.114997439999968, 4.508937217000039 ], [ -74.115753822999977, 4.509316912000031 ], [ -74.117406063999965, 4.509980040000073 ], [ -74.120560341999976, 4.511220731000037 ], [ -74.120984130999943, 4.511439990000042 ], [ -74.121332817999985, 4.511691337000059 ], [ -74.12155275899994, 4.511985466000056 ], [ -74.121692233999966, 4.512274246000061 ], [ -74.121745877999956, 4.512488158000053 ], [ -74.121761971999945, 4.512766243000044 ], [ -74.121660047999967, 4.513279630000056 ], [ -74.121338182999978, 4.51464866200007 ], [ -74.121311359999936, 4.515392002000056 ], [ -74.121563487999936, 4.517215588000056 ], [ -74.12178879399994, 4.518835956000032 ], [ -74.121976547999964, 4.519670204000022 ], [ -74.122330599999941, 4.520450973000038 ], [ -74.122518353999965, 4.520729055000061 ] ], [ [ -74.122467182999969, 4.520672070000046 ], [ -74.123389862999943, 4.521805788000052 ], [ -74.124484203999941, 4.523025067000049 ], [ -74.125557087999937, 4.524201563000076 ], [ -74.12594332599997, 4.524886069000047 ], [ -74.126200817999973, 4.52610534300004 ], [ -74.126715801999978, 4.530319310000039 ], [ -74.127273701999968, 4.534169613000074 ], [ -74.127745769999933, 4.535453043000075 ], [ -74.128260753999939, 4.536201709000068 ], [ -74.12909760399998, 4.536971765000033 ], [ -74.131930015999956, 4.539110806000053 ], [ -74.13265957699997, 4.539752516000021 ], [ -74.13321747699996, 4.540330056000073 ] ], [ [ -74.133300624999947, 4.540412943000035 ], [ -74.133847795999941, 4.541434331000062 ], [ -74.134411059999934, 4.542509193000058 ], [ -74.135607324999967, 4.544824686000027 ], [ -74.136572919999935, 4.546813972000052 ], [ -74.136787496999943, 4.547605407000049 ], [ -74.136680208999962, 4.548418231000028 ], [ -74.136229596999954, 4.55025777700007 ], [ -74.136122308999973, 4.551177548000055 ], [ -74.136229596999954, 4.551862028000073 ], [ -74.136508546999949, 4.552546507000045 ] ], [ [ -74.136473677999959, 4.552559876000032 ], [ -74.137439273999973, 4.555169448000072 ], [ -74.138404868999942, 4.558078468000076 ], [ -74.138876937999953, 4.559404634000032 ], [ -74.13894131099994, 4.559896599000069 ], [ -74.138791106999975, 4.561030255000048 ], [ -74.138254664999977, 4.564538160000041 ], [ -74.137975714999982, 4.566677119000076 ], [ -74.137975714999982, 4.567746596000063 ], [ -74.138190291999933, 4.568880239000066 ], [ -74.139284632999988, 4.573115345000076 ] ], [ [ -74.139327548999972, 4.573265070000048 ], [ -74.139756701999943, 4.575093858000059 ], [ -74.140250228999946, 4.576377215000036 ], [ -74.140786670999944, 4.577307647000055 ], [ -74.142514012999982, 4.581414368000026 ], [ -74.142717860999937, 4.582002569000053 ], [ -74.142835877999971, 4.582473128000061 ], [ -74.142910979999954, 4.583189662000052 ], [ -74.143061183999976, 4.584141475000024 ], [ -74.143275759999938, 4.584783145000074 ], [ -74.144284270999947, 4.587189405000061 ], [ -74.144938729999978, 4.58895399000005 ], [ -74.145035289999953, 4.589264129000071 ], [ -74.145110390999946, 4.589670518000048 ], [ -74.145088933999943, 4.590387044000067 ], [ -74.145164035999983, 4.592932312000073 ], [ -74.145185492999985, 4.593809251000039 ], [ -74.145174763999989, 4.59580909500005 ], [ -74.145185492999985, 4.596675336000033 ], [ -74.144820712999945, 4.598311566000064 ], [ -74.144531033999954, 4.599081556000044 ], [ -74.143780015999937, 4.601188328000035 ] ], [ [ -74.143705655999952, 4.601292192000074 ], [ -74.141774464999969, 4.606382640000049 ], [ -74.141216565999969, 4.607901212000058 ], [ -74.140851784999938, 4.611109452000051 ] ], [ [ -74.14081959899994, 4.611323335000066 ], [ -74.140347529999985, 4.614028939000036 ], [ -74.139660884999955, 4.617055353000069 ], [ -74.13932829099997, 4.618434880000052 ] ], [ [ -74.139221001999942, 4.618670148000035 ], [ -74.138427067999942, 4.62179278800005 ], [ -74.138191033999988, 4.624209617000076 ], [ -74.138062287999958, 4.625685375000046 ] ], [ [ -74.137997914999971, 4.625920640000061 ], [ -74.137547303999952, 4.630262345000062 ], [ -74.137075234999941, 4.634646798000063 ], [ -74.136688996999965, 4.636486122000065 ], [ -74.135916520999956, 4.638582089000067 ], [ -74.135551739999983, 4.639159548000066 ] ], [ [ -74.13553028299998, 4.639352035000059 ], [ -74.134028245999957, 4.641704641000047 ], [ -74.132740784999953, 4.643223138000053 ], [ -74.13160352899996, 4.644506372000023 ] ], [ [ -74.131391633999954, 4.644688163000069 ], [ -74.129675019999979, 4.646302895000076 ], [ -74.126338351999948, 4.648922817000027 ], [ -74.121746410999947, 4.654119857000069 ], [ -74.12018, 4.656033984000032 ], [ -74.111285794999958, 4.666395842000043 ], [ -74.10676895499995, 4.671026014000063 ] ], [ [ -74.106532920999939, 4.671245224000074 ], [ -74.105283011999973, 4.672485634000054 ], [ -74.10390972099998, 4.67397733100006 ], [ -74.10365759299998, 4.67450664200004 ] ], [ [ -74.103633452999986, 4.674661693000076 ], [ -74.102946807999956, 4.675880711000048 ], [ -74.101101447999952, 4.678382898000052 ], [ -74.09951357999995, 4.680500127000073 ], [ -74.099277545999939, 4.680799533000027 ] ], [ [ -74.099159527999973, 4.680949235000071 ], [ -74.098687459999951, 4.681526660000031 ], [ -74.094159890999947, 4.688006613000027 ], [ -74.092400361999978, 4.690615686000058 ] ], [ [ -74.092314530999943, 4.690808159000028 ], [ -74.091220189999945, 4.692882578000024 ], [ -74.09061937499996, 4.694016021000039 ], [ -74.090190220999943, 4.694486507000022 ], [ -74.089814711999963, 4.694817985000043 ], [ -74.089278269999966, 4.695181541000068 ], [ -74.088484336999954, 4.69556648300005 ], [ -74.087497283999937, 4.695833804000074 ], [ -74.084643412999981, 4.696646458000032 ], [ -74.083334494999974, 4.696967242000028 ], [ -74.08284096899996, 4.69715971200003 ], [ -74.082508374999975, 4.697405647000039 ], [ -74.082089949999954, 4.697918901000037 ], [ -74.081821728999955, 4.698688781000044 ], [ -74.081059981999942, 4.70182175900004 ], [ -74.080877591999979, 4.702794797000024 ], [ -74.080931235999969, 4.703243891000056 ], [ -74.081231642999967, 4.704131385000039 ], [ -74.081746627999962, 4.705660439000042 ], [ -74.081714440999974, 4.706184379000035 ], [ -74.081532050999954, 4.706793861000051 ], [ -74.080287505999934, 4.709263860000021 ], [ -74.080030013999988, 4.709627409000063 ] ], [ [ -74.07988785699996, 4.70989739700002 ], [ -74.079775203999986, 4.710143327000026 ], [ -74.079228032999936, 4.710950618000027 ], [ -74.078723777999983, 4.711618905000023 ], [ -74.078074682999954, 4.712383424000052 ], [ -74.077087629999937, 4.714120964000074 ], [ -74.076556552999989, 4.715072600000042 ], [ -74.076282967999987, 4.715323874000035 ], [ -74.07597719599994, 4.71596007900007 ], [ -74.075424660999943, 4.717895421000037 ], [ -74.075059879999969, 4.719440483000028 ], [ -74.074882854999942, 4.720033915000045 ], [ -74.074705828999981, 4.721151275000068 ], [ -74.074566353999955, 4.721525510000049 ], [ -74.07418011599998, 4.722263287000033 ], [ -74.072340119999978, 4.724391075000028 ], [ -74.071363795999957, 4.725545851000049 ], [ -74.071095575999948, 4.725877315000048 ] ], [ [ -74.070902455999942, 4.726108537000073 ], [ -74.070290912999951, 4.726899771000035 ], [ -74.069743741999957, 4.727562696000064 ], [ -74.069250215999944, 4.728343236000057 ], [ -74.068488467999941, 4.729551467000022 ] ], [ [ -74.068389226999955, 4.729771996000068 ], [ -74.067230511999981, 4.732509220000054 ], [ -74.066458035999972, 4.735075357000028 ], [ -74.065814305999936, 4.737898097000027 ], [ -74.065342236999982, 4.74016483500003 ], [ -74.064998913999943, 4.742260491000025 ] ], [ [ -74.065084744999979, 4.742482352000025 ], [ -74.064998913999943, 4.743399199000066 ], [ -74.064950634999946, 4.744214471000021 ], [ -74.06487016799997, 4.745842338000045 ], [ -74.064746786999933, 4.747152113000027 ] ], [ [ -74.064744104999988, 4.747240322000039 ], [ -74.064829934999977, 4.748865509000041 ], [ -74.065302003999989, 4.753334753000047 ], [ -74.065580953999984, 4.755430369000067 ] ], [ [ -74.065579338999953, 4.755497074000061 ], [ -74.065772457999969, 4.756812176000039 ], [ -74.065976305999982, 4.757763753000063 ], [ -74.066180152999948, 4.758587026000043 ], [ -74.066233797999985, 4.758939858000076 ], [ -74.066158695999945, 4.75942099100007 ], [ -74.065987033999988, 4.759987658000057 ], [ -74.065793914999972, 4.760244262000072 ] ] ] } },
{ "type": "Feature", "properties": { "camera_id": "DEI-006/CAM-01", "segment_id": "1002347", "distance_m": 24.025, "install_date": "2019-12-26T00:00:00", "accidents_pre": 1653, "accidents_post": 3648, "speed_pre_kph": 28.948, "speed_post_kph": 36.625, "n_pre_obs": 2835.0, "n_post_obs": 31961.0 }, "geometry": { "type": "MultiLineString", "coordinates": [ [ [ -74.139327548999972, 4.573265070000048 ], [ -74.139756701999943, 4.575093858000059 ], [ -74.140250228999946, 4.576377215000036 ], [ -74.140786670999944, 4.577307647000055 ], [ -74.142514012999982, 4.581414368000026 ], [ -74.142717860999937, 4.582002569000053 ], [ -74.142835877999971, 4.582473128000061 ], [ -74.142910979999954, 4.583189662000052 ], [ -74.143061183999976, 4.584141475000024 ], [ -74.143275759999938, 4.584783145000074 ], [ -74.144284270999947, 4.587189405000061 ], [ -74.144938729999978, 4.58895399000005 ], [ -74.145035289999953, 4.589264129000071 ], [ -74.145110390999946, 4.589670518000048 ], [ -74.145088933999943, 4.590387044000067 ], [ -74.145164035999983, 4.592932312000073 ], [ -74.145185492999985, 4.593809251000039 ], [ -74.145174763999989, 4.59580909500005 ], [ -74.145185492999985, 4.596675336000033 ], [ -74.144820712999945, 4.598311566000064 ], [ -74.144531033999954, 4.599081556000044 ], [ -74.143780015999937, 4.601188328000035 ] ] ] } },
{ "type": "Feature", "properties": { "camera_id": "DEI-006/CAM-01", "segment_id": "1002419", "distance_m": 26.805, "install_date": "2019-12-26T00:00:00", "accidents_pre": 1653, "accidents_post": 3648, "speed_pre_kph": null, "speed_post_kph": null, "n_pre_obs": null, "n_post_obs": null }, "geometry": { "type": "MultiLineString", "coordinates": [ [ [ -74.144681237999976, 4.588381837000043 ], [ -74.144895814999984, 4.58904489300005 ], [ -74.144981644999973, 4.589472671000067 ], [ -74.145003102999965, 4.589986003000035 ], [ -74.145067475999952, 4.592039330000034 ], [ -74.145174763999989, 4.593408212000043 ], [ -74.14504601799996, 4.596937347000051 ], [ -74.14472415299997, 4.598284831000058 ], [ -74.143694184999958, 4.601108121000038 ] ] ] } },
{ "type": "Feature", "properties": { "camera_id": "DEI-006/CAM-02", "segment_id": "36", "distance_m": 15.862, "install_date": "2019-12-26T00:00:00", "accidents_pre": 1653, "accidents_post": 3648, "speed_pre_kph": 25.45, "speed_post_kph": 30.859, "n_pre_obs": 30766.0, "n_post_obs": 30345.0 }, "geometry": { "type": "MultiLineString", "coordinates": [ [ [ -74.106749437999952, 4.506778537000059 ], [ -74.109410188999959, 4.506735755000022 ], [ -74.111706159999983, 4.506757146000041 ], [ -74.112543009999968, 4.506842711000047 ], [ -74.113015077999989, 4.507078016000037 ], [ -74.113873384999977, 4.507655581000051 ] ], [ [ -74.11390309899997, 4.50809761000005 ], [ -74.114434176999964, 4.50856821800005 ], [ -74.114997439999968, 4.508937217000039 ], [ -74.115753822999977, 4.509316912000031 ], [ -74.117406063999965, 4.509980040000073 ], [ -74.120560341999976, 4.511220731000037 ], [ -74.120984130999943, 4.511439990000042 ], [ -74.121332817999985, 4.511691337000059 ], [ -74.12155275899994, 4.511985466000056 ], [ -74.121692233999966, 4.512274246000061 ], [ -74.121745877999956, 4.512488158000053 ], [ -74.121761971999945, 4.512766243000044 ], [ -74.121660047999967, 4.513279630000056 ], [ -74.121338182999978, 4.51464866200007 ], [ -74.121311359999936, 4.515392002000056 ], [ -74.121563487999936, 4.517215588000056 ], [ -74.12178879399994, 4.518835956000032 ], [ -74.121976547999964, 4.519670204000022 ], [ -74.122330599999941, 4.520450973000038 ], [ -74.122518353999965, 4.520729055000061 ] ], [ [ -74.122467182999969, 4.520672070000046 ], [ -74.123389862999943, 4.521805788000052 ], [ -74.124484203999941, 4.523025067000049 ], [ -74.125557087999937, 4.524201563000076 ], [ -74.12594332599997, 4.524886069000047 ], [ -74.126200817999973, 4.52610534300004 ], [ -74.126715801999978, 4.530319310000039 ], [ -74.127273701999968, 4.534169613000074 ], [ -74.127745769999933, 4.535453043000075 ], [ -74.128260753999939, 4.536201709000068 ], [ -74.12909760399998, 4.536971765000033 ], [ -74.131930015999956, 4.539110806000053 ], [ -74.13265957699997, 4.539752516000021 ], [ -74.13321747699996, 4.540330056000073 ] ], [ [ -74.133300624999947, 4.540412943000035 ], [ -74.133847795999941, 4.541434331000062 ], [ -74.134411059999934, 4.542509193000058 ], [ -74.135607324999967, 4.544824686000027 ], [ -74.136572919999935, 4.546813972000052 ], [ -74.136787496999943, 4.547605407000049 ], [ -74.136680208999962, 4.548418231000028 ], [ -74.136229596999954, 4.55025777700007 ], [ -74.136122308999973, 4.551177548000055 ], [ -74.136229596999954, 4.551862028000073 ], [ -74.136508546999949, 4.552546507000045 ] ], [ [ -74.136473677999959, 4.552559876000032 ], [ -74.137439273999973, 4.555169448000072 ], [ -74.138404868999942, 4.558078468000076 ], [ -74.138876937999953, 4.559404634000032 ], [ -74.13894131099994, 4.559896599000069 ], [ -74.138791106999975, 4.561030255000048 ], [ -74.138254664999977, 4.564538160000041 ], [ -74.137975714999982, 4.566677119000076 ], [ -74.137975714999982, 4.567746596000063 ], [ -74.138190291999933, 4.568880239000066 ], [ -74.139284632999988, 4.573115345000076 ] ], [ [ -74.139327548999972, 4.573265070000048 ], [ -74.139756701999943, 4.575093858000059 ], [ -74.140250228999946, 4.576377215000036 ], [ -74.140786670999944, 4.577307647000055 ], [ -74.142514012999982, 4.581414368000026 ], [ -74.142717860999937, 4.582002569000053 ], [ -74.142835877999971, 4.582473128000061 ], [ -74.142910979999954, 4.583189662000052 ], [ -74.143061183999976, 4.584141475000024 ], [ -74.143275759999938, 4.584783145000074 ], [ -74.144284270999947, 4.587189405000061 ], [ -74.144938729999978, 4.58895399000005 ], [ -74.145035289999953, 4.589264129000071 ], [ -74.145110390999946, 4.589670518000048 ], [ -74.145088933999943, 4.590387044000067 ], [ -74.145164035999983, 4.592932312000073 ], [ -74.145185492999985, 4.593809251000039 ], [ -74.145174763999989, 4.59580909500005 ], [ -74.145185492999985, 4.596675336000033 ], [ -74.144820712999945, 4.598311566000064 ], [ -74.144531033999954, 4.599081556000044 ], [ -74.143780015999937, 4.601188328000035 ] ], [ [ -74.143705655999952, 4.601292192000074 ], [ -74.141774464999969, 4.606382640000049 ], [ -74.141216565999969, 4.607901212000058 ], [ -74.140851784999938, 4.611109452000051 ] ], [ [ -74.14081959899994, 4.611323335000066 ], [ -74.140347529999985, 4.614028939000036 ], [ -74.139660884999955, 4.617055353000069 ], [ -74.13932829099997, 4.618434880000052 ] ], [ [ -74.139221001999942, 4.618670148000035 ], [ -74.138427067999942, 4.62179278800005 ], [ -74.138191033999988, 4.624209617000076 ], [ -74.138062287999958, 4.625685375000046 ] ], [ [ -74.137997914999971, 4.625920640000061 ], [ -74.137547303999952, 4.630262345000062 ], [ -74.137075234999941, 4.634646798000063 ], [ -74.136688996999965, 4.636486122000065 ], [ -74.135916520999956, 4.638582089000067 ], [ -74.135551739999983, 4.639159548000066 ] ], [ [ -74.13553028299998, 4.639352035000059 ], [ -74.134028245999957, 4.641704641000047 ], [ -74.132740784999953, 4.643223138000053 ], [ -74.13160352899996, 4.644506372000023 ] ], [ [ -74.131391633999954, 4.644688163000069 ], [ -74.129675019999979, 4.646302895000076 ], [ -74.126338351999948, 4.648922817000027 ], [ -74.121746410999947, 4.654119857000069 ], [ -74.12018, 4.656033984000032 ], [ -74.111285794999958, 4.666395842000043 ], [ -74.10676895499995, 4.671026014000063 ] ], [ [ -74.106532920999939, 4.671245224000074 ], [ -74.105283011999973, 4.672485634000054 ], [ -74.10390972099998, 4.67397733100006 ], [ -74.10365759299998, 4.67450664200004 ] ], [ [ -74.103633452999986, 4.674661693000076 ], [ -74.102946807999956, 4.675880711000048 ], [ -74.101101447999952, 4.678382898000052 ], [ -74.09951357999995, 4.680500127000073 ], [ -74.099277545999939, 4.680799533000027 ] ], [ [ -74.099159527999973, 4.680949235000071 ], [ -74.098687459999951, 4.681526660000031 ], [ -74.094159890999947, 4.688006613000027 ], [ -74.092400361999978, 4.690615686000058 ] ], [ [ -74.092314530999943, 4.690808159000028 ], [ -74.091220189999945, 4.692882578000024 ], [ -74.09061937499996, 4.694016021000039 ], [ -74.090190220999943, 4.694486507000022 ], [ -74.089814711999963, 4.694817985000043 ], [ -74.089278269999966, 4.695181541000068 ], [ -74.088484336999954, 4.69556648300005 ], [ -74.087497283999937, 4.695833804000074 ], [ -74.084643412999981, 4.696646458000032 ], [ -74.083334494999974, 4.696967242000028 ], [ -74.08284096899996, 4.69715971200003 ], [ -74.082508374999975, 4.697405647000039 ], [ -74.082089949999954, 4.697918901000037 ], [ -74.081821728999955, 4.698688781000044 ], [ -74.081059981999942, 4.70182175900004 ], [ -74.080877591999979, 4.702794797000024 ], [ -74.080931235999969, 4.703243891000056 ], [ -74.081231642999967, 4.704131385000039 ], [ -74.081746627999962, 4.705660439000042 ], [ -74.081714440999974, 4.706184379000035 ], [ -74.081532050999954, 4.706793861000051 ], [ -74.080287505999934, 4.709263860000021 ], [ -74.080030013999988, 4.709627409000063 ] ], [ [ -74.07988785699996, 4.70989739700002 ], [ -74.079775203999986, 4.710143327000026 ], [ -74.079228032999936, 4.710950618000027 ], [ -74.078723777999983, 4.711618905000023 ], [ -74.078074682999954, 4.712383424000052 ], [ -74.077087629999937, 4.714120964000074 ], [ -74.076556552999989, 4.715072600000042 ], [ -74.076282967999987, 4.715323874000035 ], [ -74.07597719599994, 4.71596007900007 ], [ -74.075424660999943, 4.717895421000037 ], [ -74.075059879999969, 4.719440483000028 ], [ -74.074882854999942, 4.720033915000045 ], [ -74.074705828999981, 4.721151275000068 ], [ -74.074566353999955, 4.721525510000049 ], [ -74.07418011599998, 4.722263287000033 ], [ -74.072340119999978, 4.724391075000028 ], [ -74.071363795999957, 4.725545851000049 ], [ -74.071095575999948, 4.725877315000048 ] ], [ [ -74.070902455999942, 4.726108537000073 ], [ -74.070290912999951, 4.726899771000035 ], [ -74.069743741999957, 4.727562696000064 ], [ -74.069250215999944, 4.728343236000057 ], [ -74.068488467999941, 4.729551467000022 ] ], [ [ -74.068389226999955, 4.729771996000068 ], [ -74.067230511999981, 4.732509220000054 ], [ -74.066458035999972, 4.735075357000028 ], [ -74.065814305999936, 4.737898097000027 ], [ -74.065342236999982, 4.74016483500003 ], [ -74.064998913999943, 4.742260491000025 ] ], [ [ -74.065084744999979, 4.742482352000025 ], [ -74.064998913999943, 4.743399199000066 ], [ -74.064950634999946, 4.744214471000021 ], [ -74.06487016799997, 4.745842338000045 ], [ -74.064746786999933, 4.747152113000027 ] ], [ [ -74.064744104999988, 4.747240322000039 ], [ -74.064829934999977, 4.748865509000041 ], [ -74.065302003999989, 4.753334753000047 ], [ -74.065580953999984, 4.755430369000067 ] ], [ [ -74.065579338999953, 4.755497074000061 ], [ -74.065772457999969, 4.756812176000039 ], [ -74.065976305999982, 4.757763753000063 ], [ -74.066180152999948, 4.758587026000043 ], [ -74.066233797999985, 4.758939858000076 ], [ -74.066158695999945, 4.75942099100007 ], [ -74.065987033999988, 4.759987658000057 ], [ -74.065793914999972, 4.760244262000072 ] ] ] } },
{ "type": "Feature", "properties": { "camera_id": "DEI-006/CAM-02", "segment_id": "1002347", "distance_m": 15.862, "install_date": "2019-12-26T00:00:00", "accidents_pre": 1653, "accidents_post": 3648, "speed_pre_kph": 28.948, "speed_post_kph": 36.625, "n_pre_obs": 2835.0, "n_post_obs": 31961.0 }, "geometry": { "type": "MultiLineString", "coordinates": [ [ [ -74.139327548999972, 4.573265070000048 ], [ -74.139756701999943, 4.575093858000059 ], [ -74.140250228999946, 4.576377215000036 ], [ -74.140786670999944, 4.577307647000055 ], [ -74.142514012999982, 4.581414368000026 ], [ -74.142717860999937, 4.582002569000053 ], [ -74.142835877999971, 4.582473128000061 ], [ -74.142910979999954, 4.583189662000052 ], [ -74.143061183999976, 4.584141475000024 ], [ -74.143275759999938, 4.584783145000074 ], [ -74.144284270999947, 4.587189405000061 ], [ -74.144938729999978, 4.58895399000005 ], [ -74.145035289999953, 4.589264129000071 ], [ -74.145110390999946, 4.589670518000048 ], [ -74.145088933999943, 4.590387044000067 ], [ -74.145164035999983, 4.592932312000073 ], [ -74.145185492999985, 4.593809251000039 ], [ -74.145174763999989, 4.59580909500005 ], [ -74.145185492999985, 4.596675336000033 ], [ -74.144820712999945, 4.598311566000064 ], [ -74.144531033999954, 4.599081556000044 ], [ -74.143780015999937, 4.601188328000035 ] ] ] } },
{ "type": "Feature", "properties": { "camera_id": "DEI-006/CAM-02", "segment_id": "1002419", "distance_m": 18.521, "install_date": "2019-12-26T00:00:00", "accidents_pre": 1653, "accidents_post": 3648, "speed_pre_kph": null, "speed_post_kph": null, "n_pre_obs": null, "n_post_obs": null }, "geometry": { "type": "MultiLineString", "coordinates": [ [ [ -74.144681237999976, 4.588381837000043 ], [ -74.144895814999984, 4.58904489300005 ], [ -74.144981644999973, 4.589472671000067 ], [ -74.145003102999965, 4.589986003000035 ], [ -74.145067475999952, 4.592039330000034 ], [ -74.145174763999989, 4.593408212000043 ], [ -74.14504601799996, 4.596937347000051 ], [ -74.14472415299997, 4.598284831000058 ], [ -74.143694184999958, 4.601108121000038 ] ] ] } },
{ "type": "Feature", "properties": { "camera_id": "DEI-006/CAM-02", "segment_id": "35", "distance_m": 27.859, "install_date": "2019-12-26T00:00:00", "accidents_pre": 1653, "accidents_post": 3648, "speed_pre_kph": 27.967, "speed_post_kph": 32.059, "n_pre_obs": 31004.0, "n_post_obs": 31463.0 }, "geometry": { "type": "MultiLineString", "coordinates": [ [ [ -74.065944118999937, 4.760351180000043 ], [ -74.066190881999944, 4.759966274000021 ], [ -74.066255254999987, 4.759656211000049 ], [ -74.066394729999956, 4.759014701000069 ], [ -74.066416187999948, 4.758672561000026 ], [ -74.066233797999985, 4.757977590000053 ], [ -74.065901203999942, 4.756534187000057 ], [ -74.065729541999985, 4.755497074000061 ] ], [ [ -74.065731156999959, 4.755366218000063 ], [ -74.065216172999953, 4.751581273000056 ], [ -74.065065969999978, 4.749528413000064 ], [ -74.064958680999951, 4.748223988000063 ], [ -74.064980138999942, 4.747261706000074 ] ], [ [ -74.064964045999943, 4.747189535000075 ], [ -74.065071333999981, 4.745842338000045 ], [ -74.06515716499996, 4.744986973000039 ], [ -74.065178621999962, 4.744131607000043 ], [ -74.065242994999949, 4.743201396000075 ], [ -74.065267134999942, 4.742546505000064 ] ], [ [ -74.06537442399997, 4.742485025000065 ], [ -74.065524626999945, 4.74141581400005 ], [ -74.06603961199994, 4.738614473000041 ], [ -74.066812087999949, 4.735150203000046 ], [ -74.06736998699995, 4.733204216000047 ], [ -74.068743277999943, 4.729889611000033 ] ], [ [ -74.068882752999968, 4.729579535000028 ], [ -74.069483567999953, 4.728553073000057 ], [ -74.070556450999959, 4.727184455000042 ], [ -74.071200181999984, 4.726329067000052 ] ], [ [ -74.071353067999951, 4.726077796000027 ], [ -74.074013818999958, 4.722870082000043 ], [ -74.075129617999949, 4.72107375500002 ], [ -74.075365651999959, 4.720154205000028 ], [ -74.075537313999973, 4.718657260000043 ], [ -74.075558770999976, 4.71848618100006 ], [ -74.076052297999979, 4.716540148000036 ], [ -74.076395620999961, 4.715684747000068 ], [ -74.077039350999939, 4.714636879000068 ], [ -74.078176606999989, 4.712776376000022 ], [ -74.078906167999946, 4.711749889000032 ], [ -74.079442609999944, 4.711129719000041 ], [ -74.080000508999944, 4.710210156000073 ] ], [ [ -74.080080975999977, 4.710076498000035 ], [ -74.081194091999976, 4.70805559300004 ], [ -74.081880737999938, 4.706606739000051 ], [ -74.081982661999973, 4.706013297000027 ], [ -74.081923652999933, 4.705521434000048 ], [ -74.081456948999971, 4.704077921000021 ], [ -74.081285287999947, 4.703548633000025 ], [ -74.081215549999968, 4.703153002000022 ], [ -74.081242371999963, 4.702618367000071 ], [ -74.081574965999948, 4.701404742000022 ], [ -74.081918288999987, 4.70006814900006 ], [ -74.082368899999949, 4.698309188000053 ], [ -74.082556654999962, 4.69788147600002 ], [ -74.082862425999963, 4.69755 ], [ -74.083441783999945, 4.697170405000065 ], [ -74.085850406999953, 4.696544876000075 ], [ -74.088301945999945, 4.695833804000074 ], [ -74.088870574999987, 4.695625293000035 ], [ -74.089439202999984, 4.695304509000039 ], [ -74.089750338999977, 4.695122730000037 ], [ -74.089954186999989, 4.694999763000055 ], [ -74.090442348999943, 4.694695017000072 ], [ -74.090748120999933, 4.694352846000072 ], [ -74.091289926999934, 4.693294253000033 ], [ -74.09180491099994, 4.692273084000021 ], [ -74.092448640999976, 4.691091520000043 ], [ -74.092588115999945, 4.690840237000032 ] ], [ [ -74.092765141999962, 4.690840237000032 ], [ -74.096992303999968, 4.684830802000022 ], [ -74.098816205999981, 4.682093391000024 ], [ -74.099438477999968, 4.681323492000047 ] ], [ [ -74.099599410999986, 4.681098938000048 ], [ -74.101509143999976, 4.678596760000062 ], [ -74.103161383999975, 4.676372595000032 ], [ -74.103762198999959, 4.675581303000058 ], [ -74.10386948699994, 4.675068033000059 ] ], [ [ -74.104244996999967, 4.674287433000075 ], [ -74.105081845999962, 4.673389207000071 ], [ -74.106873561999976, 4.671560674000034 ] ], [ [ -74.107187379999971, 4.671459088000063 ], [ -74.112251390999973, 4.666283563000036 ], [ -74.118559945999948, 4.658926551000036 ], [ -74.125683892999973, 4.650585660000047 ], [ -74.127057183999966, 4.649302437000074 ], [ -74.131177056999945, 4.646051596000063 ], [ -74.131777871999986, 4.645495529000073 ] ], [ [ -74.131946850999952, 4.645147988000076 ], [ -74.132740784999953, 4.644185563000065 ], [ -74.133813668999949, 4.64268845600003 ], [ -74.134993840999982, 4.641063022000026 ], [ -74.135852147999969, 4.639608683000063 ] ], [ [ -74.135959435999951, 4.639352035000059 ], [ -74.13651733599994, 4.638218503000076 ], [ -74.136882115999981, 4.63710635800004 ], [ -74.137289811999949, 4.635823110000047 ], [ -74.137611676999938, 4.633491872000036 ], [ -74.137869168999941, 4.631096463000063 ], [ -74.138362694999955, 4.62585647700007 ] ], [ [ -74.138427067999942, 4.625663987000053 ], [ -74.138684559999945, 4.623140224000053 ], [ -74.138942052999937, 4.621407806000036 ], [ -74.139521409999986, 4.618841252000038 ] ], [ [ -74.139735985999948, 4.618520432000025 ], [ -74.140487004999954, 4.615440554000031 ], [ -74.141152192999982, 4.612317886000028 ], [ -74.141259480999963, 4.611013205000063 ] ], [ [ -74.141345311999942, 4.610831406000045 ], [ -74.141624261999937, 4.608157872000049 ], [ -74.143791485999941, 4.602254674000051 ], [ -74.144113351999977, 4.601399134000076 ] ], [ [ -74.144185770999968, 4.60133229500002 ], [ -74.145258654999964, 4.598252342000023 ], [ -74.145430315999988, 4.597482352000043 ], [ -74.145559061999961, 4.596199033000062 ], [ -74.145559061999961, 4.59465904700005 ], [ -74.145559061999961, 4.589739626000039 ], [ -74.145301569999958, 4.588584627000046 ], [ -74.143670786999962, 4.584477947000039 ], [ -74.143499125999938, 4.583879054000022 ], [ -74.143263090999938, 4.582146540000053 ], [ -74.143027056999983, 4.581184030000031 ], [ -74.141761053999971, 4.578275104000056 ], [ -74.140301932999989, 4.575301998000043 ], [ -74.139679659999956, 4.573098897000023 ] ], [ [ -74.139778159999935, 4.572976314000073 ], [ -74.138876937999953, 4.569211776000031 ], [ -74.138576529999966, 4.567671732000065 ], [ -74.138662360999945, 4.566559476000066 ], [ -74.139520667999989, 4.560099802000025 ], [ -74.139477752999937, 4.559415329000046 ], [ -74.137031577999949, 4.552399451000042 ] ], [ [ -74.136935017999974, 4.552239026000052 ], [ -74.136666796999975, 4.551265781000041 ], [ -74.136677525999971, 4.550656166000067 ], [ -74.137299798999948, 4.548367429000052 ], [ -74.137342713999942, 4.547640166000065 ], [ -74.13726761199996, 4.546902206000027 ], [ -74.135229132999939, 4.543009190000021 ], [ -74.133812926999951, 4.540314013000057 ] ], [ [ -74.133668087999979, 4.540094762000024 ], [ -74.133131645999981, 4.539367490000075 ], [ -74.132015846999934, 4.53851187500004 ], [ -74.130857132999949, 4.537592088000054 ], [ -74.129719875999967, 4.536779251000041 ], [ -74.128968857999951, 4.536094757000058 ], [ -74.128432415999953, 4.535495824000066 ], [ -74.128024719999985, 4.534789938000074 ], [ -74.127724312999987, 4.533592069000065 ], [ -74.127295158999971, 4.530233747000068 ], [ -74.126908920999938, 4.527025145000039 ], [ -74.12660851399994, 4.525442229000021 ], [ -74.126157902999978, 4.524222954000038 ], [ -74.125170849999961, 4.523025067000049 ], [ -74.122939251999981, 4.520500943000059 ] ], [ [ -74.122856312999943, 4.520461668000053 ], [ -74.122212582999964, 4.518964302000029 ], [ -74.121998005999956, 4.51661129200005 ], [ -74.121869259999983, 4.515071136000074 ], [ -74.122212582999964, 4.513488194000047 ], [ -74.122384243999988, 4.512760895000042 ], [ -74.122083836999934, 4.511776902000065 ], [ -74.121096783999974, 4.510750124000026 ], [ -74.119208508999975, 4.510108388000049 ], [ -74.115946941999937, 4.508867695000049 ], [ -74.114359074999982, 4.507883697000068 ], [ -74.114101582999979, 4.507584218000034 ] ], [ [ -74.113980673999947, 4.507377494000025 ], [ -74.112929247999944, 4.506671581000035 ], [ -74.112328432999959, 4.506479059000071 ], [ -74.110418699999968, 4.506500450000033 ], [ -74.10672797999996, 4.506457667000063 ] ] ] } },
{ "type": "Feature", "properties": { "camera_id": "DEI-006/CAM-02", "segment_id": "1002267", "distance_m": 27.859, "install_date": "2019-12-26T00:00:00", "accidents_pre": 1653, "accidents_post": 3648, "speed_pre_kph": 28.8, "speed_post_kph": 32.49, "n_pre_obs": 5762.0, "n_post_obs": 31994.0 }, "geometry": { "type": "MultiLineString", "coordinates": [ [ [ -74.144185770999968, 4.60133229500002 ], [ -74.145258654999964, 4.598252342000023 ], [ -74.145430315999988, 4.597482352000043 ], [ -74.145559061999961, 4.596199033000062 ], [ -74.145559061999961, 4.59465904700005 ], [ -74.145559061999961, 4.589739626000039 ], [ -74.145301569999958, 4.588584627000046 ], [ -74.143670786999962, 4.584477947000039 ], [ -74.143499125999938, 4.583879054000022 ], [ -74.143263090999938, 4.582146540000053 ], [ -74.143027056999983, 4.581184030000031 ], [ -74.141761053999971, 4.578275104000056 ], [ -74.140301932999989, 4.575301998000043 ], [ -74.139679659999956, 4.573098897000023 ] ] ] } },
{ "type": "Feature", "properties": { "camera_id": "DEI-007/CAM-01", "segment_id": "36", "distance_m": 3.498, "install_date": "2019-12-26T00:00:00", "accidents_pre": 938, "accidents_post": 2339, "speed_pre_kph": 25.45, "speed_post_kph": 30.859, "n_pre_obs": 30766.0, "n_post_obs": 30345.0 }, "geometry": { "type": "MultiLineString", "coordinates": [ [ [ -74.106749437999952, 4.506778537000059 ], [ -74.109410188999959, 4.506735755000022 ], [ -74.111706159999983, 4.506757146000041 ], [ -74.112543009999968, 4.506842711000047 ], [ -74.113015077999989, 4.507078016000037 ], [ -74.113873384999977, 4.507655581000051 ] ], [ [ -74.11390309899997, 4.50809761000005 ], [ -74.114434176999964, 4.50856821800005 ], [ -74.114997439999968, 4.508937217000039 ], [ -74.115753822999977, 4.509316912000031 ], [ -74.117406063999965, 4.509980040000073 ], [ -74.120560341999976, 4.511220731000037 ], [ -74.120984130999943, 4.511439990000042 ], [ -74.121332817999985, 4.511691337000059 ], [ -74.12155275899994, 4.511985466000056 ], [ -74.121692233999966, 4.512274246000061 ], [ -74.121745877999956, 4.512488158000053 ], [ -74.121761971999945, 4.512766243000044 ], [ -74.121660047999967, 4.513279630000056 ], [ -74.121338182999978, 4.51464866200007 ], [ -74.121311359999936, 4.515392002000056 ], [ -74.121563487999936, 4.517215588000056 ], [ -74.12178879399994, 4.518835956000032 ], [ -74.121976547999964, 4.519670204000022 ], [ -74.122330599999941, 4.520450973000038 ], [ -74.122518353999965, 4.520729055000061 ] ], [ [ -74.122467182999969, 4.520672070000046 ], [ -74.123389862999943, 4.521805788000052 ], [ -74.124484203999941, 4.523025067000049 ], [ -74.125557087999937, 4.524201563000076 ], [ -74.12594332599997, 4.524886069000047 ], [ -74.126200817999973, 4.52610534300004 ], [ -74.126715801999978, 4.530319310000039 ], [ -74.127273701999968, 4.534169613000074 ], [ -74.127745769999933, 4.535453043000075 ], [ -74.128260753999939, 4.536201709000068 ], [ -74.12909760399998, 4.536971765000033 ], [ -74.131930015999956, 4.539110806000053 ], [ -74.13265957699997, 4.539752516000021 ], [ -74.13321747699996, 4.540330056000073 ] ], [ [ -74.133300624999947, 4.540412943000035 ], [ -74.133847795999941, 4.541434331000062 ], [ -74.134411059999934, 4.542509193000058 ], [ -74.135607324999967, 4.544824686000027 ], [ -74.136572919999935, 4.546813972000052 ], [ -74.136787496999943, 4.547605407000049 ], [ -74.136680208999962, 4.548418231000028 ], [ -74.136229596999954, 4.55025777700007 ], [ -74.136122308999973, 4.551177548000055 ], [ -74.136229596999954, 4.551862028000073 ], [ -74.136508546999949, 4.552546507000045 ] ], [ [ -74.136473677999959, 4.552559876000032 ], [ -74.137439273999973, 4.555169448000072 ], [ -74.138404868999942, 4.558078468000076 ], [ -74.138876937999953, 4.559404634000032 ], [ -74.13894131099994, 4.559896599000069 ], [ -74.138791106999975, 4.561030255000048 ], [ -74.138254664999977, 4.564538160000041 ], [ -74.137975714999982, 4.566677119000076 ], [ -74.137975714999982, 4.567746596000063 ], [ -74.138190291999933, 4.568880239000066 ], [ -74.139284632999988, 4.573115345000076 ] ], [ [ -74.139327548999972, 4.573265070000048 ], [ -74.139756701999943, 4.575093858000059 ], [ -74.140250228999946, 4.576377215000036 ], [ -74.140786670999944, 4.577307647000055 ], [ -74.142514012999982, 4.581414368000026 ], [ -74.142717860999937, 4.582002569000053 ], [ -74.142835877999971, 4.582473128000061 ], [ -74.142910979999954, 4.583189662000052 ], [ -74.143061183999976, 4.584141475000024 ], [ -74.143275759999938, 4.584783145000074 ], [ -74.144284270999947, 4.587189405000061 ], [ -74.144938729999978, 4.58895399000005 ], [ -74.145035289999953, 4.589264129000071 ], [ -74.145110390999946, 4.589670518000048 ], [ -74.145088933999943, 4.590387044000067 ], [ -74.145164035999983, 4.592932312000073 ], [ -74.145185492999985, 4.593809251000039 ], [ -74.145174763999989, 4.59580909500005 ], [ -74.145185492999985, 4.596675336000033 ], [ -74.144820712999945, 4.598311566000064 ], [ -74.144531033999954, 4.599081556000044 ], [ -74.143780015999937, 4.601188328000035 ] ], [ [ -74.143705655999952, 4.601292192000074 ], [ -74.141774464999969, 4.606382640000049 ], [ -74.141216565999969, 4.607901212000058 ], [ -74.140851784999938, 4.611109452000051 ] ], [ [ -74.14081959899994, 4.611323335000066 ], [ -74.140347529999985, 4.614028939000036 ], [ -74.139660884999955, 4.617055353000069 ], [ -74.13932829099997, 4.618434880000052 ] ], [ [ -74.139221001999942, 4.618670148000035 ], [ -74.138427067999942, 4.62179278800005 ], [ -74.138191033999988, 4.624209617000076 ], [ -74.138062287999958, 4.625685375000046 ] ], [ [ -74.137997914999971, 4.625920640000061 ], [ -74.137547303999952, 4.630262345000062 ], [ -74.137075234999941, 4.634646798000063 ], [ -74.136688996999965, 4.636486122000065 ], [ -74.135916520999956, 4.638582089000067 ], [ -74.135551739999983, 4.639159548000066 ] ], [ [ -74.13553028299998, 4.639352035000059 ], [ -74.134028245999957, 4.641704641000047 ], [ -74.132740784999953, 4.643223138000053 ], [ -74.13160352899996, 4.644506372000023 ] ], [ [ -74.131391633999954, 4.644688163000069 ], [ -74.129675019999979, 4.646302895000076 ], [ -74.126338351999948, 4.648922817000027 ], [ -74.121746410999947, 4.654119857000069 ], [ -74.12018, 4.656033984000032 ], [ -74.111285794999958, 4.666395842000043 ], [ -74.10676895499995, 4.671026014000063 ] ], [ [ -74.106532920999939, 4.671245224000074 ], [ -74.105283011999973, 4.672485634000054 ], [ -74.10390972099998, 4.67397733100006 ], [ -74.10365759299998, 4.67450664200004 ] ], [ [ -74.103633452999986, 4.674661693000076 ], [ -74.102946807999956, 4.675880711000048 ], [ -74.101101447999952, 4.678382898000052 ], [ -74.09951357999995, 4.680500127000073 ], [ -74.099277545999939, 4.680799533000027 ] ], [ [ -74.099159527999973, 4.680949235000071 ], [ -74.098687459999951, 4.681526660000031 ], [ -74.094159890999947, 4.688006613000027 ], [ -74.092400361999978, 4.690615686000058 ] ], [ [ -74.092314530999943, 4.690808159000028 ], [ -74.091220189999945, 4.692882578000024 ], [ -74.09061937499996, 4.694016021000039 ], [ -74.090190220999943, 4.694486507000022 ], [ -74.089814711999963, 4.694817985000043 ], [ -74.089278269999966, 4.695181541000068 ], [ -74.088484336999954, 4.69556648300005 ], [ -74.087497283999937, 4.695833804000074 ], [ -74.084643412999981, 4.696646458000032 ], [ -74.083334494999974, 4.696967242000028 ], [ -74.08284096899996, 4.69715971200003 ], [ -74.082508374999975, 4.697405647000039 ], [ -74.082089949999954, 4.697918901000037 ], [ -74.081821728999955, 4.698688781000044 ], [ -74.081059981999942, 4.70182175900004 ], [ -74.080877591999979, 4.702794797000024 ], [ -74.080931235999969, 4.703243891000056 ], [ -74.081231642999967, 4.704131385000039 ], [ -74.081746627999962, 4.705660439000042 ], [ -74.081714440999974, 4.706184379000035 ], [ -74.081532050999954, 4.706793861000051 ], [ -74.080287505999934, 4.709263860000021 ], [ -74.080030013999988, 4.709627409000063 ] ], [ [ -74.07988785699996, 4.70989739700002 ], [ -74.079775203999986, 4.710143327000026 ], [ -74.079228032999936, 4.710950618000027 ], [ -74.078723777999983, 4.711618905000023 ], [ -74.078074682999954, 4.712383424000052 ], [ -74.077087629999937, 4.714120964000074 ], [ -74.076556552999989, 4.715072600000042 ], [ -74.076282967999987, 4.715323874000035 ], [ -74.07597719599994, 4.71596007900007 ], [ -74.075424660999943, 4.717895421000037 ], [ -74.075059879999969, 4.719440483000028 ], [ -74.074882854999942, 4.720033915000045 ], [ -74.074705828999981, 4.721151275000068 ], [ -74.074566353999955, 4.721525510000049 ], [ -74.07418011599998, 4.722263287000033 ], [ -74.072340119999978, 4.724391075000028 ], [ -74.071363795999957, 4.725545851000049 ], [ -74.071095575999948, 4.725877315000048 ] ], [ [ -74.070902455999942, 4.726108537000073 ], [ -74.070290912999951, 4.726899771000035 ], [ -74.069743741999957, 4.727562696000064 ], [ -74.069250215999944, 4.728343236000057 ], [ -74.068488467999941, 4.729551467000022 ] ], [ [ -74.068389226999955, 4.729771996000068 ], [ -74.067230511999981, 4.732509220000054 ], [ -74.066458035999972, 4.735075357000028 ], [ -74.065814305999936, 4.737898097000027 ], [ -74.065342236999982, 4.74016483500003 ], [ -74.064998913999943, 4.742260491000025 ] ], [ [ -74.065084744999979, 4.742482352000025 ], [ -74.064998913999943, 4.743399199000066 ], [ -74.064950634999946, 4.744214471000021 ], [ -74.06487016799997, 4.745842338000045 ], [ -74.064746786999933, 4.747152113000027 ] ], [ [ -74.064744104999988, 4.747240322000039 ], [ -74.064829934999977, 4.748865509000041 ], [ -74.065302003999989, 4.753334753000047 ], [ -74.065580953999984, 4.755430369000067 ] ], [ [ -74.065579338999953, 4.755497074000061 ], [ -74.065772457999969, 4.756812176000039 ], [ -74.065976305999982, 4.757763753000063 ], [ -74.066180152999948, 4.758587026000043 ], [ -74.066233797999985, 4.758939858000076 ], [ -74.066158695999945, 4.75942099100007 ], [ -74.065987033999988, 4.759987658000057 ], [ -74.065793914999972, 4.760244262000072 ] ] ] } },
{ "type": "Feature", "properties": { "camera_id": "DEI-007/CAM-01", "segment_id": "1001023", "distance_m": 3.498, "install_date": "2019-12-26T00:00:00", "accidents_pre": 938, "accidents_post": 2339, "speed_pre_kph": 34.352, "speed_post_kph": 40.134, "n_pre_obs": 31583.0, "n_post_obs": 31477.0 }, "geometry": { "type": "MultiLineString", "coordinates": [ [ [ -74.131391633999954, 4.644688163000069 ], [ -74.129675019999979, 4.646302895000076 ], [ -74.126338351999948, 4.648922817000027 ], [ -74.121746410999947, 4.654119857000069 ], [ -74.12018, 4.656033984000032 ], [ -74.111285794999958, 4.666395842000043 ], [ -74.10676895499995, 4.671026014000063 ] ] ] } },
{ "type": "Feature", "properties": { "camera_id": "DEI-007/CAM-02", "segment_id": "35", "distance_m": 4.61, "install_date": "2019-12-26T00:00:00", "accidents_pre": 1659, "accidents_post": 3675, "speed_pre_kph": 27.967, "speed_post_kph": 32.059, "n_pre_obs": 31004.0, "n_post_obs": 31463.0 }, "geometry": { "type": "MultiLineString", "coordinates": [ [ [ -74.065944118999937, 4.760351180000043 ], [ -74.066190881999944, 4.759966274000021 ], [ -74.066255254999987, 4.759656211000049 ], [ -74.066394729999956, 4.759014701000069 ], [ -74.066416187999948, 4.758672561000026 ], [ -74.066233797999985, 4.757977590000053 ], [ -74.065901203999942, 4.756534187000057 ], [ -74.065729541999985, 4.755497074000061 ] ], [ [ -74.065731156999959, 4.755366218000063 ], [ -74.065216172999953, 4.751581273000056 ], [ -74.065065969999978, 4.749528413000064 ], [ -74.064958680999951, 4.748223988000063 ], [ -74.064980138999942, 4.747261706000074 ] ], [ [ -74.064964045999943, 4.747189535000075 ], [ -74.065071333999981, 4.745842338000045 ], [ -74.06515716499996, 4.744986973000039 ], [ -74.065178621999962, 4.744131607000043 ], [ -74.065242994999949, 4.743201396000075 ], [ -74.065267134999942, 4.742546505000064 ] ], [ [ -74.06537442399997, 4.742485025000065 ], [ -74.065524626999945, 4.74141581400005 ], [ -74.06603961199994, 4.738614473000041 ], [ -74.066812087999949, 4.735150203000046 ], [ -74.06736998699995, 4.733204216000047 ], [ -74.068743277999943, 4.729889611000033 ] ], [ [ -74.068882752999968, 4.729579535000028 ], [ -74.069483567999953, 4.728553073000057 ], [ -74.070556450999959, 4.727184455000042 ], [ -74.071200181999984, 4.726329067000052 ] ], [ [ -74.071353067999951, 4.726077796000027 ], [ -74.074013818999958, 4.722870082000043 ], [ -74.075129617999949, 4.72107375500002 ], [ -74.075365651999959, 4.720154205000028 ], [ -74.075537313999973, 4.718657260000043 ], [ -74.075558770999976, 4.71848618100006 ], [ -74.076052297999979, 4.716540148000036 ], [ -74.076395620999961, 4.715684747000068 ], [ -74.077039350999939, 4.714636879000068 ], [ -74.078176606999989, 4.712776376000022 ], [ -74.078906167999946, 4.711749889000032 ], [ -74.079442609999944, 4.711129719000041 ], [ -74.080000508999944, 4.710210156000073 ] ], [ [ -74.080080975999977, 4.710076498000035 ], [ -74.081194091999976, 4.70805559300004 ], [ -74.081880737999938, 4.706606739000051 ], [ -74.081982661999973, 4.706013297000027 ], [ -74.081923652999933, 4.705521434000048 ], [ -74.081456948999971, 4.704077921000021 ], [ -74.081285287999947, 4.703548633000025 ], [ -74.081215549999968, 4.703153002000022 ], [ -74.081242371999963, 4.702618367000071 ], [ -74.081574965999948, 4.701404742000022 ], [ -74.081918288999987, 4.70006814900006 ], [ -74.082368899999949, 4.698309188000053 ], [ -74.082556654999962, 4.69788147600002 ], [ -74.082862425999963, 4.69755 ], [ -74.083441783999945, 4.697170405000065 ], [ -74.085850406999953, 4.696544876000075 ], [ -74.088301945999945, 4.695833804000074 ], [ -74.088870574999987, 4.695625293000035 ], [ -74.089439202999984, 4.695304509000039 ], [ -74.089750338999977, 4.695122730000037 ], [ -74.089954186999989, 4.694999763000055 ], [ -74.090442348999943, 4.694695017000072 ], [ -74.090748120999933, 4.694352846000072 ], [ -74.091289926999934, 4.693294253000033 ], [ -74.09180491099994, 4.692273084000021 ], [ -74.092448640999976, 4.691091520000043 ], [ -74.092588115999945, 4.690840237000032 ] ], [ [ -74.092765141999962, 4.690840237000032 ], [ -74.096992303999968, 4.684830802000022 ], [ -74.098816205999981, 4.682093391000024 ], [ -74.099438477999968, 4.681323492000047 ] ], [ [ -74.099599410999986, 4.681098938000048 ], [ -74.101509143999976, 4.678596760000062 ], [ -74.103161383999975, 4.676372595000032 ], [ -74.103762198999959, 4.675581303000058 ], [ -74.10386948699994, 4.675068033000059 ] ], [ [ -74.104244996999967, 4.674287433000075 ], [ -74.105081845999962, 4.673389207000071 ], [ -74.106873561999976, 4.671560674000034 ] ], [ [ -74.107187379999971, 4.671459088000063 ], [ -74.112251390999973, 4.666283563000036 ], [ -74.118559945999948, 4.658926551000036 ], [ -74.125683892999973, 4.650585660000047 ], [ -74.127057183999966, 4.649302437000074 ], [ -74.131177056999945, 4.646051596000063 ], [ -74.131777871999986, 4.645495529000073 ] ], [ [ -74.131946850999952, 4.645147988000076 ], [ -74.132740784999953, 4.644185563000065 ], [ -74.133813668999949, 4.64268845600003 ], [ -74.134993840999982, 4.641063022000026 ], [ -74.135852147999969, 4.639608683000063 ] ], [ [ -74.135959435999951, 4.639352035000059 ], [ -74.13651733599994, 4.638218503000076 ], [ -74.136882115999981, 4.63710635800004 ], [ -74.137289811999949, 4.635823110000047 ], [ -74.137611676999938, 4.633491872000036 ], [ -74.137869168999941, 4.631096463000063 ], [ -74.138362694999955, 4.62585647700007 ] ], [ [ -74.138427067999942, 4.625663987000053 ], [ -74.138684559999945, 4.623140224000053 ], [ -74.138942052999937, 4.621407806000036 ], [ -74.139521409999986, 4.618841252000038 ] ], [ [ -74.139735985999948, 4.618520432000025 ], [ -74.140487004999954, 4.615440554000031 ], [ -74.141152192999982, 4.612317886000028 ], [ -74.141259480999963, 4.611013205000063 ] ], [ [ -74.141345311999942, 4.610831406000045 ], [ -74.141624261999937, 4.608157872000049 ], [ -74.143791485999941, 4.602254674000051 ], [ -74.144113351999977, 4.601399134000076 ] ], [ [ -74.144185770999968, 4.60133229500002 ], [ -74.145258654999964, 4.598252342000023 ], [ -74.145430315999988, 4.597482352000043 ], [ -74.145559061999961, 4.596199033000062 ], [ -74.145559061999961, 4.59465904700005 ], [ -74.145559061999961, 4.589739626000039 ], [ -74.145301569999958, 4.588584627000046 ], [ -74.143670786999962, 4.584477947000039 ], [ -74.143499125999938, 4.583879054000022 ], [ -74.143263090999938, 4.582146540000053 ], [ -74.143027056999983, 4.581184030000031 ], [ -74.141761053999971, 4.578275104000056 ], [ -74.140301932999989, 4.575301998000043 ], [ -74.139679659999956, 4.573098897000023 ] ], [ [ -74.139778159999935, 4.572976314000073 ], [ -74.138876937999953, 4.569211776000031 ], [ -74.138576529999966, 4.567671732000065 ], [ -74.138662360999945, 4.566559476000066 ], [ -74.139520667999989, 4.560099802000025 ], [ -74.139477752999937, 4.559415329000046 ], [ -74.137031577999949, 4.552399451000042 ] ], [ [ -74.136935017999974, 4.552239026000052 ], [ -74.136666796999975, 4.551265781000041 ], [ -74.136677525999971, 4.550656166000067 ], [ -74.137299798999948, 4.548367429000052 ], [ -74.137342713999942, 4.547640166000065 ], [ -74.13726761199996, 4.546902206000027 ], [ -74.135229132999939, 4.543009190000021 ], [ -74.133812926999951, 4.540314013000057 ] ], [ [ -74.133668087999979, 4.540094762000024 ], [ -74.133131645999981, 4.539367490000075 ], [ -74.132015846999934, 4.53851187500004 ], [ -74.130857132999949, 4.537592088000054 ], [ -74.129719875999967, 4.536779251000041 ], [ -74.128968857999951, 4.536094757000058 ], [ -74.128432415999953, 4.535495824000066 ], [ -74.128024719999985, 4.534789938000074 ], [ -74.127724312999987, 4.533592069000065 ], [ -74.127295158999971, 4.530233747000068 ], [ -74.126908920999938, 4.527025145000039 ], [ -74.12660851399994, 4.525442229000021 ], [ -74.126157902999978, 4.524222954000038 ], [ -74.125170849999961, 4.523025067000049 ], [ -74.122939251999981, 4.520500943000059 ] ], [ [ -74.122856312999943, 4.520461668000053 ], [ -74.122212582999964, 4.518964302000029 ], [ -74.121998005999956, 4.51661129200005 ], [ -74.121869259999983, 4.515071136000074 ], [ -74.122212582999964, 4.513488194000047 ], [ -74.122384243999988, 4.512760895000042 ], [ -74.122083836999934, 4.511776902000065 ], [ -74.121096783999974, 4.510750124000026 ], [ -74.119208508999975, 4.510108388000049 ], [ -74.115946941999937, 4.508867695000049 ], [ -74.114359074999982, 4.507883697000068 ], [ -74.114101582999979, 4.507584218000034 ] ], [ [ -74.113980673999947, 4.507377494000025 ], [ -74.112929247999944, 4.506671581000035 ], [ -74.112328432999959, 4.506479059000071 ], [ -74.110418699999968, 4.506500450000033 ], [ -74.10672797999996, 4.506457667000063 ] ] ] } },
{ "type": "Feature", "properties": { "camera_id": "DEI-007/CAM-02", "segment_id": "150", "distance_m": 29.094, "install_date": "2019-12-26T00:00:00", "accidents_pre": 1659, "accidents_post": 3675, "speed_pre_kph": 14.9, "speed_post_kph": 16.233, "n_pre_obs": 6023.0, "n_post_obs": 32148.0 }, "geometry": { "type": "MultiLineString", "coordinates": [ [ [ -74.106886972999973, 4.671566263000045 ], [ -74.107294667999952, 4.67203676400004 ], [ -74.108415831999935, 4.674063120000028 ], [ -74.109338511999965, 4.675688478000041 ], [ -74.109864224999967, 4.676629472000059 ], [ -74.110336292999989, 4.677452842000037 ], [ -74.111280430999955, 4.678244131000042 ], [ -74.112396229999945, 4.679249281000068 ], [ -74.111677397999983, 4.681238191000034 ] ] ] } },
{ "type": "Feature", "properties": { "camera_id": "DEI-007/CAM-02", "segment_id": "1002293", "distance_m": 29.094, "install_date": "2019-12-26T00:00:00", "accidents_pre": 1659, "accidents_post": 3675, "speed_pre_kph": 17.082, "speed_post_kph": 17.936, "n_pre_obs": 6068.0, "n_post_obs": 32162.0 }, "geometry": { "type": "MultiLineString", "coordinates": [ [ [ -74.106886972999973, 4.671566263000045 ], [ -74.107294667999952, 4.67203676400004 ], [ -74.108415831999935, 4.674063120000028 ], [ -74.109338511999965, 4.675688478000041 ], [ -74.109864224999967, 4.676629472000059 ], [ -74.110336292999989, 4.677452842000037 ], [ -74.111280430999955, 4.678244131000042 ], [ -74.112396229999945, 4.679249281000068 ], [ -74.111677397999983, 4.681238191000034 ] ] ] } },
{ "type": "Feature", "properties": { "camera_id": "DEI-007/CAM-02", "segment_id": "36", "distance_m": 47.159, "install_date": "2019-12-26T00:00:00", "accidents_pre": 1659, "accidents_post": 3675, "speed_pre_kph": 25.45, "speed_post_kph": 30.859, "n_pre_obs": 30766.0, "n_post_obs": 30345.0 }, "geometry": { "type": "MultiLineString", "coordinates": [ [ [ -74.106749437999952, 4.506778537000059 ], [ -74.109410188999959, 4.506735755000022 ], [ -74.111706159999983, 4.506757146000041 ], [ -74.112543009999968, 4.506842711000047 ], [ -74.113015077999989, 4.507078016000037 ], [ -74.113873384999977, 4.507655581000051 ] ], [ [ -74.11390309899997, 4.50809761000005 ], [ -74.114434176999964, 4.50856821800005 ], [ -74.114997439999968, 4.508937217000039 ], [ -74.115753822999977, 4.509316912000031 ], [ -74.117406063999965, 4.509980040000073 ], [ -74.120560341999976, 4.511220731000037 ], [ -74.120984130999943, 4.511439990000042 ], [ -74.121332817999985, 4.511691337000059 ], [ -74.12155275899994, 4.511985466000056 ], [ -74.121692233999966, 4.512274246000061 ], [ -74.121745877999956, 4.512488158000053 ], [ -74.121761971999945, 4.512766243000044 ], [ -74.121660047999967, 4.513279630000056 ], [ -74.121338182999978, 4.51464866200007 ], [ -74.121311359999936, 4.515392002000056 ], [ -74.121563487999936, 4.517215588000056 ], [ -74.12178879399994, 4.518835956000032 ], [ -74.121976547999964, 4.519670204000022 ], [ -74.122330599999941, 4.520450973000038 ], [ -74.122518353999965, 4.520729055000061 ] ], [ [ -74.122467182999969, 4.520672070000046 ], [ -74.123389862999943, 4.521805788000052 ], [ -74.124484203999941, 4.523025067000049 ], [ -74.125557087999937, 4.524201563000076 ], [ -74.12594332599997, 4.524886069000047 ], [ -74.126200817999973, 4.52610534300004 ], [ -74.126715801999978, 4.530319310000039 ], [ -74.127273701999968, 4.534169613000074 ], [ -74.127745769999933, 4.535453043000075 ], [ -74.128260753999939, 4.536201709000068 ], [ -74.12909760399998, 4.536971765000033 ], [ -74.131930015999956, 4.539110806000053 ], [ -74.13265957699997, 4.539752516000021 ], [ -74.13321747699996, 4.540330056000073 ] ], [ [ -74.133300624999947, 4.540412943000035 ], [ -74.133847795999941, 4.541434331000062 ], [ -74.134411059999934, 4.542509193000058 ], [ -74.135607324999967, 4.544824686000027 ], [ -74.136572919999935, 4.546813972000052 ], [ -74.136787496999943, 4.547605407000049 ], [ -74.136680208999962, 4.548418231000028 ], [ -74.136229596999954, 4.55025777700007 ], [ -74.136122308999973, 4.551177548000055 ], [ -74.136229596999954, 4.551862028000073 ], [ -74.136508546999949, 4.552546507000045 ] ], [ [ -74.136473677999959, 4.552559876000032 ], [ -74.137439273999973, 4.555169448000072 ], [ -74.138404868999942, 4.558078468000076 ], [ -74.138876937999953, 4.559404634000032 ], [ -74.13894131099994, 4.559896599000069 ], [ -74.138791106999975, 4.561030255000048 ], [ -74.138254664999977, 4.564538160000041 ], [ -74.137975714999982, 4.566677119000076 ], [ -74.137975714999982, 4.567746596000063 ], [ -74.138190291999933, 4.568880239000066 ], [ -74.139284632999988, 4.573115345000076 ] ], [ [ -74.139327548999972, 4.573265070000048 ], [ -74.139756701999943, 4.575093858000059 ], [ -74.140250228999946, 4.576377215000036 ], [ -74.140786670999944, 4.577307647000055 ], [ -74.142514012999982, 4.581414368000026 ], [ -74.142717860999937, 4.582002569000053 ], [ -74.142835877999971, 4.582473128000061 ], [ -74.142910979999954, 4.583189662000052 ], [ -74.143061183999976, 4.584141475000024 ], [ -74.143275759999938, 4.584783145000074 ], [ -74.144284270999947, 4.587189405000061 ], [ -74.144938729999978, 4.58895399000005 ], [ -74.145035289999953, 4.589264129000071 ], [ -74.145110390999946, 4.589670518000048 ], [ -74.145088933999943, 4.590387044000067 ], [ -74.145164035999983, 4.592932312000073 ], [ -74.145185492999985, 4.593809251000039 ], [ -74.145174763999989, 4.59580909500005 ], [ -74.145185492999985, 4.596675336000033 ], [ -74.144820712999945, 4.598311566000064 ], [ -74.144531033999954, 4.599081556000044 ], [ -74.143780015999937, 4.601188328000035 ] ], [ [ -74.143705655999952, 4.601292192000074 ], [ -74.141774464999969, 4.606382640000049 ], [ -74.141216565999969, 4.607901212000058 ], [ -74.140851784999938, 4.611109452000051 ] ], [ [ -74.14081959899994, 4.611323335000066 ], [ -74.140347529999985, 4.614028939000036 ], [ -74.139660884999955, 4.617055353000069 ], [ -74.13932829099997, 4.618434880000052 ] ], [ [ -74.139221001999942, 4.618670148000035 ], [ -74.138427067999942, 4.62179278800005 ], [ -74.138191033999988, 4.624209617000076 ], [ -74.138062287999958, 4.625685375000046 ] ], [ [ -74.137997914999971, 4.625920640000061 ], [ -74.137547303999952, 4.630262345000062 ], [ -74.137075234999941, 4.634646798000063 ], [ -74.136688996999965, 4.636486122000065 ], [ -74.135916520999956, 4.638582089000067 ], [ -74.135551739999983, 4.639159548000066 ] ], [ [ -74.13553028299998, 4.639352035000059 ], [ -74.134028245999957, 4.641704641000047 ], [ -74.132740784999953, 4.643223138000053 ], [ -74.13160352899996, 4.644506372000023 ] ], [ [ -74.131391633999954, 4.644688163000069 ], [ -74.129675019999979, 4.646302895000076 ], [ -74.126338351999948, 4.648922817000027 ], [ -74.121746410999947, 4.654119857000069 ], [ -74.12018, 4.656033984000032 ], [ -74.111285794999958, 4.666395842000043 ], [ -74.10676895499995, 4.671026014000063 ] ], [ [ -74.106532920999939, 4.671245224000074 ], [ -74.105283011999973, 4.672485634000054 ], [ -74.10390972099998, 4.67397733100006 ], [ -74.10365759299998, 4.67450664200004 ] ], [ [ -74.103633452999986, 4.674661693000076 ], [ -74.102946807999956, 4.675880711000048 ], [ -74.101101447999952, 4.678382898000052 ], [ -74.09951357999995, 4.680500127000073 ], [ -74.099277545999939, 4.680799533000027 ] ], [ [ -74.099159527999973, 4.680949235000071 ], [ -74.098687459999951, 4.681526660000031 ], [ -74.094159890999947, 4.688006613000027 ], [ -74.092400361999978, 4.690615686000058 ] ], [ [ -74.092314530999943, 4.690808159000028 ], [ -74.091220189999945, 4.692882578000024 ], [ -74.09061937499996, 4.694016021000039 ], [ -74.090190220999943, 4.694486507000022 ], [ -74.089814711999963, 4.694817985000043 ], [ -74.089278269999966, 4.695181541000068 ], [ -74.088484336999954, 4.69556648300005 ], [ -74.087497283999937, 4.695833804000074 ], [ -74.084643412999981, 4.696646458000032 ], [ -74.083334494999974, 4.696967242000028 ], [ -74.08284096899996, 4.69715971200003 ], [ -74.082508374999975, 4.697405647000039 ], [ -74.082089949999954, 4.697918901000037 ], [ -74.081821728999955, 4.698688781000044 ], [ -74.081059981999942, 4.70182175900004 ], [ -74.080877591999979, 4.702794797000024 ], [ -74.080931235999969, 4.703243891000056 ], [ -74.081231642999967, 4.704131385000039 ], [ -74.081746627999962, 4.705660439000042 ], [ -74.081714440999974, 4.706184379000035 ], [ -74.081532050999954, 4.706793861000051 ], [ -74.080287505999934, 4.709263860000021 ], [ -74.080030013999988, 4.709627409000063 ] ], [ [ -74.07988785699996, 4.70989739700002 ], [ -74.079775203999986, 4.710143327000026 ], [ -74.079228032999936, 4.710950618000027 ], [ -74.078723777999983, 4.711618905000023 ], [ -74.078074682999954, 4.712383424000052 ], [ -74.077087629999937, 4.714120964000074 ], [ -74.076556552999989, 4.715072600000042 ], [ -74.076282967999987, 4.715323874000035 ], [ -74.07597719599994, 4.71596007900007 ], [ -74.075424660999943, 4.717895421000037 ], [ -74.075059879999969, 4.719440483000028 ], [ -74.074882854999942, 4.720033915000045 ], [ -74.074705828999981, 4.721151275000068 ], [ -74.074566353999955, 4.721525510000049 ], [ -74.07418011599998, 4.722263287000033 ], [ -74.072340119999978, 4.724391075000028 ], [ -74.071363795999957, 4.725545851000049 ], [ -74.071095575999948, 4.725877315000048 ] ], [ [ -74.070902455999942, 4.726108537000073 ], [ -74.070290912999951, 4.726899771000035 ], [ -74.069743741999957, 4.727562696000064 ], [ -74.069250215999944, 4.728343236000057 ], [ -74.068488467999941, 4.729551467000022 ] ], [ [ -74.068389226999955, 4.729771996000068 ], [ -74.067230511999981, 4.732509220000054 ], [ -74.066458035999972, 4.735075357000028 ], [ -74.065814305999936, 4.737898097000027 ], [ -74.065342236999982, 4.74016483500003 ], [ -74.064998913999943, 4.742260491000025 ] ], [ [ -74.065084744999979, 4.742482352000025 ], [ -74.064998913999943, 4.743399199000066 ], [ -74.064950634999946, 4.744214471000021 ], [ -74.06487016799997, 4.745842338000045 ], [ -74.064746786999933, 4.747152113000027 ] ], [ [ -74.064744104999988, 4.747240322000039 ], [ -74.064829934999977, 4.748865509000041 ], [ -74.065302003999989, 4.753334753000047 ], [ -74.065580953999984, 4.755430369000067 ] ], [ [ -74.065579338999953, 4.755497074000061 ], [ -74.065772457999969, 4.756812176000039 ], [ -74.065976305999982, 4.757763753000063 ], [ -74.066180152999948, 4.758587026000043 ], [ -74.066233797999985, 4.758939858000076 ], [ -74.066158695999945, 4.75942099100007 ], [ -74.065987033999988, 4.759987658000057 ], [ -74.065793914999972, 4.760244262000072 ] ] ] } },
{ "type": "Feature", "properties": { "camera_id": "DEI-007/CAM-02", "segment_id": "151", "distance_m": 54.874, "install_date": "2019-12-26T00:00:00", "accidents_pre": 1659, "accidents_post": 3675, "speed_pre_kph": 13.926, "speed_post_kph": 16.656, "n_pre_obs": 6009.0, "n_post_obs": 32466.0 }, "geometry": { "type": "MultiLineString", "coordinates": [ [ [ -74.111849058999951, 4.68140393300007 ], [ -74.112018037999974, 4.680858587000046 ], [ -74.11248206099998, 4.679703737000068 ], [ -74.112664450999944, 4.679227895000054 ], [ -74.112205792999987, 4.678762746000075 ], [ -74.111331392999944, 4.677982150000048 ], [ -74.110494543999948, 4.677233633000071 ], [ -74.109056879999969, 4.674677976000055 ], [ -74.108123470999942, 4.673015190000058 ], [ -74.107469011999967, 4.67186567300007 ], [ -74.107077408999942, 4.671432598000024 ] ] ] } },
{ "type": "Feature", "properties": { "camera_id": "DEI-007/CAM-02", "segment_id": "1002294", "distance_m": 54.874, "install_date": "2019-12-26T00:00:00", "accidents_pre": 1659, "accidents_post": 3675, "speed_pre_kph": 15.973, "speed_post_kph": 18.578, "n_pre_obs": 6051.0, "n_post_obs": 32471.0 }, "geometry": { "type": "MultiLineString", "coordinates": [ [ [ -74.111849058999951, 4.68140393300007 ], [ -74.112018037999974, 4.680858587000046 ], [ -74.11248206099998, 4.679703737000068 ], [ -74.112664450999944, 4.679227895000054 ], [ -74.112205792999987, 4.678762746000075 ], [ -74.111331392999944, 4.677982150000048 ], [ -74.110494543999948, 4.677233633000071 ], [ -74.109056879999969, 4.674677976000055 ], [ -74.108123470999942, 4.673015190000058 ], [ -74.107469011999967, 4.67186567300007 ], [ -74.107077408999942, 4.671432598000024 ] ] ] } },
{ "type": "Feature", "properties": { "camera_id": "DEI-007/CAM-03", "segment_id": "36", "distance_m": 1.706, "install_date": "2019-12-26T00:00:00", "accidents_pre": 1653, "accidents_post": 3648, "speed_pre_kph": 25.45, "speed_post_kph": 30.859, "n_pre_obs": 30766.0, "n_post_obs": 30345.0 }, "geometry": { "type": "MultiLineString", "coordinates": [ [ [ -74.106749437999952, 4.506778537000059 ], [ -74.109410188999959, 4.506735755000022 ], [ -74.111706159999983, 4.506757146000041 ], [ -74.112543009999968, 4.506842711000047 ], [ -74.113015077999989, 4.507078016000037 ], [ -74.113873384999977, 4.507655581000051 ] ], [ [ -74.11390309899997, 4.50809761000005 ], [ -74.114434176999964, 4.50856821800005 ], [ -74.114997439999968, 4.508937217000039 ], [ -74.115753822999977, 4.509316912000031 ], [ -74.117406063999965, 4.509980040000073 ], [ -74.120560341999976, 4.511220731000037 ], [ -74.120984130999943, 4.511439990000042 ], [ -74.121332817999985, 4.511691337000059 ], [ -74.12155275899994, 4.511985466000056 ], [ -74.121692233999966, 4.512274246000061 ], [ -74.121745877999956, 4.512488158000053 ], [ -74.121761971999945, 4.512766243000044 ], [ -74.121660047999967, 4.513279630000056 ], [ -74.121338182999978, 4.51464866200007 ], [ -74.121311359999936, 4.515392002000056 ], [ -74.121563487999936, 4.517215588000056 ], [ -74.12178879399994, 4.518835956000032 ], [ -74.121976547999964, 4.519670204000022 ], [ -74.122330599999941, 4.520450973000038 ], [ -74.122518353999965, 4.520729055000061 ] ], [ [ -74.122467182999969, 4.520672070000046 ], [ -74.123389862999943, 4.521805788000052 ], [ -74.124484203999941, 4.523025067000049 ], [ -74.125557087999937, 4.524201563000076 ], [ -74.12594332599997, 4.524886069000047 ], [ -74.126200817999973, 4.52610534300004 ], [ -74.126715801999978, 4.530319310000039 ], [ -74.127273701999968, 4.534169613000074 ], [ -74.127745769999933, 4.535453043000075 ], [ -74.128260753999939, 4.536201709000068 ], [ -74.12909760399998, 4.536971765000033 ], [ -74.131930015999956, 4.539110806000053 ], [ -74.13265957699997, 4.539752516000021 ], [ -74.13321747699996, 4.540330056000073 ] ], [ [ -74.133300624999947, 4.540412943000035 ], [ -74.133847795999941, 4.541434331000062 ], [ -74.134411059999934, 4.542509193000058 ], [ -74.135607324999967, 4.544824686000027 ], [ -74.136572919999935, 4.546813972000052 ], [ -74.136787496999943, 4.547605407000049 ], [ -74.136680208999962, 4.548418231000028 ], [ -74.136229596999954, 4.55025777700007 ], [ -74.136122308999973, 4.551177548000055 ], [ -74.136229596999954, 4.551862028000073 ], [ -74.136508546999949, 4.552546507000045 ] ], [ [ -74.136473677999959, 4.552559876000032 ], [ -74.137439273999973, 4.555169448000072 ], [ -74.138404868999942, 4.558078468000076 ], [ -74.138876937999953, 4.559404634000032 ], [ -74.13894131099994, 4.559896599000069 ], [ -74.138791106999975, 4.561030255000048 ], [ -74.138254664999977, 4.564538160000041 ], [ -74.137975714999982, 4.566677119000076 ], [ -74.137975714999982, 4.567746596000063 ], [ -74.138190291999933, 4.568880239000066 ], [ -74.139284632999988, 4.573115345000076 ] ], [ [ -74.139327548999972, 4.573265070000048 ], [ -74.139756701999943, 4.575093858000059 ], [ -74.140250228999946, 4.576377215000036 ], [ -74.140786670999944, 4.577307647000055 ], [ -74.142514012999982, 4.581414368000026 ], [ -74.142717860999937, 4.582002569000053 ], [ -74.142835877999971, 4.582473128000061 ], [ -74.142910979999954, 4.583189662000052 ], [ -74.143061183999976, 4.584141475000024 ], [ -74.143275759999938, 4.584783145000074 ], [ -74.144284270999947, 4.587189405000061 ], [ -74.144938729999978, 4.58895399000005 ], [ -74.145035289999953, 4.589264129000071 ], [ -74.145110390999946, 4.589670518000048 ], [ -74.145088933999943, 4.590387044000067 ], [ -74.145164035999983, 4.592932312000073 ], [ -74.145185492999985, 4.593809251000039 ], [ -74.145174763999989, 4.59580909500005 ], [ -74.145185492999985, 4.596675336000033 ], [ -74.144820712999945, 4.598311566000064 ], [ -74.144531033999954, 4.599081556000044 ], [ -74.143780015999937, 4.601188328000035 ] ], [ [ -74.143705655999952, 4.601292192000074 ], [ -74.141774464999969, 4.606382640000049 ], [ -74.141216565999969, 4.607901212000058 ], [ -74.140851784999938, 4.611109452000051 ] ], [ [ -74.14081959899994, 4.611323335000066 ], [ -74.140347529999985, 4.614028939000036 ], [ -74.139660884999955, 4.617055353000069 ], [ -74.13932829099997, 4.618434880000052 ] ], [ [ -74.139221001999942, 4.618670148000035 ], [ -74.138427067999942, 4.62179278800005 ], [ -74.138191033999988, 4.624209617000076 ], [ -74.138062287999958, 4.625685375000046 ] ], [ [ -74.137997914999971, 4.625920640000061 ], [ -74.137547303999952, 4.630262345000062 ], [ -74.137075234999941, 4.634646798000063 ], [ -74.136688996999965, 4.636486122000065 ], [ -74.135916520999956, 4.638582089000067 ], [ -74.135551739999983, 4.639159548000066 ] ], [ [ -74.13553028299998, 4.639352035000059 ], [ -74.134028245999957, 4.641704641000047 ], [ -74.132740784999953, 4.643223138000053 ], [ -74.13160352899996, 4.644506372000023 ] ], [ [ -74.131391633999954, 4.644688163000069 ], [ -74.129675019999979, 4.646302895000076 ], [ -74.126338351999948, 4.648922817000027 ], [ -74.121746410999947, 4.654119857000069 ], [ -74.12018, 4.656033984000032 ], [ -74.111285794999958, 4.666395842000043 ], [ -74.10676895499995, 4.671026014000063 ] ], [ [ -74.106532920999939, 4.671245224000074 ], [ -74.105283011999973, 4.672485634000054 ], [ -74.10390972099998, 4.67397733100006 ], [ -74.10365759299998, 4.67450664200004 ] ], [ [ -74.103633452999986, 4.674661693000076 ], [ -74.102946807999956, 4.675880711000048 ], [ -74.101101447999952, 4.678382898000052 ], [ -74.09951357999995, 4.680500127000073 ], [ -74.099277545999939, 4.680799533000027 ] ], [ [ -74.099159527999973, 4.680949235000071 ], [ -74.098687459999951, 4.681526660000031 ], [ -74.094159890999947, 4.688006613000027 ], [ -74.092400361999978, 4.690615686000058 ] ], [ [ -74.092314530999943, 4.690808159000028 ], [ -74.091220189999945, 4.692882578000024 ], [ -74.09061937499996, 4.694016021000039 ], [ -74.090190220999943, 4.694486507000022 ], [ -74.089814711999963, 4.694817985000043 ], [ -74.089278269999966, 4.695181541000068 ], [ -74.088484336999954, 4.69556648300005 ], [ -74.087497283999937, 4.695833804000074 ], [ -74.084643412999981, 4.696646458000032 ], [ -74.083334494999974, 4.696967242000028 ], [ -74.08284096899996, 4.69715971200003 ], [ -74.082508374999975, 4.697405647000039 ], [ -74.082089949999954, 4.697918901000037 ], [ -74.081821728999955, 4.698688781000044 ], [ -74.081059981999942, 4.70182175900004 ], [ -74.080877591999979, 4.702794797000024 ], [ -74.080931235999969, 4.703243891000056 ], [ -74.081231642999967, 4.704131385000039 ], [ -74.081746627999962, 4.705660439000042 ], [ -74.081714440999974, 4.706184379000035 ], [ -74.081532050999954, 4.706793861000051 ], [ -74.080287505999934, 4.709263860000021 ], [ -74.080030013999988, 4.709627409000063 ] ], [ [ -74.07988785699996, 4.70989739700002 ], [ -74.079775203999986, 4.710143327000026 ], [ -74.079228032999936, 4.710950618000027 ], [ -74.078723777999983, 4.711618905000023 ], [ -74.078074682999954, 4.712383424000052 ], [ -74.077087629999937, 4.714120964000074 ], [ -74.076556552999989, 4.715072600000042 ], [ -74.076282967999987, 4.715323874000035 ], [ -74.07597719599994, 4.71596007900007 ], [ -74.075424660999943, 4.717895421000037 ], [ -74.075059879999969, 4.719440483000028 ], [ -74.074882854999942, 4.720033915000045 ], [ -74.074705828999981, 4.721151275000068 ], [ -74.074566353999955, 4.721525510000049 ], [ -74.07418011599998, 4.722263287000033 ], [ -74.072340119999978, 4.724391075000028 ], [ -74.071363795999957, 4.725545851000049 ], [ -74.071095575999948, 4.725877315000048 ] ], [ [ -74.070902455999942, 4.726108537000073 ], [ -74.070290912999951, 4.726899771000035 ], [ -74.069743741999957, 4.727562696000064 ], [ -74.069250215999944, 4.728343236000057 ], [ -74.068488467999941, 4.729551467000022 ] ], [ [ -74.068389226999955, 4.729771996000068 ], [ -74.067230511999981, 4.732509220000054 ], [ -74.066458035999972, 4.735075357000028 ], [ -74.065814305999936, 4.737898097000027 ], [ -74.065342236999982, 4.74016483500003 ], [ -74.064998913999943, 4.742260491000025 ] ], [ [ -74.065084744999979, 4.742482352000025 ], [ -74.064998913999943, 4.743399199000066 ], [ -74.064950634999946, 4.744214471000021 ], [ -74.06487016799997, 4.745842338000045 ], [ -74.064746786999933, 4.747152113000027 ] ], [ [ -74.064744104999988, 4.747240322000039 ], [ -74.064829934999977, 4.748865509000041 ], [ -74.065302003999989, 4.753334753000047 ], [ -74.065580953999984, 4.755430369000067 ] ], [ [ -74.065579338999953, 4.755497074000061 ], [ -74.065772457999969, 4.756812176000039 ], [ -74.065976305999982, 4.757763753000063 ], [ -74.066180152999948, 4.758587026000043 ], [ -74.066233797999985, 4.758939858000076 ], [ -74.066158695999945, 4.75942099100007 ], [ -74.065987033999988, 4.759987658000057 ], [ -74.065793914999972, 4.760244262000072 ] ] ] } },
{ "type": "Feature", "properties": { "camera_id": "DEI-007/CAM-03", "segment_id": "35", "distance_m": 53.467, "install_date": "2019-12-26T00:00:00", "accidents_pre": 1653, "accidents_post": 3648, "speed_pre_kph": 27.967, "speed_post_kph": 32.059, "n_pre_obs": 31004.0, "n_post_obs": 31463.0 }, "geometry": { "type": "MultiLineString", "coordinates": [ [ [ -74.065944118999937, 4.760351180000043 ], [ -74.066190881999944, 4.759966274000021 ], [ -74.066255254999987, 4.759656211000049 ], [ -74.066394729999956, 4.759014701000069 ], [ -74.066416187999948, 4.758672561000026 ], [ -74.066233797999985, 4.757977590000053 ], [ -74.065901203999942, 4.756534187000057 ], [ -74.065729541999985, 4.755497074000061 ] ], [ [ -74.065731156999959, 4.755366218000063 ], [ -74.065216172999953, 4.751581273000056 ], [ -74.065065969999978, 4.749528413000064 ], [ -74.064958680999951, 4.748223988000063 ], [ -74.064980138999942, 4.747261706000074 ] ], [ [ -74.064964045999943, 4.747189535000075 ], [ -74.065071333999981, 4.745842338000045 ], [ -74.06515716499996, 4.744986973000039 ], [ -74.065178621999962, 4.744131607000043 ], [ -74.065242994999949, 4.743201396000075 ], [ -74.065267134999942, 4.742546505000064 ] ], [ [ -74.06537442399997, 4.742485025000065 ], [ -74.065524626999945, 4.74141581400005 ], [ -74.06603961199994, 4.738614473000041 ], [ -74.066812087999949, 4.735150203000046 ], [ -74.06736998699995, 4.733204216000047 ], [ -74.068743277999943, 4.729889611000033 ] ], [ [ -74.068882752999968, 4.729579535000028 ], [ -74.069483567999953, 4.728553073000057 ], [ -74.070556450999959, 4.727184455000042 ], [ -74.071200181999984, 4.726329067000052 ] ], [ [ -74.071353067999951, 4.726077796000027 ], [ -74.074013818999958, 4.722870082000043 ], [ -74.075129617999949, 4.72107375500002 ], [ -74.075365651999959, 4.720154205000028 ], [ -74.075537313999973, 4.718657260000043 ], [ -74.075558770999976, 4.71848618100006 ], [ -74.076052297999979, 4.716540148000036 ], [ -74.076395620999961, 4.715684747000068 ], [ -74.077039350999939, 4.714636879000068 ], [ -74.078176606999989, 4.712776376000022 ], [ -74.078906167999946, 4.711749889000032 ], [ -74.079442609999944, 4.711129719000041 ], [ -74.080000508999944, 4.710210156000073 ] ], [ [ -74.080080975999977, 4.710076498000035 ], [ -74.081194091999976, 4.70805559300004 ], [ -74.081880737999938, 4.706606739000051 ], [ -74.081982661999973, 4.706013297000027 ], [ -74.081923652999933, 4.705521434000048 ], [ -74.081456948999971, 4.704077921000021 ], [ -74.081285287999947, 4.703548633000025 ], [ -74.081215549999968, 4.703153002000022 ], [ -74.081242371999963, 4.702618367000071 ], [ -74.081574965999948, 4.701404742000022 ], [ -74.081918288999987, 4.70006814900006 ], [ -74.082368899999949, 4.698309188000053 ], [ -74.082556654999962, 4.69788147600002 ], [ -74.082862425999963, 4.69755 ], [ -74.083441783999945, 4.697170405000065 ], [ -74.085850406999953, 4.696544876000075 ], [ -74.088301945999945, 4.695833804000074 ], [ -74.088870574999987, 4.695625293000035 ], [ -74.089439202999984, 4.695304509000039 ], [ -74.089750338999977, 4.695122730000037 ], [ -74.089954186999989, 4.694999763000055 ], [ -74.090442348999943, 4.694695017000072 ], [ -74.090748120999933, 4.694352846000072 ], [ -74.091289926999934, 4.693294253000033 ], [ -74.09180491099994, 4.692273084000021 ], [ -74.092448640999976, 4.691091520000043 ], [ -74.092588115999945, 4.690840237000032 ] ], [ [ -74.092765141999962, 4.690840237000032 ], [ -74.096992303999968, 4.684830802000022 ], [ -74.098816205999981, 4.682093391000024 ], [ -74.099438477999968, 4.681323492000047 ] ], [ [ -74.099599410999986, 4.681098938000048 ], [ -74.101509143999976, 4.678596760000062 ], [ -74.103161383999975, 4.676372595000032 ], [ -74.103762198999959, 4.675581303000058 ], [ -74.10386948699994, 4.675068033000059 ] ], [ [ -74.104244996999967, 4.674287433000075 ], [ -74.105081845999962, 4.673389207000071 ], [ -74.106873561999976, 4.671560674000034 ] ], [ [ -74.107187379999971, 4.671459088000063 ], [ -74.112251390999973, 4.666283563000036 ], [ -74.118559945999948, 4.658926551000036 ], [ -74.125683892999973, 4.650585660000047 ], [ -74.127057183999966, 4.649302437000074 ], [ -74.131177056999945, 4.646051596000063 ], [ -74.131777871999986, 4.645495529000073 ] ], [ [ -74.131946850999952, 4.645147988000076 ], [ -74.132740784999953, 4.644185563000065 ], [ -74.133813668999949, 4.64268845600003 ], [ -74.134993840999982, 4.641063022000026 ], [ -74.135852147999969, 4.639608683000063 ] ], [ [ -74.135959435999951, 4.639352035000059 ], [ -74.13651733599994, 4.638218503000076 ], [ -74.136882115999981, 4.63710635800004 ], [ -74.137289811999949, 4.635823110000047 ], [ -74.137611676999938, 4.633491872000036 ], [ -74.137869168999941, 4.631096463000063 ], [ -74.138362694999955, 4.62585647700007 ] ], [ [ -74.138427067999942, 4.625663987000053 ], [ -74.138684559999945, 4.623140224000053 ], [ -74.138942052999937, 4.621407806000036 ], [ -74.139521409999986, 4.618841252000038 ] ], [ [ -74.139735985999948, 4.618520432000025 ], [ -74.140487004999954, 4.615440554000031 ], [ -74.141152192999982, 4.612317886000028 ], [ -74.141259480999963, 4.611013205000063 ] ], [ [ -74.141345311999942, 4.610831406000045 ], [ -74.141624261999937, 4.608157872000049 ], [ -74.143791485999941, 4.602254674000051 ], [ -74.144113351999977, 4.601399134000076 ] ], [ [ -74.144185770999968, 4.60133229500002 ], [ -74.145258654999964, 4.598252342000023 ], [ -74.145430315999988, 4.597482352000043 ], [ -74.145559061999961, 4.596199033000062 ], [ -74.145559061999961, 4.59465904700005 ], [ -74.145559061999961, 4.589739626000039 ], [ -74.145301569999958, 4.588584627000046 ], [ -74.143670786999962, 4.584477947000039 ], [ -74.143499125999938, 4.583879054000022 ], [ -74.143263090999938, 4.582146540000053 ], [ -74.143027056999983, 4.581184030000031 ], [ -74.141761053999971, 4.578275104000056 ], [ -74.140301932999989, 4.575301998000043 ], [ -74.139679659999956, 4.573098897000023 ] ], [ [ -74.139778159999935, 4.572976314000073 ], [ -74.138876937999953, 4.569211776000031 ], [ -74.138576529999966, 4.567671732000065 ], [ -74.138662360999945, 4.566559476000066 ], [ -74.139520667999989, 4.560099802000025 ], [ -74.139477752999937, 4.559415329000046 ], [ -74.137031577999949, 4.552399451000042 ] ], [ [ -74.136935017999974, 4.552239026000052 ], [ -74.136666796999975, 4.551265781000041 ], [ -74.136677525999971, 4.550656166000067 ], [ -74.137299798999948, 4.548367429000052 ], [ -74.137342713999942, 4.547640166000065 ], [ -74.13726761199996, 4.546902206000027 ], [ -74.135229132999939, 4.543009190000021 ], [ -74.133812926999951, 4.540314013000057 ] ], [ [ -74.133668087999979, 4.540094762000024 ], [ -74.133131645999981, 4.539367490000075 ], [ -74.132015846999934, 4.53851187500004 ], [ -74.130857132999949, 4.537592088000054 ], [ -74.129719875999967, 4.536779251000041 ], [ -74.128968857999951, 4.536094757000058 ], [ -74.128432415999953, 4.535495824000066 ], [ -74.128024719999985, 4.534789938000074 ], [ -74.127724312999987, 4.533592069000065 ], [ -74.127295158999971, 4.530233747000068 ], [ -74.126908920999938, 4.527025145000039 ], [ -74.12660851399994, 4.525442229000021 ], [ -74.126157902999978, 4.524222954000038 ], [ -74.125170849999961, 4.523025067000049 ], [ -74.122939251999981, 4.520500943000059 ] ], [ [ -74.122856312999943, 4.520461668000053 ], [ -74.122212582999964, 4.518964302000029 ], [ -74.121998005999956, 4.51661129200005 ], [ -74.121869259999983, 4.515071136000074 ], [ -74.122212582999964, 4.513488194000047 ], [ -74.122384243999988, 4.512760895000042 ], [ -74.122083836999934, 4.511776902000065 ], [ -74.121096783999974, 4.510750124000026 ], [ -74.119208508999975, 4.510108388000049 ], [ -74.115946941999937, 4.508867695000049 ], [ -74.114359074999982, 4.507883697000068 ], [ -74.114101582999979, 4.507584218000034 ] ], [ [ -74.113980673999947, 4.507377494000025 ], [ -74.112929247999944, 4.506671581000035 ], [ -74.112328432999959, 4.506479059000071 ], [ -74.110418699999968, 4.506500450000033 ], [ -74.10672797999996, 4.506457667000063 ] ] ] } },
{ "type": "Feature", "properties": { "camera_id": "DEI-008/CAM-01", "segment_id": "148", "distance_m": 4.267, "install_date": "2019-12-26T00:00:00", "accidents_pre": 22, "accidents_post": 199, "speed_pre_kph": 24.1, "speed_post_kph": 31.275, "n_pre_obs": 5371.0, "n_post_obs": 32661.0 }, "geometry": { "type": "MultiLineString", "coordinates": [ [ [ -74.185765974999981, 4.617308404000028 ], [ -74.18492912499994, 4.616255043000024 ], [ -74.184371225999939, 4.615592013000025 ], [ -74.184237114999974, 4.615404867000052 ], [ -74.184124462999989, 4.615212374000066 ], [ -74.183459274999962, 4.613800758000025 ], [ -74.18242930699995, 4.611405283000067 ], [ -74.181490532999987, 4.609191599000042 ], [ -74.181479804999981, 4.608993758000054 ], [ -74.181562952999968, 4.608910878000074 ], [ -74.181632690999947, 4.608779875000039 ], [ -74.181630007999956, 4.608576686000049 ], [ -74.181514672999981, 4.608381518000044 ], [ -74.181318871999963, 4.608309332000033 ], [ -74.181238405999977, 4.608237147000068 ], [ -74.181179396999937, 4.608191697000052 ], [ -74.181106977999946, 4.607905628000026 ], [ -74.180785111999967, 4.606932459000063 ], [ -74.179521791999946, 4.603232265000031 ] ], [ [ -74.179501674999983, 4.603212214000052 ], [ -74.178772114999958, 4.601330027000074 ], [ -74.178047917999947, 4.599715192000076 ], [ -74.177613399999984, 4.598806178000075 ], [ -74.177522204999946, 4.598538820000044 ], [ -74.177506111999946, 4.597950634000028 ], [ -74.177554391999934, 4.59709508800006 ] ] ] } },
{ "type": "Feature", "properties": { "camera_id": "DEI-008/CAM-01", "segment_id": "1002289", "distance_m": 4.267, "install_date": "2019-12-26T00:00:00", "accidents_pre": 22, "accidents_post": 199, "speed_pre_kph": 31.841, "speed_post_kph": 41.67, "n_pre_obs": 5380.0, "n_post_obs": 32664.0 }, "geometry": { "type": "MultiLineString", "coordinates": [ [ [ -74.185765974999981, 4.617308404000028 ], [ -74.18492912499994, 4.616255043000024 ], [ -74.184371225999939, 4.615592013000025 ], [ -74.184237114999974, 4.615404867000052 ], [ -74.184124462999989, 4.615212374000066 ], [ -74.183459274999962, 4.613800758000025 ], [ -74.18242930699995, 4.611405283000067 ], [ -74.181490532999987, 4.609191599000042 ], [ -74.181479804999981, 4.608993758000054 ], [ -74.181562952999968, 4.608910878000074 ], [ -74.181632690999947, 4.608779875000039 ], [ -74.181630007999956, 4.608576686000049 ], [ -74.181514672999981, 4.608381518000044 ], [ -74.181318871999963, 4.608309332000033 ], [ -74.181238405999977, 4.608237147000068 ], [ -74.181179396999937, 4.608191697000052 ], [ -74.181106977999946, 4.607905628000026 ], [ -74.180785111999967, 4.606932459000063 ], [ -74.179521791999946, 4.603232265000031 ] ] ] } },
{ "type": "Feature", "properties": { "camera_id": "DEI-008/CAM-01", "segment_id": "149", "distance_m": 26.105, "install_date": "2019-12-26T00:00:00", "accidents_pre": 22, "accidents_post": 199, "speed_pre_kph": 28.26, "speed_post_kph": 34.46, "n_pre_obs": 5384.0, "n_post_obs": 32662.0 }, "geometry": { "type": "MultiLineString", "coordinates": [ [ [ -74.177366636999977, 4.597079047000022 ], [ -74.177291534999938, 4.59786507900003 ], [ -74.177280805999942, 4.598324934000061 ], [ -74.177355907999981, 4.598699235000026 ], [ -74.177516840999942, 4.59912700600006 ], [ -74.177886985999976, 4.599811441000043 ], [ -74.178707741999972, 4.601624119000064 ], [ -74.179002784999966, 4.602522436000072 ], [ -74.179319284999963, 4.603292420000059 ] ], [ [ -74.179313920999959, 4.603324503000067 ], [ -74.179764531999979, 4.604554338000071 ], [ -74.180140040999959, 4.605637126000033 ], [ -74.180563829999983, 4.606912407000038 ], [ -74.180928610999956, 4.607906965000041 ], [ -74.181019805999938, 4.608227789000068 ], [ -74.181009076999942, 4.608348099000068 ], [ -74.180960796999955, 4.608457714000053 ], [ -74.180893741999967, 4.608655555000041 ], [ -74.180896423999968, 4.608775864000052 ], [ -74.180936656999961, 4.608885479000037 ], [ -74.181089542999985, 4.60902985000007 ], [ -74.181237064999948, 4.609115404000022 ], [ -74.18142213699997, 4.609487025000021 ], [ -74.181583069999988, 4.609906769000077 ], [ -74.181958578999968, 4.610794382000051 ], [ -74.182516477999968, 4.612109756000052 ], [ -74.183471344999987, 4.614211143000034 ], [ -74.184013150999988, 4.615382142000044 ], [ -74.18415798999996, 4.615596023000023 ], [ -74.185660026999983, 4.61745411000004 ] ] ] } },
{ "type": "Feature", "properties": { "camera_id": "DEI-008/CAM-01", "segment_id": "1002322", "distance_m": 26.105, "install_date": "2019-12-26T00:00:00", "accidents_pre": 22, "accidents_post": 199, "speed_pre_kph": 34.38, "speed_post_kph": 39.369, "n_pre_obs": 3513.0, "n_post_obs": 32664.0 }, "geometry": { "type": "MultiLineString", "coordinates": [ [ [ -74.179313920999959, 4.603324503000067 ], [ -74.179764531999979, 4.604554338000071 ], [ -74.180140040999959, 4.605637126000033 ], [ -74.180563829999983, 4.606912407000038 ], [ -74.180928610999956, 4.607906965000041 ], [ -74.181019805999938, 4.608227789000068 ], [ -74.181009076999942, 4.608348099000068 ], [ -74.180960796999955, 4.608457714000053 ], [ -74.180893741999967, 4.608655555000041 ], [ -74.180896423999968, 4.608775864000052 ], [ -74.180936656999961, 4.608885479000037 ], [ -74.181089542999985, 4.60902985000007 ], [ -74.181237064999948, 4.609115404000022 ], [ -74.18142213699997, 4.609487025000021 ], [ -74.181583069999988, 4.609906769000077 ], [ -74.181958578999968, 4.610794382000051 ], [ -74.182516477999968, 4.612109756000052 ], [ -74.183471344999987, 4.614211143000034 ], [ -74.184013150999988, 4.615382142000044 ], [ -74.18415798999996, 4.615596023000023 ], [ -74.185660026999983, 4.61745411000004 ] ] ] } },
{ "type": "Feature", "properties": { "camera_id": "DEI-008/CAM-02", "segment_id": "149", "distance_m": 6.229, "install_date": "2019-12-26T00:00:00", "accidents_pre": 22, "accidents_post": 199, "speed_pre_kph": 28.26, "speed_post_kph": 34.46, "n_pre_obs": 5384.0, "n_post_obs": 32662.0 }, "geometry": { "type": "MultiLineString", "coordinates": [ [ [ -74.177366636999977, 4.597079047000022 ], [ -74.177291534999938, 4.59786507900003 ], [ -74.177280805999942, 4.598324934000061 ], [ -74.177355907999981, 4.598699235000026 ], [ -74.177516840999942, 4.59912700600006 ], [ -74.177886985999976, 4.599811441000043 ], [ -74.178707741999972, 4.601624119000064 ], [ -74.179002784999966, 4.602522436000072 ], [ -74.179319284999963, 4.603292420000059 ] ], [ [ -74.179313920999959, 4.603324503000067 ], [ -74.179764531999979, 4.604554338000071 ], [ -74.180140040999959, 4.605637126000033 ], [ -74.180563829999983, 4.606912407000038 ], [ -74.180928610999956, 4.607906965000041 ], [ -74.181019805999938, 4.608227789000068 ], [ -74.181009076999942, 4.608348099000068 ], [ -74.180960796999955, 4.608457714000053 ], [ -74.180893741999967, 4.608655555000041 ], [ -74.180896423999968, 4.608775864000052 ], [ -74.180936656999961, 4.608885479000037 ], [ -74.181089542999985, 4.60902985000007 ], [ -74.181237064999948, 4.609115404000022 ], [ -74.18142213699997, 4.609487025000021 ], [ -74.181583069999988, 4.609906769000077 ], [ -74.181958578999968, 4.610794382000051 ], [ -74.182516477999968, 4.612109756000052 ], [ -74.183471344999987, 4.614211143000034 ], [ -74.184013150999988, 4.615382142000044 ], [ -74.18415798999996, 4.615596023000023 ], [ -74.185660026999983, 4.61745411000004 ] ] ] } },
{ "type": "Feature", "properties": { "camera_id": "DEI-008/CAM-02", "segment_id": "1002322", "distance_m": 6.229, "install_date": "2019-12-26T00:00:00", "accidents_pre": 22, "accidents_post": 199, "speed_pre_kph": 34.38, "speed_post_kph": 39.369, "n_pre_obs": 3513.0, "n_post_obs": 32664.0 }, "geometry": { "type": "MultiLineString", "coordinates": [ [ [ -74.179313920999959, 4.603324503000067 ], [ -74.179764531999979, 4.604554338000071 ], [ -74.180140040999959, 4.605637126000033 ], [ -74.180563829999983, 4.606912407000038 ], [ -74.180928610999956, 4.607906965000041 ], [ -74.181019805999938, 4.608227789000068 ], [ -74.181009076999942, 4.608348099000068 ], [ -74.180960796999955, 4.608457714000053 ], [ -74.180893741999967, 4.608655555000041 ], [ -74.180896423999968, 4.608775864000052 ], [ -74.180936656999961, 4.608885479000037 ], [ -74.181089542999985, 4.60902985000007 ], [ -74.181237064999948, 4.609115404000022 ], [ -74.18142213699997, 4.609487025000021 ], [ -74.181583069999988, 4.609906769000077 ], [ -74.181958578999968, 4.610794382000051 ], [ -74.182516477999968, 4.612109756000052 ], [ -74.183471344999987, 4.614211143000034 ], [ -74.184013150999988, 4.615382142000044 ], [ -74.18415798999996, 4.615596023000023 ], [ -74.185660026999983, 4.61745411000004 ] ] ] } },
{ "type": "Feature", "properties": { "camera_id": "DEI-008/CAM-02", "segment_id": "148", "distance_m": 15.6, "install_date": "2019-12-26T00:00:00", "accidents_pre": 22, "accidents_post": 199, "speed_pre_kph": 24.1, "speed_post_kph": 31.275, "n_pre_obs": 5371.0, "n_post_obs": 32661.0 }, "geometry": { "type": "MultiLineString", "coordinates": [ [ [ -74.185765974999981, 4.617308404000028 ], [ -74.18492912499994, 4.616255043000024 ], [ -74.184371225999939, 4.615592013000025 ], [ -74.184237114999974, 4.615404867000052 ], [ -74.184124462999989, 4.615212374000066 ], [ -74.183459274999962, 4.613800758000025 ], [ -74.18242930699995, 4.611405283000067 ], [ -74.181490532999987, 4.609191599000042 ], [ -74.181479804999981, 4.608993758000054 ], [ -74.181562952999968, 4.608910878000074 ], [ -74.181632690999947, 4.608779875000039 ], [ -74.181630007999956, 4.608576686000049 ], [ -74.181514672999981, 4.608381518000044 ], [ -74.181318871999963, 4.608309332000033 ], [ -74.181238405999977, 4.608237147000068 ], [ -74.181179396999937, 4.608191697000052 ], [ -74.181106977999946, 4.607905628000026 ], [ -74.180785111999967, 4.606932459000063 ], [ -74.179521791999946, 4.603232265000031 ] ], [ [ -74.179501674999983, 4.603212214000052 ], [ -74.178772114999958, 4.601330027000074 ], [ -74.178047917999947, 4.599715192000076 ], [ -74.177613399999984, 4.598806178000075 ], [ -74.177522204999946, 4.598538820000044 ], [ -74.177506111999946, 4.597950634000028 ], [ -74.177554391999934, 4.59709508800006 ] ] ] } },
{ "type": "Feature", "properties": { "camera_id": "DEI-008/CAM-02", "segment_id": "1002289", "distance_m": 15.6, "install_date": "2019-12-26T00:00:00", "accidents_pre": 22, "accidents_post": 199, "speed_pre_kph": 31.841, "speed_post_kph": 41.67, "n_pre_obs": 5380.0, "n_post_obs": 32664.0 }, "geometry": { "type": "MultiLineString", "coordinates": [ [ [ -74.185765974999981, 4.617308404000028 ], [ -74.18492912499994, 4.616255043000024 ], [ -74.184371225999939, 4.615592013000025 ], [ -74.184237114999974, 4.615404867000052 ], [ -74.184124462999989, 4.615212374000066 ], [ -74.183459274999962, 4.613800758000025 ], [ -74.18242930699995, 4.611405283000067 ], [ -74.181490532999987, 4.609191599000042 ], [ -74.181479804999981, 4.608993758000054 ], [ -74.181562952999968, 4.608910878000074 ], [ -74.181632690999947, 4.608779875000039 ], [ -74.181630007999956, 4.608576686000049 ], [ -74.181514672999981, 4.608381518000044 ], [ -74.181318871999963, 4.608309332000033 ], [ -74.181238405999977, 4.608237147000068 ], [ -74.181179396999937, 4.608191697000052 ], [ -74.181106977999946, 4.607905628000026 ], [ -74.180785111999967, 4.606932459000063 ], [ -74.179521791999946, 4.603232265000031 ] ] ] } },
{ "type": "Feature", "properties": { "camera_id": "DEI-009/CAM-01", "segment_id": "35", "distance_m": 14.21, "install_date": "2019-12-26T00:00:00", "accidents_pre": 1653, "accidents_post": 3648, "speed_pre_kph": 27.967, "speed_post_kph": 32.059, "n_pre_obs": 31004.0, "n_post_obs": 31463.0 }, "geometry": { "type": "MultiLineString", "coordinates": [ [ [ -74.065944118999937, 4.760351180000043 ], [ -74.066190881999944, 4.759966274000021 ], [ -74.066255254999987, 4.759656211000049 ], [ -74.066394729999956, 4.759014701000069 ], [ -74.066416187999948, 4.758672561000026 ], [ -74.066233797999985, 4.757977590000053 ], [ -74.065901203999942, 4.756534187000057 ], [ -74.065729541999985, 4.755497074000061 ] ], [ [ -74.065731156999959, 4.755366218000063 ], [ -74.065216172999953, 4.751581273000056 ], [ -74.065065969999978, 4.749528413000064 ], [ -74.064958680999951, 4.748223988000063 ], [ -74.064980138999942, 4.747261706000074 ] ], [ [ -74.064964045999943, 4.747189535000075 ], [ -74.065071333999981, 4.745842338000045 ], [ -74.06515716499996, 4.744986973000039 ], [ -74.065178621999962, 4.744131607000043 ], [ -74.065242994999949, 4.743201396000075 ], [ -74.065267134999942, 4.742546505000064 ] ], [ [ -74.06537442399997, 4.742485025000065 ], [ -74.065524626999945, 4.74141581400005 ], [ -74.06603961199994, 4.738614473000041 ], [ -74.066812087999949, 4.735150203000046 ], [ -74.06736998699995, 4.733204216000047 ], [ -74.068743277999943, 4.729889611000033 ] ], [ [ -74.068882752999968, 4.729579535000028 ], [ -74.069483567999953, 4.728553073000057 ], [ -74.070556450999959, 4.727184455000042 ], [ -74.071200181999984, 4.726329067000052 ] ], [ [ -74.071353067999951, 4.726077796000027 ], [ -74.074013818999958, 4.722870082000043 ], [ -74.075129617999949, 4.72107375500002 ], [ -74.075365651999959, 4.720154205000028 ], [ -74.075537313999973, 4.718657260000043 ], [ -74.075558770999976, 4.71848618100006 ], [ -74.076052297999979, 4.716540148000036 ], [ -74.076395620999961, 4.715684747000068 ], [ -74.077039350999939, 4.714636879000068 ], [ -74.078176606999989, 4.712776376000022 ], [ -74.078906167999946, 4.711749889000032 ], [ -74.079442609999944, 4.711129719000041 ], [ -74.080000508999944, 4.710210156000073 ] ], [ [ -74.080080975999977, 4.710076498000035 ], [ -74.081194091999976, 4.70805559300004 ], [ -74.081880737999938, 4.706606739000051 ], [ -74.081982661999973, 4.706013297000027 ], [ -74.081923652999933, 4.705521434000048 ], [ -74.081456948999971, 4.704077921000021 ], [ -74.081285287999947, 4.703548633000025 ], [ -74.081215549999968, 4.703153002000022 ], [ -74.081242371999963, 4.702618367000071 ], [ -74.081574965999948, 4.701404742000022 ], [ -74.081918288999987, 4.70006814900006 ], [ -74.082368899999949, 4.698309188000053 ], [ -74.082556654999962, 4.69788147600002 ], [ -74.082862425999963, 4.69755 ], [ -74.083441783999945, 4.697170405000065 ], [ -74.085850406999953, 4.696544876000075 ], [ -74.088301945999945, 4.695833804000074 ], [ -74.088870574999987, 4.695625293000035 ], [ -74.089439202999984, 4.695304509000039 ], [ -74.089750338999977, 4.695122730000037 ], [ -74.089954186999989, 4.694999763000055 ], [ -74.090442348999943, 4.694695017000072 ], [ -74.090748120999933, 4.694352846000072 ], [ -74.091289926999934, 4.693294253000033 ], [ -74.09180491099994, 4.692273084000021 ], [ -74.092448640999976, 4.691091520000043 ], [ -74.092588115999945, 4.690840237000032 ] ], [ [ -74.092765141999962, 4.690840237000032 ], [ -74.096992303999968, 4.684830802000022 ], [ -74.098816205999981, 4.682093391000024 ], [ -74.099438477999968, 4.681323492000047 ] ], [ [ -74.099599410999986, 4.681098938000048 ], [ -74.101509143999976, 4.678596760000062 ], [ -74.103161383999975, 4.676372595000032 ], [ -74.103762198999959, 4.675581303000058 ], [ -74.10386948699994, 4.675068033000059 ] ], [ [ -74.104244996999967, 4.674287433000075 ], [ -74.105081845999962, 4.673389207000071 ], [ -74.106873561999976, 4.671560674000034 ] ], [ [ -74.107187379999971, 4.671459088000063 ], [ -74.112251390999973, 4.666283563000036 ], [ -74.118559945999948, 4.658926551000036 ], [ -74.125683892999973, 4.650585660000047 ], [ -74.127057183999966, 4.649302437000074 ], [ -74.131177056999945, 4.646051596000063 ], [ -74.131777871999986, 4.645495529000073 ] ], [ [ -74.131946850999952, 4.645147988000076 ], [ -74.132740784999953, 4.644185563000065 ], [ -74.133813668999949, 4.64268845600003 ], [ -74.134993840999982, 4.641063022000026 ], [ -74.135852147999969, 4.639608683000063 ] ], [ [ -74.135959435999951, 4.639352035000059 ], [ -74.13651733599994, 4.638218503000076 ], [ -74.136882115999981, 4.63710635800004 ], [ -74.137289811999949, 4.635823110000047 ], [ -74.137611676999938, 4.633491872000036 ], [ -74.137869168999941, 4.631096463000063 ], [ -74.138362694999955, 4.62585647700007 ] ], [ [ -74.138427067999942, 4.625663987000053 ], [ -74.138684559999945, 4.623140224000053 ], [ -74.138942052999937, 4.621407806000036 ], [ -74.139521409999986, 4.618841252000038 ] ], [ [ -74.139735985999948, 4.618520432000025 ], [ -74.140487004999954, 4.615440554000031 ], [ -74.141152192999982, 4.612317886000028 ], [ -74.141259480999963, 4.611013205000063 ] ], [ [ -74.141345311999942, 4.610831406000045 ], [ -74.141624261999937, 4.608157872000049 ], [ -74.143791485999941, 4.602254674000051 ], [ -74.144113351999977, 4.601399134000076 ] ], [ [ -74.144185770999968, 4.60133229500002 ], [ -74.145258654999964, 4.598252342000023 ], [ -74.145430315999988, 4.597482352000043 ], [ -74.145559061999961, 4.596199033000062 ], [ -74.145559061999961, 4.59465904700005 ], [ -74.145559061999961, 4.589739626000039 ], [ -74.145301569999958, 4.588584627000046 ], [ -74.143670786999962, 4.584477947000039 ], [ -74.143499125999938, 4.583879054000022 ], [ -74.143263090999938, 4.582146540000053 ], [ -74.143027056999983, 4.581184030000031 ], [ -74.141761053999971, 4.578275104000056 ], [ -74.140301932999989, 4.575301998000043 ], [ -74.139679659999956, 4.573098897000023 ] ], [ [ -74.139778159999935, 4.572976314000073 ], [ -74.138876937999953, 4.569211776000031 ], [ -74.138576529999966, 4.567671732000065 ], [ -74.138662360999945, 4.566559476000066 ], [ -74.139520667999989, 4.560099802000025 ], [ -74.139477752999937, 4.559415329000046 ], [ -74.137031577999949, 4.552399451000042 ] ], [ [ -74.136935017999974, 4.552239026000052 ], [ -74.136666796999975, 4.551265781000041 ], [ -74.136677525999971, 4.550656166000067 ], [ -74.137299798999948, 4.548367429000052 ], [ -74.137342713999942, 4.547640166000065 ], [ -74.13726761199996, 4.546902206000027 ], [ -74.135229132999939, 4.543009190000021 ], [ -74.133812926999951, 4.540314013000057 ] ], [ [ -74.133668087999979, 4.540094762000024 ], [ -74.133131645999981, 4.539367490000075 ], [ -74.132015846999934, 4.53851187500004 ], [ -74.130857132999949, 4.537592088000054 ], [ -74.129719875999967, 4.536779251000041 ], [ -74.128968857999951, 4.536094757000058 ], [ -74.128432415999953, 4.535495824000066 ], [ -74.128024719999985, 4.534789938000074 ], [ -74.127724312999987, 4.533592069000065 ], [ -74.127295158999971, 4.530233747000068 ], [ -74.126908920999938, 4.527025145000039 ], [ -74.12660851399994, 4.525442229000021 ], [ -74.126157902999978, 4.524222954000038 ], [ -74.125170849999961, 4.523025067000049 ], [ -74.122939251999981, 4.520500943000059 ] ], [ [ -74.122856312999943, 4.520461668000053 ], [ -74.122212582999964, 4.518964302000029 ], [ -74.121998005999956, 4.51661129200005 ], [ -74.121869259999983, 4.515071136000074 ], [ -74.122212582999964, 4.513488194000047 ], [ -74.122384243999988, 4.512760895000042 ], [ -74.122083836999934, 4.511776902000065 ], [ -74.121096783999974, 4.510750124000026 ], [ -74.119208508999975, 4.510108388000049 ], [ -74.115946941999937, 4.508867695000049 ], [ -74.114359074999982, 4.507883697000068 ], [ -74.114101582999979, 4.507584218000034 ] ], [ [ -74.113980673999947, 4.507377494000025 ], [ -74.112929247999944, 4.506671581000035 ], [ -74.112328432999959, 4.506479059000071 ], [ -74.110418699999968, 4.506500450000033 ], [ -74.10672797999996, 4.506457667000063 ] ] ] } },
{ "type": "Feature", "properties": { "camera_id": "DEI-009/CAM-01", "segment_id": "1000649", "distance_m": 14.21, "install_date": "2019-12-26T00:00:00", "accidents_pre": 1653, "accidents_post": 3648, "speed_pre_kph": null, "speed_post_kph": 36.927, "n_pre_obs": 0.0, "n_post_obs": 11800.0 }, "geometry": { "type": "MultiLineString", "coordinates": [ [ [ -74.071353067999951, 4.726077796000027 ], [ -74.074013818999958, 4.722870082000043 ], [ -74.075129617999949, 4.72107375500002 ], [ -74.075365651999959, 4.720154205000028 ], [ -74.075537313999973, 4.718657260000043 ], [ -74.075558770999976, 4.71848618100006 ], [ -74.076052297999979, 4.716540148000036 ], [ -74.076395620999961, 4.715684747000068 ], [ -74.077039350999939, 4.714636879000068 ], [ -74.078176606999989, 4.712776376000022 ], [ -74.078906167999946, 4.711749889000032 ], [ -74.079442609999944, 4.711129719000041 ], [ -74.080000508999944, 4.710210156000073 ] ] ] } },
{ "type": "Feature", "properties": { "camera_id": "DEI-009/CAM-01", "segment_id": "36", "distance_m": 16.137, "install_date": "2019-12-26T00:00:00", "accidents_pre": 1653, "accidents_post": 3648, "speed_pre_kph": 25.45, "speed_post_kph": 30.859, "n_pre_obs": 30766.0, "n_post_obs": 30345.0 }, "geometry": { "type": "MultiLineString", "coordinates": [ [ [ -74.106749437999952, 4.506778537000059 ], [ -74.109410188999959, 4.506735755000022 ], [ -74.111706159999983, 4.506757146000041 ], [ -74.112543009999968, 4.506842711000047 ], [ -74.113015077999989, 4.507078016000037 ], [ -74.113873384999977, 4.507655581000051 ] ], [ [ -74.11390309899997, 4.50809761000005 ], [ -74.114434176999964, 4.50856821800005 ], [ -74.114997439999968, 4.508937217000039 ], [ -74.115753822999977, 4.509316912000031 ], [ -74.117406063999965, 4.509980040000073 ], [ -74.120560341999976, 4.511220731000037 ], [ -74.120984130999943, 4.511439990000042 ], [ -74.121332817999985, 4.511691337000059 ], [ -74.12155275899994, 4.511985466000056 ], [ -74.121692233999966, 4.512274246000061 ], [ -74.121745877999956, 4.512488158000053 ], [ -74.121761971999945, 4.512766243000044 ], [ -74.121660047999967, 4.513279630000056 ], [ -74.121338182999978, 4.51464866200007 ], [ -74.121311359999936, 4.515392002000056 ], [ -74.121563487999936, 4.517215588000056 ], [ -74.12178879399994, 4.518835956000032 ], [ -74.121976547999964, 4.519670204000022 ], [ -74.122330599999941, 4.520450973000038 ], [ -74.122518353999965, 4.520729055000061 ] ], [ [ -74.122467182999969, 4.520672070000046 ], [ -74.123389862999943, 4.521805788000052 ], [ -74.124484203999941, 4.523025067000049 ], [ -74.125557087999937, 4.524201563000076 ], [ -74.12594332599997, 4.524886069000047 ], [ -74.126200817999973, 4.52610534300004 ], [ -74.126715801999978, 4.530319310000039 ], [ -74.127273701999968, 4.534169613000074 ], [ -74.127745769999933, 4.535453043000075 ], [ -74.128260753999939, 4.536201709000068 ], [ -74.12909760399998, 4.536971765000033 ], [ -74.131930015999956, 4.539110806000053 ], [ -74.13265957699997, 4.539752516000021 ], [ -74.13321747699996, 4.540330056000073 ] ], [ [ -74.133300624999947, 4.540412943000035 ], [ -74.133847795999941, 4.541434331000062 ], [ -74.134411059999934, 4.542509193000058 ], [ -74.135607324999967, 4.544824686000027 ], [ -74.136572919999935, 4.546813972000052 ], [ -74.136787496999943, 4.547605407000049 ], [ -74.136680208999962, 4.548418231000028 ], [ -74.136229596999954, 4.55025777700007 ], [ -74.136122308999973, 4.551177548000055 ], [ -74.136229596999954, 4.551862028000073 ], [ -74.136508546999949, 4.552546507000045 ] ], [ [ -74.136473677999959, 4.552559876000032 ], [ -74.137439273999973, 4.555169448000072 ], [ -74.138404868999942, 4.558078468000076 ], [ -74.138876937999953, 4.559404634000032 ], [ -74.13894131099994, 4.559896599000069 ], [ -74.138791106999975, 4.561030255000048 ], [ -74.138254664999977, 4.564538160000041 ], [ -74.137975714999982, 4.566677119000076 ], [ -74.137975714999982, 4.567746596000063 ], [ -74.138190291999933, 4.568880239000066 ], [ -74.139284632999988, 4.573115345000076 ] ], [ [ -74.139327548999972, 4.573265070000048 ], [ -74.139756701999943, 4.575093858000059 ], [ -74.140250228999946, 4.576377215000036 ], [ -74.140786670999944, 4.577307647000055 ], [ -74.142514012999982, 4.581414368000026 ], [ -74.142717860999937, 4.582002569000053 ], [ -74.142835877999971, 4.582473128000061 ], [ -74.142910979999954, 4.583189662000052 ], [ -74.143061183999976, 4.584141475000024 ], [ -74.143275759999938, 4.584783145000074 ], [ -74.144284270999947, 4.587189405000061 ], [ -74.144938729999978, 4.58895399000005 ], [ -74.145035289999953, 4.589264129000071 ], [ -74.145110390999946, 4.589670518000048 ], [ -74.145088933999943, 4.590387044000067 ], [ -74.145164035999983, 4.592932312000073 ], [ -74.145185492999985, 4.593809251000039 ], [ -74.145174763999989, 4.59580909500005 ], [ -74.145185492999985, 4.596675336000033 ], [ -74.144820712999945, 4.598311566000064 ], [ -74.144531033999954, 4.599081556000044 ], [ -74.143780015999937, 4.601188328000035 ] ], [ [ -74.143705655999952, 4.601292192000074 ], [ -74.141774464999969, 4.606382640000049 ], [ -74.141216565999969, 4.607901212000058 ], [ -74.140851784999938, 4.611109452000051 ] ], [ [ -74.14081959899994, 4.611323335000066 ], [ -74.140347529999985, 4.614028939000036 ], [ -74.139660884999955, 4.617055353000069 ], [ -74.13932829099997, 4.618434880000052 ] ], [ [ -74.139221001999942, 4.618670148000035 ], [ -74.138427067999942, 4.62179278800005 ], [ -74.138191033999988, 4.624209617000076 ], [ -74.138062287999958, 4.625685375000046 ] ], [ [ -74.137997914999971, 4.625920640000061 ], [ -74.137547303999952, 4.630262345000062 ], [ -74.137075234999941, 4.634646798000063 ], [ -74.136688996999965, 4.636486122000065 ], [ -74.135916520999956, 4.638582089000067 ], [ -74.135551739999983, 4.639159548000066 ] ], [ [ -74.13553028299998, 4.639352035000059 ], [ -74.134028245999957, 4.641704641000047 ], [ -74.132740784999953, 4.643223138000053 ], [ -74.13160352899996, 4.644506372000023 ] ], [ [ -74.131391633999954, 4.644688163000069 ], [ -74.129675019999979, 4.646302895000076 ], [ -74.126338351999948, 4.648922817000027 ], [ -74.121746410999947, 4.654119857000069 ], [ -74.12018, 4.656033984000032 ], [ -74.111285794999958, 4.666395842000043 ], [ -74.10676895499995, 4.671026014000063 ] ], [ [ -74.106532920999939, 4.671245224000074 ], [ -74.105283011999973, 4.672485634000054 ], [ -74.10390972099998, 4.67397733100006 ], [ -74.10365759299998, 4.67450664200004 ] ], [ [ -74.103633452999986, 4.674661693000076 ], [ -74.102946807999956, 4.675880711000048 ], [ -74.101101447999952, 4.678382898000052 ], [ -74.09951357999995, 4.680500127000073 ], [ -74.099277545999939, 4.680799533000027 ] ], [ [ -74.099159527999973, 4.680949235000071 ], [ -74.098687459999951, 4.681526660000031 ], [ -74.094159890999947, 4.688006613000027 ], [ -74.092400361999978, 4.690615686000058 ] ], [ [ -74.092314530999943, 4.690808159000028 ], [ -74.091220189999945, 4.692882578000024 ], [ -74.09061937499996, 4.694016021000039 ], [ -74.090190220999943, 4.694486507000022 ], [ -74.089814711999963, 4.694817985000043 ], [ -74.089278269999966, 4.695181541000068 ], [ -74.088484336999954, 4.69556648300005 ], [ -74.087497283999937, 4.695833804000074 ], [ -74.084643412999981, 4.696646458000032 ], [ -74.083334494999974, 4.696967242000028 ], [ -74.08284096899996, 4.69715971200003 ], [ -74.082508374999975, 4.697405647000039 ], [ -74.082089949999954, 4.697918901000037 ], [ -74.081821728999955, 4.698688781000044 ], [ -74.081059981999942, 4.70182175900004 ], [ -74.080877591999979, 4.702794797000024 ], [ -74.080931235999969, 4.703243891000056 ], [ -74.081231642999967, 4.704131385000039 ], [ -74.081746627999962, 4.705660439000042 ], [ -74.081714440999974, 4.706184379000035 ], [ -74.081532050999954, 4.706793861000051 ], [ -74.080287505999934, 4.709263860000021 ], [ -74.080030013999988, 4.709627409000063 ] ], [ [ -74.07988785699996, 4.70989739700002 ], [ -74.079775203999986, 4.710143327000026 ], [ -74.079228032999936, 4.710950618000027 ], [ -74.078723777999983, 4.711618905000023 ], [ -74.078074682999954, 4.712383424000052 ], [ -74.077087629999937, 4.714120964000074 ], [ -74.076556552999989, 4.715072600000042 ], [ -74.076282967999987, 4.715323874000035 ], [ -74.07597719599994, 4.71596007900007 ], [ -74.075424660999943, 4.717895421000037 ], [ -74.075059879999969, 4.719440483000028 ], [ -74.074882854999942, 4.720033915000045 ], [ -74.074705828999981, 4.721151275000068 ], [ -74.074566353999955, 4.721525510000049 ], [ -74.07418011599998, 4.722263287000033 ], [ -74.072340119999978, 4.724391075000028 ], [ -74.071363795999957, 4.725545851000049 ], [ -74.071095575999948, 4.725877315000048 ] ], [ [ -74.070902455999942, 4.726108537000073 ], [ -74.070290912999951, 4.726899771000035 ], [ -74.069743741999957, 4.727562696000064 ], [ -74.069250215999944, 4.728343236000057 ], [ -74.068488467999941, 4.729551467000022 ] ], [ [ -74.068389226999955, 4.729771996000068 ], [ -74.067230511999981, 4.732509220000054 ], [ -74.066458035999972, 4.735075357000028 ], [ -74.065814305999936, 4.737898097000027 ], [ -74.065342236999982, 4.74016483500003 ], [ -74.064998913999943, 4.742260491000025 ] ], [ [ -74.065084744999979, 4.742482352000025 ], [ -74.064998913999943, 4.743399199000066 ], [ -74.064950634999946, 4.744214471000021 ], [ -74.06487016799997, 4.745842338000045 ], [ -74.064746786999933, 4.747152113000027 ] ], [ [ -74.064744104999988, 4.747240322000039 ], [ -74.064829934999977, 4.748865509000041 ], [ -74.065302003999989, 4.753334753000047 ], [ -74.065580953999984, 4.755430369000067 ] ], [ [ -74.065579338999953, 4.755497074000061 ], [ -74.065772457999969, 4.756812176000039 ], [ -74.065976305999982, 4.757763753000063 ], [ -74.066180152999948, 4.758587026000043 ], [ -74.066233797999985, 4.758939858000076 ], [ -74.066158695999945, 4.75942099100007 ], [ -74.065987033999988, 4.759987658000057 ], [ -74.065793914999972, 4.760244262000072 ] ] ] } },
{ "type": "Feature", "properties": { "camera_id": "DEI-009/CAM-01", "segment_id": "1000650", "distance_m": 16.137, "install_date": "2019-12-26T00:00:00", "accidents_pre": 1653, "accidents_post": 3648, "speed_pre_kph": null, "speed_post_kph": 36.229, "n_pre_obs": 0.0, "n_post_obs": 11094.0 }, "geometry": { "type": "MultiLineString", "coordinates": [ [ [ -74.07988785699996, 4.70989739700002 ], [ -74.079775203999986, 4.710143327000026 ], [ -74.079228032999936, 4.710950618000027 ], [ -74.078723777999983, 4.711618905000023 ], [ -74.078074682999954, 4.712383424000052 ], [ -74.077087629999937, 4.714120964000074 ], [ -74.076556552999989, 4.715072600000042 ], [ -74.076282967999987, 4.715323874000035 ], [ -74.07597719599994, 4.71596007900007 ], [ -74.075424660999943, 4.717895421000037 ], [ -74.075059879999969, 4.719440483000028 ], [ -74.074882854999942, 4.720033915000045 ], [ -74.074705828999981, 4.721151275000068 ], [ -74.074566353999955, 4.721525510000049 ], [ -74.07418011599998, 4.722263287000033 ], [ -74.072340119999978, 4.724391075000028 ], [ -74.071363795999957, 4.725545851000049 ], [ -74.071095575999948, 4.725877315000048 ] ] ] } },
{ "type": "Feature", "properties": { "camera_id": "DEI-009/CAM-02", "segment_id": "36", "distance_m": 1.077, "install_date": "2019-12-26T00:00:00", "accidents_pre": 1653, "accidents_post": 3648, "speed_pre_kph": 25.45, "speed_post_kph": 30.859, "n_pre_obs": 30766.0, "n_post_obs": 30345.0 }, "geometry": { "type": "MultiLineString", "coordinates": [ [ [ -74.106749437999952, 4.506778537000059 ], [ -74.109410188999959, 4.506735755000022 ], [ -74.111706159999983, 4.506757146000041 ], [ -74.112543009999968, 4.506842711000047 ], [ -74.113015077999989, 4.507078016000037 ], [ -74.113873384999977, 4.507655581000051 ] ], [ [ -74.11390309899997, 4.50809761000005 ], [ -74.114434176999964, 4.50856821800005 ], [ -74.114997439999968, 4.508937217000039 ], [ -74.115753822999977, 4.509316912000031 ], [ -74.117406063999965, 4.509980040000073 ], [ -74.120560341999976, 4.511220731000037 ], [ -74.120984130999943, 4.511439990000042 ], [ -74.121332817999985, 4.511691337000059 ], [ -74.12155275899994, 4.511985466000056 ], [ -74.121692233999966, 4.512274246000061 ], [ -74.121745877999956, 4.512488158000053 ], [ -74.121761971999945, 4.512766243000044 ], [ -74.121660047999967, 4.513279630000056 ], [ -74.121338182999978, 4.51464866200007 ], [ -74.121311359999936, 4.515392002000056 ], [ -74.121563487999936, 4.517215588000056 ], [ -74.12178879399994, 4.518835956000032 ], [ -74.121976547999964, 4.519670204000022 ], [ -74.122330599999941, 4.520450973000038 ], [ -74.122518353999965, 4.520729055000061 ] ], [ [ -74.122467182999969, 4.520672070000046 ], [ -74.123389862999943, 4.521805788000052 ], [ -74.124484203999941, 4.523025067000049 ], [ -74.125557087999937, 4.524201563000076 ], [ -74.12594332599997, 4.524886069000047 ], [ -74.126200817999973, 4.52610534300004 ], [ -74.126715801999978, 4.530319310000039 ], [ -74.127273701999968, 4.534169613000074 ], [ -74.127745769999933, 4.535453043000075 ], [ -74.128260753999939, 4.536201709000068 ], [ -74.12909760399998, 4.536971765000033 ], [ -74.131930015999956, 4.539110806000053 ], [ -74.13265957699997, 4.539752516000021 ], [ -74.13321747699996, 4.540330056000073 ] ], [ [ -74.133300624999947, 4.540412943000035 ], [ -74.133847795999941, 4.541434331000062 ], [ -74.134411059999934, 4.542509193000058 ], [ -74.135607324999967, 4.544824686000027 ], [ -74.136572919999935, 4.546813972000052 ], [ -74.136787496999943, 4.547605407000049 ], [ -74.136680208999962, 4.548418231000028 ], [ -74.136229596999954, 4.55025777700007 ], [ -74.136122308999973, 4.551177548000055 ], [ -74.136229596999954, 4.551862028000073 ], [ -74.136508546999949, 4.552546507000045 ] ], [ [ -74.136473677999959, 4.552559876000032 ], [ -74.137439273999973, 4.555169448000072 ], [ -74.138404868999942, 4.558078468000076 ], [ -74.138876937999953, 4.559404634000032 ], [ -74.13894131099994, 4.559896599000069 ], [ -74.138791106999975, 4.561030255000048 ], [ -74.138254664999977, 4.564538160000041 ], [ -74.137975714999982, 4.566677119000076 ], [ -74.137975714999982, 4.567746596000063 ], [ -74.138190291999933, 4.568880239000066 ], [ -74.139284632999988, 4.573115345000076 ] ], [ [ -74.139327548999972, 4.573265070000048 ], [ -74.139756701999943, 4.575093858000059 ], [ -74.140250228999946, 4.576377215000036 ], [ -74.140786670999944, 4.577307647000055 ], [ -74.142514012999982, 4.581414368000026 ], [ -74.142717860999937, 4.582002569000053 ], [ -74.142835877999971, 4.582473128000061 ], [ -74.142910979999954, 4.583189662000052 ], [ -74.143061183999976, 4.584141475000024 ], [ -74.143275759999938, 4.584783145000074 ], [ -74.144284270999947, 4.587189405000061 ], [ -74.144938729999978, 4.58895399000005 ], [ -74.145035289999953, 4.589264129000071 ], [ -74.145110390999946, 4.589670518000048 ], [ -74.145088933999943, 4.590387044000067 ], [ -74.145164035999983, 4.592932312000073 ], [ -74.145185492999985, 4.593809251000039 ], [ -74.145174763999989, 4.59580909500005 ], [ -74.145185492999985, 4.596675336000033 ], [ -74.144820712999945, 4.598311566000064 ], [ -74.144531033999954, 4.599081556000044 ], [ -74.143780015999937, 4.601188328000035 ] ], [ [ -74.143705655999952, 4.601292192000074 ], [ -74.141774464999969, 4.606382640000049 ], [ -74.141216565999969, 4.607901212000058 ], [ -74.140851784999938, 4.611109452000051 ] ], [ [ -74.14081959899994, 4.611323335000066 ], [ -74.140347529999985, 4.614028939000036 ], [ -74.139660884999955, 4.617055353000069 ], [ -74.13932829099997, 4.618434880000052 ] ], [ [ -74.139221001999942, 4.618670148000035 ], [ -74.138427067999942, 4.62179278800005 ], [ -74.138191033999988, 4.624209617000076 ], [ -74.138062287999958, 4.625685375000046 ] ], [ [ -74.137997914999971, 4.625920640000061 ], [ -74.137547303999952, 4.630262345000062 ], [ -74.137075234999941, 4.634646798000063 ], [ -74.136688996999965, 4.636486122000065 ], [ -74.135916520999956, 4.638582089000067 ], [ -74.135551739999983, 4.639159548000066 ] ], [ [ -74.13553028299998, 4.639352035000059 ], [ -74.134028245999957, 4.641704641000047 ], [ -74.132740784999953, 4.643223138000053 ], [ -74.13160352899996, 4.644506372000023 ] ], [ [ -74.131391633999954, 4.644688163000069 ], [ -74.129675019999979, 4.646302895000076 ], [ -74.126338351999948, 4.648922817000027 ], [ -74.121746410999947, 4.654119857000069 ], [ -74.12018, 4.656033984000032 ], [ -74.111285794999958, 4.666395842000043 ], [ -74.10676895499995, 4.671026014000063 ] ], [ [ -74.106532920999939, 4.671245224000074 ], [ -74.105283011999973, 4.672485634000054 ], [ -74.10390972099998, 4.67397733100006 ], [ -74.10365759299998, 4.67450664200004 ] ], [ [ -74.103633452999986, 4.674661693000076 ], [ -74.102946807999956, 4.675880711000048 ], [ -74.101101447999952, 4.678382898000052 ], [ -74.09951357999995, 4.680500127000073 ], [ -74.099277545999939, 4.680799533000027 ] ], [ [ -74.099159527999973, 4.680949235000071 ], [ -74.098687459999951, 4.681526660000031 ], [ -74.094159890999947, 4.688006613000027 ], [ -74.092400361999978, 4.690615686000058 ] ], [ [ -74.092314530999943, 4.690808159000028 ], [ -74.091220189999945, 4.692882578000024 ], [ -74.09061937499996, 4.694016021000039 ], [ -74.090190220999943, 4.694486507000022 ], [ -74.089814711999963, 4.694817985000043 ], [ -74.089278269999966, 4.695181541000068 ], [ -74.088484336999954, 4.69556648300005 ], [ -74.087497283999937, 4.695833804000074 ], [ -74.084643412999981, 4.696646458000032 ], [ -74.083334494999974, 4.696967242000028 ], [ -74.08284096899996, 4.69715971200003 ], [ -74.082508374999975, 4.697405647000039 ], [ -74.082089949999954, 4.697918901000037 ], [ -74.081821728999955, 4.698688781000044 ], [ -74.081059981999942, 4.70182175900004 ], [ -74.080877591999979, 4.702794797000024 ], [ -74.080931235999969, 4.703243891000056 ], [ -74.081231642999967, 4.704131385000039 ], [ -74.081746627999962, 4.705660439000042 ], [ -74.081714440999974, 4.706184379000035 ], [ -74.081532050999954, 4.706793861000051 ], [ -74.080287505999934, 4.709263860000021 ], [ -74.080030013999988, 4.709627409000063 ] ], [ [ -74.07988785699996, 4.70989739700002 ], [ -74.079775203999986, 4.710143327000026 ], [ -74.079228032999936, 4.710950618000027 ], [ -74.078723777999983, 4.711618905000023 ], [ -74.078074682999954, 4.712383424000052 ], [ -74.077087629999937, 4.714120964000074 ], [ -74.076556552999989, 4.715072600000042 ], [ -74.076282967999987, 4.715323874000035 ], [ -74.07597719599994, 4.71596007900007 ], [ -74.075424660999943, 4.717895421000037 ], [ -74.075059879999969, 4.719440483000028 ], [ -74.074882854999942, 4.720033915000045 ], [ -74.074705828999981, 4.721151275000068 ], [ -74.074566353999955, 4.721525510000049 ], [ -74.07418011599998, 4.722263287000033 ], [ -74.072340119999978, 4.724391075000028 ], [ -74.071363795999957, 4.725545851000049 ], [ -74.071095575999948, 4.725877315000048 ] ], [ [ -74.070902455999942, 4.726108537000073 ], [ -74.070290912999951, 4.726899771000035 ], [ -74.069743741999957, 4.727562696000064 ], [ -74.069250215999944, 4.728343236000057 ], [ -74.068488467999941, 4.729551467000022 ] ], [ [ -74.068389226999955, 4.729771996000068 ], [ -74.067230511999981, 4.732509220000054 ], [ -74.066458035999972, 4.735075357000028 ], [ -74.065814305999936, 4.737898097000027 ], [ -74.065342236999982, 4.74016483500003 ], [ -74.064998913999943, 4.742260491000025 ] ], [ [ -74.065084744999979, 4.742482352000025 ], [ -74.064998913999943, 4.743399199000066 ], [ -74.064950634999946, 4.744214471000021 ], [ -74.06487016799997, 4.745842338000045 ], [ -74.064746786999933, 4.747152113000027 ] ], [ [ -74.064744104999988, 4.747240322000039 ], [ -74.064829934999977, 4.748865509000041 ], [ -74.065302003999989, 4.753334753000047 ], [ -74.065580953999984, 4.755430369000067 ] ], [ [ -74.065579338999953, 4.755497074000061 ], [ -74.065772457999969, 4.756812176000039 ], [ -74.065976305999982, 4.757763753000063 ], [ -74.066180152999948, 4.758587026000043 ], [ -74.066233797999985, 4.758939858000076 ], [ -74.066158695999945, 4.75942099100007 ], [ -74.065987033999988, 4.759987658000057 ], [ -74.065793914999972, 4.760244262000072 ] ] ] } },
{ "type": "Feature", "properties": { "camera_id": "DEI-009/CAM-02", "segment_id": "1000650", "distance_m": 1.077, "install_date": "2019-12-26T00:00:00", "accidents_pre": 1653, "accidents_post": 3648, "speed_pre_kph": null, "speed_post_kph": 36.229, "n_pre_obs": 0.0, "n_post_obs": 11094.0 }, "geometry": { "type": "MultiLineString", "coordinates": [ [ [ -74.07988785699996, 4.70989739700002 ], [ -74.079775203999986, 4.710143327000026 ], [ -74.079228032999936, 4.710950618000027 ], [ -74.078723777999983, 4.711618905000023 ], [ -74.078074682999954, 4.712383424000052 ], [ -74.077087629999937, 4.714120964000074 ], [ -74.076556552999989, 4.715072600000042 ], [ -74.076282967999987, 4.715323874000035 ], [ -74.07597719599994, 4.71596007900007 ], [ -74.075424660999943, 4.717895421000037 ], [ -74.075059879999969, 4.719440483000028 ], [ -74.074882854999942, 4.720033915000045 ], [ -74.074705828999981, 4.721151275000068 ], [ -74.074566353999955, 4.721525510000049 ], [ -74.07418011599998, 4.722263287000033 ], [ -74.072340119999978, 4.724391075000028 ], [ -74.071363795999957, 4.725545851000049 ], [ -74.071095575999948, 4.725877315000048 ] ] ] } },
{ "type": "Feature", "properties": { "camera_id": "DEI-009/CAM-02", "segment_id": "35", "distance_m": 27.903, "install_date": "2019-12-26T00:00:00", "accidents_pre": 1653, "accidents_post": 3648, "speed_pre_kph": 27.967, "speed_post_kph": 32.059, "n_pre_obs": 31004.0, "n_post_obs": 31463.0 }, "geometry": { "type": "MultiLineString", "coordinates": [ [ [ -74.065944118999937, 4.760351180000043 ], [ -74.066190881999944, 4.759966274000021 ], [ -74.066255254999987, 4.759656211000049 ], [ -74.066394729999956, 4.759014701000069 ], [ -74.066416187999948, 4.758672561000026 ], [ -74.066233797999985, 4.757977590000053 ], [ -74.065901203999942, 4.756534187000057 ], [ -74.065729541999985, 4.755497074000061 ] ], [ [ -74.065731156999959, 4.755366218000063 ], [ -74.065216172999953, 4.751581273000056 ], [ -74.065065969999978, 4.749528413000064 ], [ -74.064958680999951, 4.748223988000063 ], [ -74.064980138999942, 4.747261706000074 ] ], [ [ -74.064964045999943, 4.747189535000075 ], [ -74.065071333999981, 4.745842338000045 ], [ -74.06515716499996, 4.744986973000039 ], [ -74.065178621999962, 4.744131607000043 ], [ -74.065242994999949, 4.743201396000075 ], [ -74.065267134999942, 4.742546505000064 ] ], [ [ -74.06537442399997, 4.742485025000065 ], [ -74.065524626999945, 4.74141581400005 ], [ -74.06603961199994, 4.738614473000041 ], [ -74.066812087999949, 4.735150203000046 ], [ -74.06736998699995, 4.733204216000047 ], [ -74.068743277999943, 4.729889611000033 ] ], [ [ -74.068882752999968, 4.729579535000028 ], [ -74.069483567999953, 4.728553073000057 ], [ -74.070556450999959, 4.727184455000042 ], [ -74.071200181999984, 4.726329067000052 ] ], [ [ -74.071353067999951, 4.726077796000027 ], [ -74.074013818999958, 4.722870082000043 ], [ -74.075129617999949, 4.72107375500002 ], [ -74.075365651999959, 4.720154205000028 ], [ -74.075537313999973, 4.718657260000043 ], [ -74.075558770999976, 4.71848618100006 ], [ -74.076052297999979, 4.716540148000036 ], [ -74.076395620999961, 4.715684747000068 ], [ -74.077039350999939, 4.714636879000068 ], [ -74.078176606999989, 4.712776376000022 ], [ -74.078906167999946, 4.711749889000032 ], [ -74.079442609999944, 4.711129719000041 ], [ -74.080000508999944, 4.710210156000073 ] ], [ [ -74.080080975999977, 4.710076498000035 ], [ -74.081194091999976, 4.70805559300004 ], [ -74.081880737999938, 4.706606739000051 ], [ -74.081982661999973, 4.706013297000027 ], [ -74.081923652999933, 4.705521434000048 ], [ -74.081456948999971, 4.704077921000021 ], [ -74.081285287999947, 4.703548633000025 ], [ -74.081215549999968, 4.703153002000022 ], [ -74.081242371999963, 4.702618367000071 ], [ -74.081574965999948, 4.701404742000022 ], [ -74.081918288999987, 4.70006814900006 ], [ -74.082368899999949, 4.698309188000053 ], [ -74.082556654999962, 4.69788147600002 ], [ -74.082862425999963, 4.69755 ], [ -74.083441783999945, 4.697170405000065 ], [ -74.085850406999953, 4.696544876000075 ], [ -74.088301945999945, 4.695833804000074 ], [ -74.088870574999987, 4.695625293000035 ], [ -74.089439202999984, 4.695304509000039 ], [ -74.089750338999977, 4.695122730000037 ], [ -74.089954186999989, 4.694999763000055 ], [ -74.090442348999943, 4.694695017000072 ], [ -74.090748120999933, 4.694352846000072 ], [ -74.091289926999934, 4.693294253000033 ], [ -74.09180491099994, 4.692273084000021 ], [ -74.092448640999976, 4.691091520000043 ], [ -74.092588115999945, 4.690840237000032 ] ], [ [ -74.092765141999962, 4.690840237000032 ], [ -74.096992303999968, 4.684830802000022 ], [ -74.098816205999981, 4.682093391000024 ], [ -74.099438477999968, 4.681323492000047 ] ], [ [ -74.099599410999986, 4.681098938000048 ], [ -74.101509143999976, 4.678596760000062 ], [ -74.103161383999975, 4.676372595000032 ], [ -74.103762198999959, 4.675581303000058 ], [ -74.10386948699994, 4.675068033000059 ] ], [ [ -74.104244996999967, 4.674287433000075 ], [ -74.105081845999962, 4.673389207000071 ], [ -74.106873561999976, 4.671560674000034 ] ], [ [ -74.107187379999971, 4.671459088000063 ], [ -74.112251390999973, 4.666283563000036 ], [ -74.118559945999948, 4.658926551000036 ], [ -74.125683892999973, 4.650585660000047 ], [ -74.127057183999966, 4.649302437000074 ], [ -74.131177056999945, 4.646051596000063 ], [ -74.131777871999986, 4.645495529000073 ] ], [ [ -74.131946850999952, 4.645147988000076 ], [ -74.132740784999953, 4.644185563000065 ], [ -74.133813668999949, 4.64268845600003 ], [ -74.134993840999982, 4.641063022000026 ], [ -74.135852147999969, 4.639608683000063 ] ], [ [ -74.135959435999951, 4.639352035000059 ], [ -74.13651733599994, 4.638218503000076 ], [ -74.136882115999981, 4.63710635800004 ], [ -74.137289811999949, 4.635823110000047 ], [ -74.137611676999938, 4.633491872000036 ], [ -74.137869168999941, 4.631096463000063 ], [ -74.138362694999955, 4.62585647700007 ] ], [ [ -74.138427067999942, 4.625663987000053 ], [ -74.138684559999945, 4.623140224000053 ], [ -74.138942052999937, 4.621407806000036 ], [ -74.139521409999986, 4.618841252000038 ] ], [ [ -74.139735985999948, 4.618520432000025 ], [ -74.140487004999954, 4.615440554000031 ], [ -74.141152192999982, 4.612317886000028 ], [ -74.141259480999963, 4.611013205000063 ] ], [ [ -74.141345311999942, 4.610831406000045 ], [ -74.141624261999937, 4.608157872000049 ], [ -74.143791485999941, 4.602254674000051 ], [ -74.144113351999977, 4.601399134000076 ] ], [ [ -74.144185770999968, 4.60133229500002 ], [ -74.145258654999964, 4.598252342000023 ], [ -74.145430315999988, 4.597482352000043 ], [ -74.145559061999961, 4.596199033000062 ], [ -74.145559061999961, 4.59465904700005 ], [ -74.145559061999961, 4.589739626000039 ], [ -74.145301569999958, 4.588584627000046 ], [ -74.143670786999962, 4.584477947000039 ], [ -74.143499125999938, 4.583879054000022 ], [ -74.143263090999938, 4.582146540000053 ], [ -74.143027056999983, 4.581184030000031 ], [ -74.141761053999971, 4.578275104000056 ], [ -74.140301932999989, 4.575301998000043 ], [ -74.139679659999956, 4.573098897000023 ] ], [ [ -74.139778159999935, 4.572976314000073 ], [ -74.138876937999953, 4.569211776000031 ], [ -74.138576529999966, 4.567671732000065 ], [ -74.138662360999945, 4.566559476000066 ], [ -74.139520667999989, 4.560099802000025 ], [ -74.139477752999937, 4.559415329000046 ], [ -74.137031577999949, 4.552399451000042 ] ], [ [ -74.136935017999974, 4.552239026000052 ], [ -74.136666796999975, 4.551265781000041 ], [ -74.136677525999971, 4.550656166000067 ], [ -74.137299798999948, 4.548367429000052 ], [ -74.137342713999942, 4.547640166000065 ], [ -74.13726761199996, 4.546902206000027 ], [ -74.135229132999939, 4.543009190000021 ], [ -74.133812926999951, 4.540314013000057 ] ], [ [ -74.133668087999979, 4.540094762000024 ], [ -74.133131645999981, 4.539367490000075 ], [ -74.132015846999934, 4.53851187500004 ], [ -74.130857132999949, 4.537592088000054 ], [ -74.129719875999967, 4.536779251000041 ], [ -74.128968857999951, 4.536094757000058 ], [ -74.128432415999953, 4.535495824000066 ], [ -74.128024719999985, 4.534789938000074 ], [ -74.127724312999987, 4.533592069000065 ], [ -74.127295158999971, 4.530233747000068 ], [ -74.126908920999938, 4.527025145000039 ], [ -74.12660851399994, 4.525442229000021 ], [ -74.126157902999978, 4.524222954000038 ], [ -74.125170849999961, 4.523025067000049 ], [ -74.122939251999981, 4.520500943000059 ] ], [ [ -74.122856312999943, 4.520461668000053 ], [ -74.122212582999964, 4.518964302000029 ], [ -74.121998005999956, 4.51661129200005 ], [ -74.121869259999983, 4.515071136000074 ], [ -74.122212582999964, 4.513488194000047 ], [ -74.122384243999988, 4.512760895000042 ], [ -74.122083836999934, 4.511776902000065 ], [ -74.121096783999974, 4.510750124000026 ], [ -74.119208508999975, 4.510108388000049 ], [ -74.115946941999937, 4.508867695000049 ], [ -74.114359074999982, 4.507883697000068 ], [ -74.114101582999979, 4.507584218000034 ] ], [ [ -74.113980673999947, 4.507377494000025 ], [ -74.112929247999944, 4.506671581000035 ], [ -74.112328432999959, 4.506479059000071 ], [ -74.110418699999968, 4.506500450000033 ], [ -74.10672797999996, 4.506457667000063 ] ] ] } },
{ "type": "Feature", "properties": { "camera_id": "DEI-009/CAM-02", "segment_id": "1000649", "distance_m": 27.903, "install_date": "2019-12-26T00:00:00", "accidents_pre": 1653, "accidents_post": 3648, "speed_pre_kph": null, "speed_post_kph": 36.927, "n_pre_obs": 0.0, "n_post_obs": 11800.0 }, "geometry": { "type": "MultiLineString", "coordinates": [ [ [ -74.071353067999951, 4.726077796000027 ], [ -74.074013818999958, 4.722870082000043 ], [ -74.075129617999949, 4.72107375500002 ], [ -74.075365651999959, 4.720154205000028 ], [ -74.075537313999973, 4.718657260000043 ], [ -74.075558770999976, 4.71848618100006 ], [ -74.076052297999979, 4.716540148000036 ], [ -74.076395620999961, 4.715684747000068 ], [ -74.077039350999939, 4.714636879000068 ], [ -74.078176606999989, 4.712776376000022 ], [ -74.078906167999946, 4.711749889000032 ], [ -74.079442609999944, 4.711129719000041 ], [ -74.080000508999944, 4.710210156000073 ] ] ] } },
{ "type": "Feature", "properties": { "camera_id": "DEI-010/CAM-01", "segment_id": "142", "distance_m": 25.97, "install_date": "2019-12-26T00:00:00", "accidents_pre": 175, "accidents_post": 424, "speed_pre_kph": 40.536, "speed_post_kph": 42.51, "n_pre_obs": 31023.0, "n_post_obs": 32289.0 }, "geometry": { "type": "MultiLineString", "coordinates": [ [ [ -74.044933308999987, 4.76340648300004 ], [ -74.045920361999947, 4.758317177000038 ], [ -74.046692837999956, 4.75463916800004 ], [ -74.046950329999959, 4.75378381400003 ], [ -74.046821583999986, 4.75220140700003 ], [ -74.047508228999959, 4.748181220000049 ] ], [ [ -74.04742239899997, 4.748181220000049 ], [ -74.048151959999984, 4.74356225400004 ] ], [ [ -74.048237789999973, 4.743519485000036 ], [ -74.050168980999956, 4.731843626000057 ] ], [ [ -74.050254810999945, 4.731715319000045 ], [ -74.051842678999947, 4.722092209000039 ] ], [ [ -74.051713932999974, 4.722006669000052 ], [ -74.052786816999969, 4.71533456700007 ] ], [ [ -74.053087223999967, 4.715206256000045 ], [ -74.054546345999938, 4.70571122900003 ] ], [ [ -74.054718006999963, 4.705197980000037 ], [ -74.055747975999964, 4.698953428000038 ] ], [ [ -74.055919636999988, 4.698354632000076 ], [ -74.058065403999933, 4.684838822000074 ] ], [ [ -74.058065403999933, 4.684432488000027 ], [ -74.059224117999975, 4.676776260000054 ] ], [ [ -74.059395779999988, 4.676434080000035 ], [ -74.060511578999979, 4.669847087000051 ] ], [ [ -74.060465980999936, 4.669671652000034 ], [ -74.06052968399996, 4.669333144000063 ], [ -74.060600091999959, 4.668981604000066 ], [ -74.060655746999942, 4.668700238000042 ], [ -74.060621548999961, 4.668478020000066 ], [ -74.060580309999978, 4.668220713000039 ], [ -74.060655076999979, 4.667812699000024 ], [ -74.060680557999945, 4.667708774000062 ], [ -74.060702015999937, 4.66760885900004 ], [ -74.060734201999935, 4.667424400000073 ], [ -74.060766723999961, 4.667243952000035 ], [ -74.06080293399998, 4.66706918400007 ], [ -74.060864288999937, 4.666796839000028 ], [ -74.060893122999971, 4.666698261000022 ], [ -74.060926650999988, 4.666520485000035 ], [ -74.060993034999967, 4.666216395000049 ], [ -74.061037626999962, 4.666009547000044 ], [ -74.061045002999947, 4.665919323000026 ], [ -74.061055731999943, 4.665847143000065 ] ] ] } },
{ "type": "Feature", "properties": { "camera_id": "DEI-010/CAM-01", "segment_id": "1001995", "distance_m": 25.97, "install_date": "2019-12-26T00:00:00", "accidents_pre": 175, "accidents_post": 424, "speed_pre_kph": 41.106, "speed_post_kph": 43.141, "n_pre_obs": 26742.0, "n_post_obs": 29464.0 }, "geometry": { "type": "MultiLineString", "coordinates": [ [ [ -74.058065403999933, 4.684432488000027 ], [ -74.059224117999975, 4.676776260000054 ] ] ] } },
{ "type": "Feature", "properties": { "camera_id": "DEI-010/CAM-02", "segment_id": "142", "distance_m": 7.014, "install_date": "2019-12-26T00:00:00", "accidents_pre": 175, "accidents_post": 424, "speed_pre_kph": 40.536, "speed_post_kph": 42.51, "n_pre_obs": 31023.0, "n_post_obs": 32289.0 }, "geometry": { "type": "MultiLineString", "coordinates": [ [ [ -74.044933308999987, 4.76340648300004 ], [ -74.045920361999947, 4.758317177000038 ], [ -74.046692837999956, 4.75463916800004 ], [ -74.046950329999959, 4.75378381400003 ], [ -74.046821583999986, 4.75220140700003 ], [ -74.047508228999959, 4.748181220000049 ] ], [ [ -74.04742239899997, 4.748181220000049 ], [ -74.048151959999984, 4.74356225400004 ] ], [ [ -74.048237789999973, 4.743519485000036 ], [ -74.050168980999956, 4.731843626000057 ] ], [ [ -74.050254810999945, 4.731715319000045 ], [ -74.051842678999947, 4.722092209000039 ] ], [ [ -74.051713932999974, 4.722006669000052 ], [ -74.052786816999969, 4.71533456700007 ] ], [ [ -74.053087223999967, 4.715206256000045 ], [ -74.054546345999938, 4.70571122900003 ] ], [ [ -74.054718006999963, 4.705197980000037 ], [ -74.055747975999964, 4.698953428000038 ] ], [ [ -74.055919636999988, 4.698354632000076 ], [ -74.058065403999933, 4.684838822000074 ] ], [ [ -74.058065403999933, 4.684432488000027 ], [ -74.059224117999975, 4.676776260000054 ] ], [ [ -74.059395779999988, 4.676434080000035 ], [ -74.060511578999979, 4.669847087000051 ] ], [ [ -74.060465980999936, 4.669671652000034 ], [ -74.06052968399996, 4.669333144000063 ], [ -74.060600091999959, 4.668981604000066 ], [ -74.060655746999942, 4.668700238000042 ], [ -74.060621548999961, 4.668478020000066 ], [ -74.060580309999978, 4.668220713000039 ], [ -74.060655076999979, 4.667812699000024 ], [ -74.060680557999945, 4.667708774000062 ], [ -74.060702015999937, 4.66760885900004 ], [ -74.060734201999935, 4.667424400000073 ], [ -74.060766723999961, 4.667243952000035 ], [ -74.06080293399998, 4.66706918400007 ], [ -74.060864288999937, 4.666796839000028 ], [ -74.060893122999971, 4.666698261000022 ], [ -74.060926650999988, 4.666520485000035 ], [ -74.060993034999967, 4.666216395000049 ], [ -74.061037626999962, 4.666009547000044 ], [ -74.061045002999947, 4.665919323000026 ], [ -74.061055731999943, 4.665847143000065 ] ] ] } },
{ "type": "Feature", "properties": { "camera_id": "DEI-010/CAM-02", "segment_id": "1001995", "distance_m": 7.014, "install_date": "2019-12-26T00:00:00", "accidents_pre": 175, "accidents_post": 424, "speed_pre_kph": 41.106, "speed_post_kph": 43.141, "n_pre_obs": 26742.0, "n_post_obs": 29464.0 }, "geometry": { "type": "MultiLineString", "coordinates": [ [ [ -74.058065403999933, 4.684432488000027 ], [ -74.059224117999975, 4.676776260000054 ] ] ] } },
{ "type": "Feature", "properties": { "camera_id": "DEI-010/CAM-03", "segment_id": "141", "distance_m": 19.794, "install_date": "2019-12-26T00:00:00", "accidents_pre": 297, "accidents_post": 543, "speed_pre_kph": 39.865, "speed_post_kph": 40.902, "n_pre_obs": 30049.0, "n_post_obs": 29910.0 }, "geometry": { "type": "MultiLineString", "coordinates": [ [ [ -74.060526162999963, 4.66572300100006 ], [ -74.06049481499997, 4.665904285000067 ], [ -74.060430441999983, 4.666201692000072 ], [ -74.060416359999977, 4.66627554300004 ], [ -74.060411330999955, 4.666319652000027 ], [ -74.060399260999986, 4.666436610000062 ], [ -74.060369421999951, 4.66658297400005 ], [ -74.060331199999951, 4.666774450000048 ], [ -74.060259115999941, 4.667133343000046 ], [ -74.060239334999949, 4.667235597000058 ], [ -74.060218211999938, 4.667340859000035 ], [ -74.060187366999969, 4.667500590000031 ], [ -74.060115617999941, 4.667861821000031 ], [ -74.060074042999986, 4.668071676000068 ], [ -74.060019728999976, 4.668255466000062 ], [ -74.059915122999939, 4.668628059000071 ], [ -74.059860807999939, 4.668998312000042 ], [ -74.059798445999945, 4.669420695000042 ] ], [ [ -74.05961035699994, 4.669590450000044 ], [ -74.058580387999939, 4.676305763000073 ] ], [ [ -74.058580387999939, 4.676476852000064 ], [ -74.057250012999987, 4.684346944000026 ] ], [ [ -74.057207096999946, 4.684325558000069 ], [ -74.054803837999941, 4.697841378000021 ] ], [ [ -74.054803837999941, 4.698269090000053 ], [ -74.053773869999986, 4.70485581500003 ] ], [ [ -74.053688038999951, 4.705026898000028 ], [ -74.052057255999955, 4.715035176000072 ] ], [ [ -74.051885594999987, 4.715035176000072 ], [ -74.05076979599994, 4.721835590000069 ] ], [ [ -74.05089854199997, 4.721750051000072 ], [ -74.049267758999974, 4.731373166000026 ] ], [ [ -74.049310673999969, 4.73154424300003 ], [ -74.04742239899997, 4.743262875000028 ] ], [ [ -74.047336567999935, 4.743305644000031 ], [ -74.046564091999983, 4.74775353900003 ] ], [ [ -74.046564091999983, 4.748010148000049 ], [ -74.04630659999998, 4.749421493000057 ], [ -74.046435345999953, 4.750747299000068 ], [ -74.046092022999972, 4.75220140700003 ], [ -74.045448292999936, 4.754938541000058 ], [ -74.04506205499996, 4.75759013000004 ], [ -74.044718731999978, 4.759600199000033 ], [ -74.04394625599997, 4.763320949000047 ] ] ] } },
{ "type": "Feature", "properties": { "camera_id": "DEI-010/CAM-03", "segment_id": "1002010", "distance_m": 19.794, "install_date": "2019-12-26T00:00:00", "accidents_pre": 297, "accidents_post": 543, "speed_pre_kph": 43.423, "speed_post_kph": 45.057, "n_pre_obs": 18441.0, "n_post_obs": 30360.0 }, "geometry": { "type": "MultiLineString", "coordinates": [ [ [ -74.057207096999946, 4.684325558000069 ], [ -74.054803837999941, 4.697841378000021 ] ] ] } },
{ "type": "Feature", "properties": { "camera_id": "DEI-010/CAM-04", "segment_id": "141", "distance_m": 19.794, "install_date": "2019-12-26T00:00:00", "accidents_pre": 297, "accidents_post": 543, "speed_pre_kph": 39.865, "speed_post_kph": 40.902, "n_pre_obs": 30049.0, "n_post_obs": 29910.0 }, "geometry": { "type": "MultiLineString", "coordinates": [ [ [ -74.060526162999963, 4.66572300100006 ], [ -74.06049481499997, 4.665904285000067 ], [ -74.060430441999983, 4.666201692000072 ], [ -74.060416359999977, 4.66627554300004 ], [ -74.060411330999955, 4.666319652000027 ], [ -74.060399260999986, 4.666436610000062 ], [ -74.060369421999951, 4.66658297400005 ], [ -74.060331199999951, 4.666774450000048 ], [ -74.060259115999941, 4.667133343000046 ], [ -74.060239334999949, 4.667235597000058 ], [ -74.060218211999938, 4.667340859000035 ], [ -74.060187366999969, 4.667500590000031 ], [ -74.060115617999941, 4.667861821000031 ], [ -74.060074042999986, 4.668071676000068 ], [ -74.060019728999976, 4.668255466000062 ], [ -74.059915122999939, 4.668628059000071 ], [ -74.059860807999939, 4.668998312000042 ], [ -74.059798445999945, 4.669420695000042 ] ], [ [ -74.05961035699994, 4.669590450000044 ], [ -74.058580387999939, 4.676305763000073 ] ], [ [ -74.058580387999939, 4.676476852000064 ], [ -74.057250012999987, 4.684346944000026 ] ], [ [ -74.057207096999946, 4.684325558000069 ], [ -74.054803837999941, 4.697841378000021 ] ], [ [ -74.054803837999941, 4.698269090000053 ], [ -74.053773869999986, 4.70485581500003 ] ], [ [ -74.053688038999951, 4.705026898000028 ], [ -74.052057255999955, 4.715035176000072 ] ], [ [ -74.051885594999987, 4.715035176000072 ], [ -74.05076979599994, 4.721835590000069 ] ], [ [ -74.05089854199997, 4.721750051000072 ], [ -74.049267758999974, 4.731373166000026 ] ], [ [ -74.049310673999969, 4.73154424300003 ], [ -74.04742239899997, 4.743262875000028 ] ], [ [ -74.047336567999935, 4.743305644000031 ], [ -74.046564091999983, 4.74775353900003 ] ], [ [ -74.046564091999983, 4.748010148000049 ], [ -74.04630659999998, 4.749421493000057 ], [ -74.046435345999953, 4.750747299000068 ], [ -74.046092022999972, 4.75220140700003 ], [ -74.045448292999936, 4.754938541000058 ], [ -74.04506205499996, 4.75759013000004 ], [ -74.044718731999978, 4.759600199000033 ], [ -74.04394625599997, 4.763320949000047 ] ] ] } },
{ "type": "Feature", "properties": { "camera_id": "DEI-010/CAM-04", "segment_id": "1002010", "distance_m": 19.794, "install_date": "2019-12-26T00:00:00", "accidents_pre": 297, "accidents_post": 543, "speed_pre_kph": 43.423, "speed_post_kph": 45.057, "n_pre_obs": 18441.0, "n_post_obs": 30360.0 }, "geometry": { "type": "MultiLineString", "coordinates": [ [ [ -74.057207096999946, 4.684325558000069 ], [ -74.054803837999941, 4.697841378000021 ] ] ] } },
{ "type": "Feature", "properties": { "camera_id": "DEI-011/CAM-01", "segment_id": "1000720", "distance_m": 12.903, "install_date": "2019-12-26T00:00:00", "accidents_pre": 673, "accidents_post": 2131, "speed_pre_kph": null, "speed_post_kph": 33.277, "n_pre_obs": 0.0, "n_post_obs": 10076.0 }, "geometry": { "type": "MultiLineString", "coordinates": [ [ [ -74.140472252999984, 4.655155785000034 ], [ -74.137639839999963, 4.657337245000065 ], [ -74.137167770999952, 4.657679434000045 ], [ -74.136910278999949, 4.657978849000074 ], [ -74.136652786999946, 4.658406585000023 ], [ -74.136395294999943, 4.658620453000026 ], [ -74.134206612999947, 4.660972995000066 ], [ -74.133305389999975, 4.662085103000038 ] ] ] } },
{ "type": "Feature", "properties": { "camera_id": "DEI-011/CAM-01", "segment_id": "76", "distance_m": 12.903, "install_date": "2019-12-26T00:00:00", "accidents_pre": 673, "accidents_post": 2131, "speed_pre_kph": 21.884, "speed_post_kph": 23.899, "n_pre_obs": 30331.0, "n_post_obs": 30865.0 }, "geometry": { "type": "MultiLineString", "coordinates": [ [ [ -74.203072927999983, 4.609743684000023 ], [ -74.202260218999982, 4.610949446000063 ], [ -74.201890073999948, 4.611497519000068 ], [ -74.201544068999965, 4.612005489000069 ], [ -74.200916431999985, 4.612874384000065 ], [ -74.200779639999951, 4.613045489000058 ], [ -74.200624070999936, 4.613171145000024 ], [ -74.20045509199997, 4.613291453000045 ], [ -74.200248561999956, 4.613374332000035 ], [ -74.200111769999978, 4.613411761000066 ], [ -74.199948154999959, 4.613427802000047 ], [ -74.199805997999988, 4.613425129000063 ], [ -74.199390254999969, 4.613352944000042 ], [ -74.197609267999951, 4.612975978000065 ], [ -74.197370551999938, 4.612989345000074 ], [ -74.197094283999945, 4.61303212200005 ], [ -74.196769736999954, 4.613066877000051 ], [ -74.196225248999951, 4.613053510000043 ], [ -74.195707581999955, 4.613016080000023 ], [ -74.195578835999981, 4.613016080000023 ], [ -74.19544740799995, 4.613008060000027 ], [ -74.195214055999941, 4.613037469000062 ], [ -74.194948516999943, 4.613128368000048 ] ], [ [ -74.194935105999946, 4.613082918000032 ], [ -74.194613240999956, 4.613318188000051 ], [ -74.194291375999967, 4.613585540000031 ], [ -74.193647645999988, 4.614291349000041 ], [ -74.192810796999936, 4.615168261000065 ], [ -74.192467473999955, 4.615478388000042 ], [ -74.192183159999956, 4.61566018700006 ], [ -74.191839836999975, 4.615841986000021 ], [ -74.191324852999969, 4.615997049000043 ], [ -74.190321706999953, 4.616237665000028 ], [ -74.189919374999988, 4.616376688000059 ], [ -74.189635060999933, 4.616574527000068 ], [ -74.189366839999934, 4.616788408000048 ], [ -74.188953779999963, 4.617216168000027 ], [ -74.188674829999968, 4.617526295000062 ], [ -74.188245676999941, 4.617911279000054 ], [ -74.187548301999982, 4.618301611000049 ], [ -74.187226436999936, 4.618429939000066 ], [ -74.187001131999978, 4.618494103000046 ], [ -74.186861656999952, 4.618408551000073 ], [ -74.186630986999944, 4.618290917000024 ], [ -74.186346672999946, 4.61840320400006 ], [ -74.186223290999976, 4.618633124000041 ], [ -74.185842417999936, 4.618654512000035 ], [ -74.184823177999988, 4.618772146000026 ], [ -74.184184811999955, 4.618911168000068 ], [ -74.183825395999975, 4.618991373000028 ], [ -74.183519624999974, 4.619157130000076 ] ], [ [ -74.183410395999942, 4.61923960300004 ], [ -74.183077801999957, 4.619528341000034 ], [ -74.182734478999976, 4.619988182000043 ], [ -74.182552088999955, 4.620309001000066 ], [ -74.182326782999951, 4.620833006000055 ], [ -74.182144392999987, 4.621121742000071 ], [ -74.181908358999976, 4.621442561000038 ], [ -74.180266846999984, 4.62287555000006 ], [ -74.178571690999945, 4.624383393000073 ], [ -74.17755245099994, 4.625324456000044 ], [ -74.177091110999982, 4.625720130000047 ], [ -74.176951635999956, 4.625784293000038 ] ], [ [ -74.176930178999953, 4.625784293000038 ], [ -74.173722256999952, 4.627003396000021 ], [ -74.17152284499997, 4.627890986000068 ], [ -74.170943487999978, 4.628126251000026 ], [ -74.170718182999963, 4.628254577000064 ] ], [ [ -74.155917752999983, 4.640758253000058 ], [ -74.155789006999953, 4.641036288000066 ], [ -74.155070174999935, 4.641635133000023 ], [ -74.152806390999956, 4.643613455000036 ], [ -74.151594031999934, 4.644714897000028 ], [ -74.150606979999964, 4.645575731000065 ] ], [ [ -74.150513101999934, 4.645655933000057 ], [ -74.148321736999947, 4.647727813000074 ], [ -74.145655621999936, 4.650358423000057 ], [ -74.143037785999979, 4.652903475000073 ], [ -74.142040003999966, 4.653855194000073 ], [ -74.140516508999951, 4.655074248000062 ] ], [ [ -74.140472252999984, 4.655155785000034 ], [ -74.137639839999963, 4.657337245000065 ], [ -74.137167770999952, 4.657679434000045 ], [ -74.136910278999949, 4.657978849000074 ], [ -74.136652786999946, 4.658406585000023 ], [ -74.136395294999943, 4.658620453000026 ], [ -74.134206612999947, 4.660972995000066 ], [ -74.133305389999975, 4.662085103000038 ] ], [ [ -74.133047897999973, 4.662491450000061 ], [ -74.130515892999938, 4.665571123000063 ] ], [ [ -74.130281199999956, 4.665981477000059 ], [ -74.128934730999958, 4.667606854000041 ], [ -74.128081787999974, 4.668644099000062 ], [ -74.126896251999938, 4.669986099000027 ], [ -74.125764359999948, 4.671344136000073 ], [ -74.125308383999936, 4.671905529000071 ] ], [ [ -74.125158179999971, 4.672065927000062 ], [ -74.124165762999951, 4.673242176000031 ], [ -74.122765649999963, 4.675027933000024 ], [ -74.121859062999988, 4.676150712000037 ], [ -74.121483553999951, 4.676717448000034 ], [ -74.121204603999956, 4.677145172000053 ], [ -74.120904196999959, 4.677433886000074 ], [ -74.119756210999981, 4.678588740000066 ], [ -74.117610443999979, 4.680695275000062 ], [ -74.117363680999972, 4.680919829000061 ], [ -74.116913069999953, 4.681304779000072 ], [ -74.115604151999946, 4.682694874000049 ], [ -74.114681471999972, 4.683667938000042 ], [ -74.114069927999935, 4.684277439000027 ], [ -74.113659549999966, 4.684678427000051 ], [ -74.113477159999945, 4.684860208000032 ], [ -74.113273311999933, 4.685063374000038 ], [ -74.113069463999977, 4.685277234000068 ] ], [ [ -74.112983633999988, 4.685405550000041 ], [ -74.110859323999989, 4.687629687000026 ], [ -74.109754253999938, 4.688923532000047 ], [ -74.109325100999968, 4.689361942000062 ], [ -74.109099794999963, 4.689597187000061 ] ], [ [ -74.108965684999987, 4.689722828000072 ], [ -74.108815480999965, 4.689883222000049 ], [ -74.108391691999941, 4.690936473000022 ], [ -74.108069826999952, 4.691674283000054 ], [ -74.106755543999952, 4.694117603000052 ], [ -74.106203008999955, 4.695117384000071 ], [ -74.105950881999945, 4.695352626000044 ], [ -74.105728257999942, 4.695713509000029 ] ], [ [ -74.105679978999945, 4.695852516000059 ], [ -74.105422485999952, 4.696312307000028 ], [ -74.105207909999933, 4.697039418000031 ], [ -74.103491295999959, 4.699584301000073 ] ], [ [ -74.103410829999973, 4.699688556000069 ], [ -74.101844419999964, 4.701741563000041 ], [ -74.101071942999965, 4.702832221000051 ], [ -74.099376786999983, 4.704821063000054 ], [ -74.098969091999948, 4.705355697000073 ], [ -74.097831834999965, 4.706596047000062 ] ], [ [ -74.097853292999957, 4.706604066000068 ], [ -74.096984256999974, 4.707480864000047 ], [ -74.096061576999944, 4.708379045000072 ], [ -74.094905544999961, 4.70947503900004 ], [ -74.094650734999959, 4.709737008000047 ], [ -74.094564903999981, 4.709825222000063 ], [ -74.094476390999944, 4.709916109000062 ] ], [ [ -74.094334233999973, 4.710031055000059 ], [ -74.093690503999937, 4.710747459000061 ], [ -74.093411554999989, 4.711185855000053 ], [ -74.093293536999965, 4.711528018000024 ], [ -74.093218434999983, 4.712789741000051 ], [ -74.093132604999937, 4.71371999400003 ], [ -74.093143333999933, 4.713858997000045 ], [ -74.092724908999969, 4.714799940000034 ], [ -74.092488874999958, 4.715655342000048 ], [ -74.092488874999958, 4.716083043000026 ], [ -74.092488874999958, 4.71640381800006 ], [ -74.092639077999934, 4.717023983000047 ], [ -74.092703450999977, 4.717173678000051 ] ], [ [ -74.092732955999963, 4.717350104000047 ], [ -74.093033362999961, 4.718077193000056 ], [ -74.093623448999949, 4.718932591000055 ], [ -74.095264960999941, 4.72072892400007 ], [ -74.095951605999971, 4.721284930000024 ], [ -74.096960116999981, 4.722065477000058 ], [ -74.097625304999951, 4.722749792000059 ], [ -74.098161746999949, 4.723551722000025 ], [ -74.098612357999968, 4.724407113000041 ], [ -74.098912764999966, 4.725187657000049 ] ] ] } },
{ "type": "Feature", "properties": { "camera_id": "DEI-011/CAM-01", "segment_id": "1002089", "distance_m": 23.748, "install_date": "2019-12-26T00:00:00", "accidents_pre": 673, "accidents_post": 2131, "speed_pre_kph": null, "speed_post_kph": 36.406, "n_pre_obs": 0.0, "n_post_obs": 10173.0 }, "geometry": { "type": "MultiLineString", "coordinates": [ [ [ -74.133562881999978, 4.662405903000035 ], [ -74.136051971999962, 4.659411763000037 ], [ -74.137167770999952, 4.658214104000024 ], [ -74.137296516999982, 4.65795746200007 ], [ -74.137983162999944, 4.657486952000056 ], [ -74.138884384999983, 4.656802574000039 ], [ -74.140558082999974, 4.655562136000071 ] ] ] } },
{ "type": "Feature", "properties": { "camera_id": "DEI-011/CAM-01", "segment_id": "75", "distance_m": 23.748, "install_date": "2019-12-26T00:00:00", "accidents_pre": 673, "accidents_post": 2131, "speed_pre_kph": 22.249, "speed_post_kph": 24.378, "n_pre_obs": 31212.0, "n_post_obs": 31931.0 }, "geometry": { "type": "MultiLineString", "coordinates": [ [ [ -74.099148799999966, 4.72504865600007 ], [ -74.098923493999962, 4.724342959000069 ], [ -74.098537255999986, 4.723541030000035 ], [ -74.098086644999967, 4.722878101000049 ], [ -74.097571660999961, 4.722193786000048 ], [ -74.096970845999977, 4.721627088000048 ], [ -74.096348572999943, 4.721145929000045 ], [ -74.095393706999971, 4.720386766000047 ], [ -74.09441738299995, 4.719306828000072 ], [ -74.093870211999956, 4.71865458700006 ], [ -74.093430329999933, 4.718152041000053 ], [ -74.093226481999977, 4.717799189000061 ], [ -74.093001176999962, 4.717168332000028 ] ], [ [ -74.092888523999989, 4.717042695000032 ], [ -74.092749048999963, 4.71640114500002 ], [ -74.092738319999967, 4.715984137000021 ], [ -74.092770506999955, 4.715470896000056 ], [ -74.092899252999985, 4.715000425000028 ], [ -74.09337132099995, 4.713909786000045 ], [ -74.093446422999989, 4.713225463000072 ], [ -74.093446422999989, 4.711824737000029 ], [ -74.093500066999979, 4.711461189000033 ], [ -74.09373610199998, 4.710990715000037 ], [ -74.094508577999989, 4.710146 ] ], [ [ -74.09463464199996, 4.710041747000048 ], [ -74.09663020499994, 4.708063613000036 ], [ -74.097450960999936, 4.707277703000045 ], [ -74.097729910999988, 4.706983656000034 ], [ -74.097960580999938, 4.70672703200006 ] ], [ [ -74.098067868999976, 4.706681588000038 ], [ -74.098904718999961, 4.705847560000052 ], [ -74.099591363999934, 4.70505630200006 ], [ -74.101565469999969, 4.702511440000023 ], [ -74.101973165999937, 4.702040960000033 ], [ -74.103625405999935, 4.699838254000042 ] ], [ [ -74.103668321999976, 4.699731327000052 ], [ -74.104762662999974, 4.698063254000033 ], [ -74.10538493599995, 4.697165059000042 ], [ -74.105588782999973, 4.696405869000046 ], [ -74.10583554699997, 4.695999542000038 ] ], [ [ -74.105918694999957, 4.695817764000026 ], [ -74.106117178999966, 4.695491633000074 ], [ -74.106390763999968, 4.695208273000048 ], [ -74.107415367999977, 4.693304946000069 ], [ -74.108305860999963, 4.691620819000036 ], [ -74.108504344999972, 4.691182410000067 ], [ -74.108713556999987, 4.690695883000046 ], [ -74.108922768999946, 4.690118466000058 ], [ -74.109089065999967, 4.689840451000066 ] ], [ [ -74.109300960999974, 4.689762927000061 ], [ -74.109923232999961, 4.689142737000054 ], [ -74.11316334199995, 4.685678221000046 ] ], [ [ -74.113412786999959, 4.685341392000055 ], [ -74.114571500999944, 4.684154470000067 ], [ -74.116556335999974, 4.682037252000043 ], [ -74.118219305999958, 4.680433295000057 ], [ -74.120912243999953, 4.677866957000049 ], [ -74.121405769999967, 4.67725745000007 ], [ -74.122671772999979, 4.675514471000042 ], [ -74.123079467999958, 4.675033280000036 ], [ -74.12351935099997, 4.674691099000029 ], [ -74.12384121599996, 4.674135055000022 ], [ -74.123916317999942, 4.673963965000041 ], [ -74.125321794999934, 4.672295830000053 ] ], [ [ -74.125496138999949, 4.672055234000027 ], [ -74.126687039999979, 4.670611652000048 ], [ -74.126965988999984, 4.670376401000055 ], [ -74.127362955999956, 4.669937980000043 ], [ -74.127566803999969, 4.669606490000035 ], [ -74.12902592599994, 4.667799333000062 ], [ -74.130190004999974, 4.666425248000053 ], [ -74.130356300999949, 4.666232769000032 ], [ -74.130436767999981, 4.666131183000061 ] ], [ [ -74.130816299999935, 4.665827762000049 ], [ -74.133348305999959, 4.662662543000067 ] ], [ [ -74.133562881999978, 4.662405903000035 ], [ -74.136051971999962, 4.659411763000037 ], [ -74.137167770999952, 4.658214104000024 ], [ -74.137296516999982, 4.65795746200007 ], [ -74.137983162999944, 4.657486952000056 ], [ -74.138884384999983, 4.656802574000039 ], [ -74.140558082999974, 4.655562136000071 ] ], [ [ -74.140736449999963, 4.65535227700002 ], [ -74.141079772999944, 4.655042168000023 ], [ -74.141830791999951, 4.654293626000026 ], [ -74.142635453999958, 4.653598551000073 ], [ -74.145682443999988, 4.650604374000068 ], [ -74.147570718999987, 4.648733006000043 ], [ -74.149700392999989, 4.646679843000072 ], [ -74.150623072999963, 4.64582970400005 ] ], [ [ -74.150711585999943, 4.645752175000041 ], [ -74.153476942999987, 4.643332747000045 ], [ -74.154592741999977, 4.642327546000047 ], [ -74.156116236999935, 4.640990840000029 ] ], [ [ -74.17096494599997, 4.628468454000028 ], [ -74.173239458999944, 4.627452538000057 ], [ -74.176093329999958, 4.626329682000062 ], [ -74.176865805999967, 4.626019559000042 ] ], [ [ -74.177026737999938, 4.625955396000052 ], [ -74.177241314999947, 4.625848457000075 ], [ -74.179311979999966, 4.624030493000021 ], [ -74.181790341999942, 4.62183823700002 ], [ -74.182240952999962, 4.621399785000051 ], [ -74.182476986999973, 4.620950639000057 ], [ -74.182670105999989, 4.620576350000022 ], [ -74.182970513999976, 4.620030958000029 ], [ -74.183421124999938, 4.619496259000073 ], [ -74.183528412999976, 4.619410707000043 ] ], [ [ -74.183634959999949, 4.619379030000061 ], [ -74.183795891999978, 4.619245356000022 ], [ -74.184037290999981, 4.619133069000043 ], [ -74.184520088999989, 4.619020782000064 ], [ -74.18505652999994, 4.618908495000028 ], [ -74.185592971999938, 4.618828290000067 ], [ -74.186000667999963, 4.618801555000061 ], [ -74.186306439999953, 4.618881760000022 ], [ -74.186542473999964, 4.61896196500004 ], [ -74.18673559299998, 4.618924536000065 ], [ -74.186853609999957, 4.618865719000041 ], [ -74.186971627999981, 4.618764126000031 ], [ -74.187154017999944, 4.618673227000045 ], [ -74.187840662999974, 4.618373795000025 ], [ -74.188033781999934, 4.618288243000052 ], [ -74.188527308999937, 4.617951382000058 ], [ -74.188774071999944, 4.617737502000068 ], [ -74.188977919999957, 4.617496886000026 ], [ -74.189407072999984, 4.61702635000006 ], [ -74.189750395999965, 4.616791081000031 ], [ -74.190072260999955, 4.616577201000041 ], [ -74.190329752999958, 4.616491648000022 ], [ -74.191123686999958, 4.616341932000068 ], [ -74.191788874999986, 4.616149439000026 ], [ -74.192368231999978, 4.615935559000036 ], [ -74.192904673999976, 4.615529185000071 ], [ -74.19382735399995, 4.614545332000034 ], [ -74.194556914999964, 4.61375397200004 ], [ -74.195007525999983, 4.613368985000022 ] ], [ [ -74.195079944999975, 4.613318188000051 ], [ -74.195310614999983, 4.613237983000033 ], [ -74.195632479999972, 4.613211247000038 ], [ -74.196281574999944, 4.613270065000052 ], [ -74.196603439999933, 4.613270065000052 ], [ -74.197397373999934, 4.613195206000057 ], [ -74.197542212999963, 4.61320055300007 ], [ -74.198427341999945, 4.613387700000033 ], [ -74.199891827999977, 4.613676440000063 ], [ -74.200165413999969, 4.613681787000075 ], [ -74.200310252999941, 4.61365505200007 ], [ -74.200605295999935, 4.613564152000038 ], [ -74.200835965999943, 4.613446517000057 ], [ -74.201088093999942, 4.613227289000065 ], [ -74.201624534999951, 4.61251078500004 ], [ -74.20293881799995, 4.610345229000075 ], [ -74.203330419999986, 4.609789134000039 ] ] ] } },
{ "type": "Feature", "properties": { "camera_id": "DEI-011/CAM-02", "segment_id": "1000720", "distance_m": 12.903, "install_date": "2019-12-26T00:00:00", "accidents_pre": 673, "accidents_post": 2131, "speed_pre_kph": null, "speed_post_kph": 33.277, "n_pre_obs": 0.0, "n_post_obs": 10076.0 }, "geometry": { "type": "MultiLineString", "coordinates": [ [ [ -74.140472252999984, 4.655155785000034 ], [ -74.137639839999963, 4.657337245000065 ], [ -74.137167770999952, 4.657679434000045 ], [ -74.136910278999949, 4.657978849000074 ], [ -74.136652786999946, 4.658406585000023 ], [ -74.136395294999943, 4.658620453000026 ], [ -74.134206612999947, 4.660972995000066 ], [ -74.133305389999975, 4.662085103000038 ] ] ] } },
{ "type": "Feature", "properties": { "camera_id": "DEI-011/CAM-02", "segment_id": "76", "distance_m": 12.903, "install_date": "2019-12-26T00:00:00", "accidents_pre": 673, "accidents_post": 2131, "speed_pre_kph": 21.884, "speed_post_kph": 23.899, "n_pre_obs": 30331.0, "n_post_obs": 30865.0 }, "geometry": { "type": "MultiLineString", "coordinates": [ [ [ -74.203072927999983, 4.609743684000023 ], [ -74.202260218999982, 4.610949446000063 ], [ -74.201890073999948, 4.611497519000068 ], [ -74.201544068999965, 4.612005489000069 ], [ -74.200916431999985, 4.612874384000065 ], [ -74.200779639999951, 4.613045489000058 ], [ -74.200624070999936, 4.613171145000024 ], [ -74.20045509199997, 4.613291453000045 ], [ -74.200248561999956, 4.613374332000035 ], [ -74.200111769999978, 4.613411761000066 ], [ -74.199948154999959, 4.613427802000047 ], [ -74.199805997999988, 4.613425129000063 ], [ -74.199390254999969, 4.613352944000042 ], [ -74.197609267999951, 4.612975978000065 ], [ -74.197370551999938, 4.612989345000074 ], [ -74.197094283999945, 4.61303212200005 ], [ -74.196769736999954, 4.613066877000051 ], [ -74.196225248999951, 4.613053510000043 ], [ -74.195707581999955, 4.613016080000023 ], [ -74.195578835999981, 4.613016080000023 ], [ -74.19544740799995, 4.613008060000027 ], [ -74.195214055999941, 4.613037469000062 ], [ -74.194948516999943, 4.613128368000048 ] ], [ [ -74.194935105999946, 4.613082918000032 ], [ -74.194613240999956, 4.613318188000051 ], [ -74.194291375999967, 4.613585540000031 ], [ -74.193647645999988, 4.614291349000041 ], [ -74.192810796999936, 4.615168261000065 ], [ -74.192467473999955, 4.615478388000042 ], [ -74.192183159999956, 4.61566018700006 ], [ -74.191839836999975, 4.615841986000021 ], [ -74.191324852999969, 4.615997049000043 ], [ -74.190321706999953, 4.616237665000028 ], [ -74.189919374999988, 4.616376688000059 ], [ -74.189635060999933, 4.616574527000068 ], [ -74.189366839999934, 4.616788408000048 ], [ -74.188953779999963, 4.617216168000027 ], [ -74.188674829999968, 4.617526295000062 ], [ -74.188245676999941, 4.617911279000054 ], [ -74.187548301999982, 4.618301611000049 ], [ -74.187226436999936, 4.618429939000066 ], [ -74.187001131999978, 4.618494103000046 ], [ -74.186861656999952, 4.618408551000073 ], [ -74.186630986999944, 4.618290917000024 ], [ -74.186346672999946, 4.61840320400006 ], [ -74.186223290999976, 4.618633124000041 ], [ -74.185842417999936, 4.618654512000035 ], [ -74.184823177999988, 4.618772146000026 ], [ -74.184184811999955, 4.618911168000068 ], [ -74.183825395999975, 4.618991373000028 ], [ -74.183519624999974, 4.619157130000076 ] ], [ [ -74.183410395999942, 4.61923960300004 ], [ -74.183077801999957, 4.619528341000034 ], [ -74.182734478999976, 4.619988182000043 ], [ -74.182552088999955, 4.620309001000066 ], [ -74.182326782999951, 4.620833006000055 ], [ -74.182144392999987, 4.621121742000071 ], [ -74.181908358999976, 4.621442561000038 ], [ -74.180266846999984, 4.62287555000006 ], [ -74.178571690999945, 4.624383393000073 ], [ -74.17755245099994, 4.625324456000044 ], [ -74.177091110999982, 4.625720130000047 ], [ -74.176951635999956, 4.625784293000038 ] ], [ [ -74.176930178999953, 4.625784293000038 ], [ -74.173722256999952, 4.627003396000021 ], [ -74.17152284499997, 4.627890986000068 ], [ -74.170943487999978, 4.628126251000026 ], [ -74.170718182999963, 4.628254577000064 ] ], [ [ -74.155917752999983, 4.640758253000058 ], [ -74.155789006999953, 4.641036288000066 ], [ -74.155070174999935, 4.641635133000023 ], [ -74.152806390999956, 4.643613455000036 ], [ -74.151594031999934, 4.644714897000028 ], [ -74.150606979999964, 4.645575731000065 ] ], [ [ -74.150513101999934, 4.645655933000057 ], [ -74.148321736999947, 4.647727813000074 ], [ -74.145655621999936, 4.650358423000057 ], [ -74.143037785999979, 4.652903475000073 ], [ -74.142040003999966, 4.653855194000073 ], [ -74.140516508999951, 4.655074248000062 ] ], [ [ -74.140472252999984, 4.655155785000034 ], [ -74.137639839999963, 4.657337245000065 ], [ -74.137167770999952, 4.657679434000045 ], [ -74.136910278999949, 4.657978849000074 ], [ -74.136652786999946, 4.658406585000023 ], [ -74.136395294999943, 4.658620453000026 ], [ -74.134206612999947, 4.660972995000066 ], [ -74.133305389999975, 4.662085103000038 ] ], [ [ -74.133047897999973, 4.662491450000061 ], [ -74.130515892999938, 4.665571123000063 ] ], [ [ -74.130281199999956, 4.665981477000059 ], [ -74.128934730999958, 4.667606854000041 ], [ -74.128081787999974, 4.668644099000062 ], [ -74.126896251999938, 4.669986099000027 ], [ -74.125764359999948, 4.671344136000073 ], [ -74.125308383999936, 4.671905529000071 ] ], [ [ -74.125158179999971, 4.672065927000062 ], [ -74.124165762999951, 4.673242176000031 ], [ -74.122765649999963, 4.675027933000024 ], [ -74.121859062999988, 4.676150712000037 ], [ -74.121483553999951, 4.676717448000034 ], [ -74.121204603999956, 4.677145172000053 ], [ -74.120904196999959, 4.677433886000074 ], [ -74.119756210999981, 4.678588740000066 ], [ -74.117610443999979, 4.680695275000062 ], [ -74.117363680999972, 4.680919829000061 ], [ -74.116913069999953, 4.681304779000072 ], [ -74.115604151999946, 4.682694874000049 ], [ -74.114681471999972, 4.683667938000042 ], [ -74.114069927999935, 4.684277439000027 ], [ -74.113659549999966, 4.684678427000051 ], [ -74.113477159999945, 4.684860208000032 ], [ -74.113273311999933, 4.685063374000038 ], [ -74.113069463999977, 4.685277234000068 ] ], [ [ -74.112983633999988, 4.685405550000041 ], [ -74.110859323999989, 4.687629687000026 ], [ -74.109754253999938, 4.688923532000047 ], [ -74.109325100999968, 4.689361942000062 ], [ -74.109099794999963, 4.689597187000061 ] ], [ [ -74.108965684999987, 4.689722828000072 ], [ -74.108815480999965, 4.689883222000049 ], [ -74.108391691999941, 4.690936473000022 ], [ -74.108069826999952, 4.691674283000054 ], [ -74.106755543999952, 4.694117603000052 ], [ -74.106203008999955, 4.695117384000071 ], [ -74.105950881999945, 4.695352626000044 ], [ -74.105728257999942, 4.695713509000029 ] ], [ [ -74.105679978999945, 4.695852516000059 ], [ -74.105422485999952, 4.696312307000028 ], [ -74.105207909999933, 4.697039418000031 ], [ -74.103491295999959, 4.699584301000073 ] ], [ [ -74.103410829999973, 4.699688556000069 ], [ -74.101844419999964, 4.701741563000041 ], [ -74.101071942999965, 4.702832221000051 ], [ -74.099376786999983, 4.704821063000054 ], [ -74.098969091999948, 4.705355697000073 ], [ -74.097831834999965, 4.706596047000062 ] ], [ [ -74.097853292999957, 4.706604066000068 ], [ -74.096984256999974, 4.707480864000047 ], [ -74.096061576999944, 4.708379045000072 ], [ -74.094905544999961, 4.70947503900004 ], [ -74.094650734999959, 4.709737008000047 ], [ -74.094564903999981, 4.709825222000063 ], [ -74.094476390999944, 4.709916109000062 ] ], [ [ -74.094334233999973, 4.710031055000059 ], [ -74.093690503999937, 4.710747459000061 ], [ -74.093411554999989, 4.711185855000053 ], [ -74.093293536999965, 4.711528018000024 ], [ -74.093218434999983, 4.712789741000051 ], [ -74.093132604999937, 4.71371999400003 ], [ -74.093143333999933, 4.713858997000045 ], [ -74.092724908999969, 4.714799940000034 ], [ -74.092488874999958, 4.715655342000048 ], [ -74.092488874999958, 4.716083043000026 ], [ -74.092488874999958, 4.71640381800006 ], [ -74.092639077999934, 4.717023983000047 ], [ -74.092703450999977, 4.717173678000051 ] ], [ [ -74.092732955999963, 4.717350104000047 ], [ -74.093033362999961, 4.718077193000056 ], [ -74.093623448999949, 4.718932591000055 ], [ -74.095264960999941, 4.72072892400007 ], [ -74.095951605999971, 4.721284930000024 ], [ -74.096960116999981, 4.722065477000058 ], [ -74.097625304999951, 4.722749792000059 ], [ -74.098161746999949, 4.723551722000025 ], [ -74.098612357999968, 4.724407113000041 ], [ -74.098912764999966, 4.725187657000049 ] ] ] } },
{ "type": "Feature", "properties": { "camera_id": "DEI-011/CAM-02", "segment_id": "1002089", "distance_m": 23.748, "install_date": "2019-12-26T00:00:00", "accidents_pre": 673, "accidents_post": 2131, "speed_pre_kph": null, "speed_post_kph": 36.406, "n_pre_obs": 0.0, "n_post_obs": 10173.0 }, "geometry": { "type": "MultiLineString", "coordinates": [ [ [ -74.133562881999978, 4.662405903000035 ], [ -74.136051971999962, 4.659411763000037 ], [ -74.137167770999952, 4.658214104000024 ], [ -74.137296516999982, 4.65795746200007 ], [ -74.137983162999944, 4.657486952000056 ], [ -74.138884384999983, 4.656802574000039 ], [ -74.140558082999974, 4.655562136000071 ] ] ] } },
{ "type": "Feature", "properties": { "camera_id": "DEI-011/CAM-02", "segment_id": "75", "distance_m": 23.748, "install_date": "2019-12-26T00:00:00", "accidents_pre": 673, "accidents_post": 2131, "speed_pre_kph": 22.249, "speed_post_kph": 24.378, "n_pre_obs": 31212.0, "n_post_obs": 31931.0 }, "geometry": { "type": "MultiLineString", "coordinates": [ [ [ -74.099148799999966, 4.72504865600007 ], [ -74.098923493999962, 4.724342959000069 ], [ -74.098537255999986, 4.723541030000035 ], [ -74.098086644999967, 4.722878101000049 ], [ -74.097571660999961, 4.722193786000048 ], [ -74.096970845999977, 4.721627088000048 ], [ -74.096348572999943, 4.721145929000045 ], [ -74.095393706999971, 4.720386766000047 ], [ -74.09441738299995, 4.719306828000072 ], [ -74.093870211999956, 4.71865458700006 ], [ -74.093430329999933, 4.718152041000053 ], [ -74.093226481999977, 4.717799189000061 ], [ -74.093001176999962, 4.717168332000028 ] ], [ [ -74.092888523999989, 4.717042695000032 ], [ -74.092749048999963, 4.71640114500002 ], [ -74.092738319999967, 4.715984137000021 ], [ -74.092770506999955, 4.715470896000056 ], [ -74.092899252999985, 4.715000425000028 ], [ -74.09337132099995, 4.713909786000045 ], [ -74.093446422999989, 4.713225463000072 ], [ -74.093446422999989, 4.711824737000029 ], [ -74.093500066999979, 4.711461189000033 ], [ -74.09373610199998, 4.710990715000037 ], [ -74.094508577999989, 4.710146 ] ], [ [ -74.09463464199996, 4.710041747000048 ], [ -74.09663020499994, 4.708063613000036 ], [ -74.097450960999936, 4.707277703000045 ], [ -74.097729910999988, 4.706983656000034 ], [ -74.097960580999938, 4.70672703200006 ] ], [ [ -74.098067868999976, 4.706681588000038 ], [ -74.098904718999961, 4.705847560000052 ], [ -74.099591363999934, 4.70505630200006 ], [ -74.101565469999969, 4.702511440000023 ], [ -74.101973165999937, 4.702040960000033 ], [ -74.103625405999935, 4.699838254000042 ] ], [ [ -74.103668321999976, 4.699731327000052 ], [ -74.104762662999974, 4.698063254000033 ], [ -74.10538493599995, 4.697165059000042 ], [ -74.105588782999973, 4.696405869000046 ], [ -74.10583554699997, 4.695999542000038 ] ], [ [ -74.105918694999957, 4.695817764000026 ], [ -74.106117178999966, 4.695491633000074 ], [ -74.106390763999968, 4.695208273000048 ], [ -74.107415367999977, 4.693304946000069 ], [ -74.108305860999963, 4.691620819000036 ], [ -74.108504344999972, 4.691182410000067 ], [ -74.108713556999987, 4.690695883000046 ], [ -74.108922768999946, 4.690118466000058 ], [ -74.109089065999967, 4.689840451000066 ] ], [ [ -74.109300960999974, 4.689762927000061 ], [ -74.109923232999961, 4.689142737000054 ], [ -74.11316334199995, 4.685678221000046 ] ], [ [ -74.113412786999959, 4.685341392000055 ], [ -74.114571500999944, 4.684154470000067 ], [ -74.116556335999974, 4.682037252000043 ], [ -74.118219305999958, 4.680433295000057 ], [ -74.120912243999953, 4.677866957000049 ], [ -74.121405769999967, 4.67725745000007 ], [ -74.122671772999979, 4.675514471000042 ], [ -74.123079467999958, 4.675033280000036 ], [ -74.12351935099997, 4.674691099000029 ], [ -74.12384121599996, 4.674135055000022 ], [ -74.123916317999942, 4.673963965000041 ], [ -74.125321794999934, 4.672295830000053 ] ], [ [ -74.125496138999949, 4.672055234000027 ], [ -74.126687039999979, 4.670611652000048 ], [ -74.126965988999984, 4.670376401000055 ], [ -74.127362955999956, 4.669937980000043 ], [ -74.127566803999969, 4.669606490000035 ], [ -74.12902592599994, 4.667799333000062 ], [ -74.130190004999974, 4.666425248000053 ], [ -74.130356300999949, 4.666232769000032 ], [ -74.130436767999981, 4.666131183000061 ] ], [ [ -74.130816299999935, 4.665827762000049 ], [ -74.133348305999959, 4.662662543000067 ] ], [ [ -74.133562881999978, 4.662405903000035 ], [ -74.136051971999962, 4.659411763000037 ], [ -74.137167770999952, 4.658214104000024 ], [ -74.137296516999982, 4.65795746200007 ], [ -74.137983162999944, 4.657486952000056 ], [ -74.138884384999983, 4.656802574000039 ], [ -74.140558082999974, 4.655562136000071 ] ], [ [ -74.140736449999963, 4.65535227700002 ], [ -74.141079772999944, 4.655042168000023 ], [ -74.141830791999951, 4.654293626000026 ], [ -74.142635453999958, 4.653598551000073 ], [ -74.145682443999988, 4.650604374000068 ], [ -74.147570718999987, 4.648733006000043 ], [ -74.149700392999989, 4.646679843000072 ], [ -74.150623072999963, 4.64582970400005 ] ], [ [ -74.150711585999943, 4.645752175000041 ], [ -74.153476942999987, 4.643332747000045 ], [ -74.154592741999977, 4.642327546000047 ], [ -74.156116236999935, 4.640990840000029 ] ], [ [ -74.17096494599997, 4.628468454000028 ], [ -74.173239458999944, 4.627452538000057 ], [ -74.176093329999958, 4.626329682000062 ], [ -74.176865805999967, 4.626019559000042 ] ], [ [ -74.177026737999938, 4.625955396000052 ], [ -74.177241314999947, 4.625848457000075 ], [ -74.179311979999966, 4.624030493000021 ], [ -74.181790341999942, 4.62183823700002 ], [ -74.182240952999962, 4.621399785000051 ], [ -74.182476986999973, 4.620950639000057 ], [ -74.182670105999989, 4.620576350000022 ], [ -74.182970513999976, 4.620030958000029 ], [ -74.183421124999938, 4.619496259000073 ], [ -74.183528412999976, 4.619410707000043 ] ], [ [ -74.183634959999949, 4.619379030000061 ], [ -74.183795891999978, 4.619245356000022 ], [ -74.184037290999981, 4.619133069000043 ], [ -74.184520088999989, 4.619020782000064 ], [ -74.18505652999994, 4.618908495000028 ], [ -74.185592971999938, 4.618828290000067 ], [ -74.186000667999963, 4.618801555000061 ], [ -74.186306439999953, 4.618881760000022 ], [ -74.186542473999964, 4.61896196500004 ], [ -74.18673559299998, 4.618924536000065 ], [ -74.186853609999957, 4.618865719000041 ], [ -74.186971627999981, 4.618764126000031 ], [ -74.187154017999944, 4.618673227000045 ], [ -74.187840662999974, 4.618373795000025 ], [ -74.188033781999934, 4.618288243000052 ], [ -74.188527308999937, 4.617951382000058 ], [ -74.188774071999944, 4.617737502000068 ], [ -74.188977919999957, 4.617496886000026 ], [ -74.189407072999984, 4.61702635000006 ], [ -74.189750395999965, 4.616791081000031 ], [ -74.190072260999955, 4.616577201000041 ], [ -74.190329752999958, 4.616491648000022 ], [ -74.191123686999958, 4.616341932000068 ], [ -74.191788874999986, 4.616149439000026 ], [ -74.192368231999978, 4.615935559000036 ], [ -74.192904673999976, 4.615529185000071 ], [ -74.19382735399995, 4.614545332000034 ], [ -74.194556914999964, 4.61375397200004 ], [ -74.195007525999983, 4.613368985000022 ] ], [ [ -74.195079944999975, 4.613318188000051 ], [ -74.195310614999983, 4.613237983000033 ], [ -74.195632479999972, 4.613211247000038 ], [ -74.196281574999944, 4.613270065000052 ], [ -74.196603439999933, 4.613270065000052 ], [ -74.197397373999934, 4.613195206000057 ], [ -74.197542212999963, 4.61320055300007 ], [ -74.198427341999945, 4.613387700000033 ], [ -74.199891827999977, 4.613676440000063 ], [ -74.200165413999969, 4.613681787000075 ], [ -74.200310252999941, 4.61365505200007 ], [ -74.200605295999935, 4.613564152000038 ], [ -74.200835965999943, 4.613446517000057 ], [ -74.201088093999942, 4.613227289000065 ], [ -74.201624534999951, 4.61251078500004 ], [ -74.20293881799995, 4.610345229000075 ], [ -74.203330419999986, 4.609789134000039 ] ] ] } },
{ "type": "Feature", "properties": { "camera_id": "DEI-012/CAM-01", "segment_id": "112", "distance_m": 28.85, "install_date": "2019-12-26T00:00:00", "accidents_pre": 926, "accidents_post": 2984, "speed_pre_kph": 30.285, "speed_post_kph": 32.158, "n_pre_obs": 29567.0, "n_post_obs": 29188.0 }, "geometry": { "type": "MultiLineString", "coordinates": [ [ [ -74.048924435999936, 4.685074067000073 ], [ -74.056026924999969, 4.680732701000068 ], [ -74.063129414999935, 4.676797646000068 ] ], [ [ -74.063504923999972, 4.676476852000064 ], [ -74.06715272799994, 4.674380998000061 ], [ -74.068912256999965, 4.673161978000053 ], [ -74.071615923999957, 4.670274816000074 ] ], [ [ -74.071959246999938, 4.670510067000066 ], [ -74.074963320999984, 4.667088231000037 ] ], [ [ -74.07484530399995, 4.667131004000055 ], [ -74.076132763999965, 4.665762265000069 ], [ -74.077591885999936, 4.66105720500002 ], [ -74.077978123999969, 4.658961305000048 ], [ -74.078106869999942, 4.657763644000056 ] ], [ [ -74.078203428999984, 4.657656710000026 ], [ -74.079190481999944, 4.645851091000054 ] ], [ [ -74.079190481999944, 4.645936640000059 ], [ -74.07970546599995, 4.637937794000038 ] ], [ [ -74.079619635999961, 4.637766694000049 ], [ -74.080113161999975, 4.630922688000055 ] ], [ [ -74.080123890999971, 4.630783669000039 ], [ -74.080531586999939, 4.628762535000021 ], [ -74.081143129999987, 4.62727608900002 ], [ -74.082548607999968, 4.62566131400007 ], [ -74.083439100999954, 4.624955517000046 ], [ -74.08419011999996, 4.623896819000038 ] ], [ [ -74.084265221999942, 4.623843350000072 ], [ -74.08984421699995, 4.617084761000058 ] ], [ [ -74.089865673999952, 4.616913657000055 ], [ -74.091496456999948, 4.614817625000057 ], [ -74.093427647999988, 4.612464930000044 ] ], [ [ -74.093728054999985, 4.612400765000075 ], [ -74.097161282999934, 4.607994786000063 ], [ -74.098834980999982, 4.605684844000052 ], [ -74.100637425999935, 4.603717110000048 ] ], [ [ -74.100931096999943, 4.603374355000028 ], [ -74.102100539999981, 4.602347708000025 ], [ -74.102787184999954, 4.601812996000035 ], [ -74.103784966999967, 4.600978844000053 ] ], [ [ -74.103870797999946, 4.600893290000045 ], [ -74.10566251299997, 4.599588588000074 ], [ -74.107261109999968, 4.598487076000026 ], [ -74.107743906999985, 4.59844429900005 ], [ -74.10872023099995, 4.59844429900005 ], [ -74.11094110099998, 4.597417646000054 ], [ -74.113451647999966, 4.596348213000056 ] ], [ [ -74.113892902999964, 4.59628458800006 ], [ -74.115459312999974, 4.595664316000068 ], [ -74.116918433999956, 4.595215154000073 ], [ -74.119772304999969, 4.594594881000035 ], [ -74.121832240999936, 4.594209884000065 ], [ -74.123055328999953, 4.594124329000067 ] ], [ [ -74.123221624999985, 4.594177801000058 ], [ -74.126311529999953, 4.593963914000028 ], [ -74.12953018099995, 4.594006691000061 ] ], [ [ -74.129728664999959, 4.594028080000044 ], [ -74.131445277999944, 4.593985303000068 ], [ -74.138097156999947, 4.595311403000039 ] ], [ [ -74.138209808999989, 4.595311403000039 ], [ -74.139347065999971, 4.595503901000029 ], [ -74.140398491999974, 4.595546678000062 ], [ -74.14147137599997, 4.595675011000026 ], [ -74.142286766999973, 4.595760565000035 ], [ -74.143316734999985, 4.59563223300006 ], [ -74.146084774999963, 4.595204459000058 ], [ -74.146814335999977, 4.595204459000058 ], [ -74.150848377999978, 4.59563223300006 ] ], [ [ -74.150961030999952, 4.59563223300006 ], [ -74.151588667999988, 4.595696399000076 ], [ -74.152570356999945, 4.596060007000062 ], [ -74.153632510999955, 4.596461044000023 ], [ -74.154249418999939, 4.596610765000037 ], [ -74.154624928999965, 4.596626806000074 ], [ -74.156599033999953, 4.59647708600005 ], [ -74.157972324999946, 4.596359448000044 ] ], [ [ -74.158095706999973, 4.596391531000052 ], [ -74.162773479999942, 4.596027924000055 ], [ -74.165841926999974, 4.596070701000031 ] ], [ [ -74.165820468999982, 4.595974452000064 ], [ -74.166684139999973, 4.595974452000064 ], [ -74.167470027999968, 4.59582473100005 ], [ -74.168628741999953, 4.595856814000058 ], [ -74.169779409999933, 4.595926328000076 ], [ -74.17110710299994, 4.596081395000056 ], [ -74.171807159999958, 4.596466391000035 ], [ -74.172212172999934, 4.596586703000071 ], [ -74.173572052999987, 4.596709687000043 ], [ -74.174982894999971, 4.596835346000034 ], [ -74.176466156999936, 4.597041211000032 ], [ -74.177029420999986, 4.59707596800007 ], [ -74.177182305999963, 4.597070621000057 ], [ -74.17732446399998, 4.59709200900005 ] ] ] } },
{ "type": "Feature", "properties": { "camera_id": "DEI-012/CAM-01", "segment_id": "1001981", "distance_m": 28.85, "install_date": "2019-12-26T00:00:00", "accidents_pre": 926, "accidents_post": 2984, "speed_pre_kph": 45.642, "speed_post_kph": 48.126, "n_pre_obs": 22385.0, "n_post_obs": 28433.0 }, "geometry": { "type": "MultiLineString", "coordinates": [ [ [ -74.084265221999942, 4.623843350000072 ], [ -74.08984421699995, 4.617084761000058 ] ] ] } },
{ "type": "Feature", "properties": { "camera_id": "DEI-012/CAM-01", "segment_id": "113", "distance_m": 38.966, "install_date": "2019-12-26T00:00:00", "accidents_pre": 926, "accidents_post": 2984, "speed_pre_kph": 33.62, "speed_post_kph": 35.873, "n_pre_obs": 30774.0, "n_post_obs": 30639.0 }, "geometry": { "type": "MultiLineString", "coordinates": [ [ [ -74.177372742999978, 4.596747118000053 ], [ -74.176181841999949, 4.59665086900003 ], [ -74.175323535999951, 4.596490454000048 ], [ -74.172834445999968, 4.596137541000076 ], [ -74.170570660999942, 4.59580601600004 ], [ -74.169090081999968, 4.595624212000075 ], [ -74.167663146999985, 4.595570741000074 ], [ -74.165828515999976, 4.595570741000074 ] ], [ [ -74.165799010999933, 4.595535984000037 ], [ -74.162022460999935, 4.595600150000053 ], [ -74.159361709999985, 4.595856814000058 ], [ -74.158095706999973, 4.596027924000055 ] ], [ [ -74.157945502999951, 4.595899592000023 ], [ -74.154705394999951, 4.596305976000053 ], [ -74.154126037999958, 4.59626319900002 ], [ -74.152752746999965, 4.595707094000034 ], [ -74.152087558999938, 4.595471818000021 ], [ -74.15099321799994, 4.595343486000047 ] ], [ [ -74.150944937999952, 4.595396958000038 ], [ -74.148595322999938, 4.595108210000035 ], [ -74.14688943799996, 4.594915712000045 ], [ -74.146288622999975, 4.594894323000062 ], [ -74.143681515999958, 4.595225848000041 ], [ -74.142866123999966, 4.595311403000039 ], [ -74.141739596999969, 4.59536487500003 ], [ -74.140537966999943, 4.595290014000057 ], [ -74.138252724999973, 4.594979878000061 ] ], [ [ -74.138182986999936, 4.594883629000037 ], [ -74.130973209999979, 4.593429195000056 ], [ -74.129771579999954, 4.593429195000056 ] ], [ [ -74.129616011999985, 4.593407806000073 ], [ -74.126569021999956, 4.59336502900004 ], [ -74.12493823899996, 4.593450584000038 ], [ -74.123350371999948, 4.593621694000035 ] ], [ [ -74.123055328999953, 4.593675166000025 ], [ -74.121038306999935, 4.593974608000053 ], [ -74.118227351999963, 4.594552104000059 ], [ -74.116510738999978, 4.594872934000023 ], [ -74.113528121999934, 4.595899592000023 ] ], [ [ -74.113194155999963, 4.59603807700006 ], [ -74.111187863999987, 4.596904318000043 ], [ -74.109288859999936, 4.597824029000037 ], [ -74.108602213999973, 4.598080693000043 ], [ -74.108205246999944, 4.59805930400006 ], [ -74.107722449999983, 4.597888195000053 ], [ -74.107261109999968, 4.598016527000027 ], [ -74.104986596999936, 4.599663448000058 ], [ -74.103516745999968, 4.600679404000061 ] ], [ [ -74.103398728999935, 4.600786347000053 ], [ -74.102121996999983, 4.601759525000034 ], [ -74.101349520999975, 4.60241187400004 ], [ -74.10056631599997, 4.603203247000067 ] ], [ [ -74.100379933999989, 4.603332118000026 ], [ -74.098834980999982, 4.605000416000053 ], [ -74.097075451999956, 4.607481466000024 ], [ -74.093341816999953, 4.611844672000075 ] ], [ [ -74.09308432499995, 4.612186883000049 ], [ -74.090981472999943, 4.614753461000021 ], [ -74.089500893999968, 4.616592836000052 ] ], [ [ -74.089243401999965, 4.616913657000055 ], [ -74.083664406999958, 4.623586696000075 ] ], [ [ -74.083707321999952, 4.623543920000031 ], [ -74.081475723999972, 4.626067681000052 ], [ -74.080359924999982, 4.627693150000027 ], [ -74.079716194999946, 4.629532492000067 ], [ -74.079544533999979, 4.630815750000068 ] ], [ [ -74.079619635999961, 4.630858525000065 ], [ -74.079018820999977, 4.637702532000048 ] ], [ [ -74.078975905999982, 4.637852244000044 ], [ -74.078375090999941, 4.645722768000041 ] ], [ [ -74.078418005999936, 4.645851091000054 ], [ -74.077430952999975, 4.657485616000031 ] ], [ [ -74.077334393999934, 4.657549776000053 ], [ -74.076347340999973, 4.661955446000036 ], [ -74.075574864999965, 4.664307977000021 ], [ -74.075274456999978, 4.665163441000061 ], [ -74.074158657999988, 4.66636108900002 ] ], [ [ -74.074115742999936, 4.666339702000073 ], [ -74.071336973999962, 4.669633223000062 ] ], [ [ -74.071143854999946, 4.669782928000075 ], [ -74.069083918999979, 4.672220978000041 ], [ -74.065757979999944, 4.674466543000051 ], [ -74.063075770999944, 4.676091900000074 ] ], [ [ -74.063172329999986, 4.676091900000074 ], [ -74.048452366999982, 4.684518032000028 ] ] ] } },
{ "type": "Feature", "properties": { "camera_id": "DEI-012/CAM-01", "segment_id": "1001974", "distance_m": 38.966, "install_date": "2019-12-26T00:00:00", "accidents_pre": 926, "accidents_post": 2984, "speed_pre_kph": 42.185, "speed_post_kph": 44.091, "n_pre_obs": 22466.0, "n_post_obs": 28269.0 }, "geometry": { "type": "MultiLineString", "coordinates": [ [ [ -74.089243401999965, 4.616913657000055 ], [ -74.083664406999958, 4.623586696000075 ] ] ] } },
{ "type": "Feature", "properties": { "camera_id": "DEI-012/CAM-02", "segment_id": "112", "distance_m": 22.13, "install_date": "2019-12-26T00:00:00", "accidents_pre": 926, "accidents_post": 2984, "speed_pre_kph": 30.285, "speed_post_kph": 32.158, "n_pre_obs": 29567.0, "n_post_obs": 29188.0 }, "geometry": { "type": "MultiLineString", "coordinates": [ [ [ -74.048924435999936, 4.685074067000073 ], [ -74.056026924999969, 4.680732701000068 ], [ -74.063129414999935, 4.676797646000068 ] ], [ [ -74.063504923999972, 4.676476852000064 ], [ -74.06715272799994, 4.674380998000061 ], [ -74.068912256999965, 4.673161978000053 ], [ -74.071615923999957, 4.670274816000074 ] ], [ [ -74.071959246999938, 4.670510067000066 ], [ -74.074963320999984, 4.667088231000037 ] ], [ [ -74.07484530399995, 4.667131004000055 ], [ -74.076132763999965, 4.665762265000069 ], [ -74.077591885999936, 4.66105720500002 ], [ -74.077978123999969, 4.658961305000048 ], [ -74.078106869999942, 4.657763644000056 ] ], [ [ -74.078203428999984, 4.657656710000026 ], [ -74.079190481999944, 4.645851091000054 ] ], [ [ -74.079190481999944, 4.645936640000059 ], [ -74.07970546599995, 4.637937794000038 ] ], [ [ -74.079619635999961, 4.637766694000049 ], [ -74.080113161999975, 4.630922688000055 ] ], [ [ -74.080123890999971, 4.630783669000039 ], [ -74.080531586999939, 4.628762535000021 ], [ -74.081143129999987, 4.62727608900002 ], [ -74.082548607999968, 4.62566131400007 ], [ -74.083439100999954, 4.624955517000046 ], [ -74.08419011999996, 4.623896819000038 ] ], [ [ -74.084265221999942, 4.623843350000072 ], [ -74.08984421699995, 4.617084761000058 ] ], [ [ -74.089865673999952, 4.616913657000055 ], [ -74.091496456999948, 4.614817625000057 ], [ -74.093427647999988, 4.612464930000044 ] ], [ [ -74.093728054999985, 4.612400765000075 ], [ -74.097161282999934, 4.607994786000063 ], [ -74.098834980999982, 4.605684844000052 ], [ -74.100637425999935, 4.603717110000048 ] ], [ [ -74.100931096999943, 4.603374355000028 ], [ -74.102100539999981, 4.602347708000025 ], [ -74.102787184999954, 4.601812996000035 ], [ -74.103784966999967, 4.600978844000053 ] ], [ [ -74.103870797999946, 4.600893290000045 ], [ -74.10566251299997, 4.599588588000074 ], [ -74.107261109999968, 4.598487076000026 ], [ -74.107743906999985, 4.59844429900005 ], [ -74.10872023099995, 4.59844429900005 ], [ -74.11094110099998, 4.597417646000054 ], [ -74.113451647999966, 4.596348213000056 ] ], [ [ -74.113892902999964, 4.59628458800006 ], [ -74.115459312999974, 4.595664316000068 ], [ -74.116918433999956, 4.595215154000073 ], [ -74.119772304999969, 4.594594881000035 ], [ -74.121832240999936, 4.594209884000065 ], [ -74.123055328999953, 4.594124329000067 ] ], [ [ -74.123221624999985, 4.594177801000058 ], [ -74.126311529999953, 4.593963914000028 ], [ -74.12953018099995, 4.594006691000061 ] ], [ [ -74.129728664999959, 4.594028080000044 ], [ -74.131445277999944, 4.593985303000068 ], [ -74.138097156999947, 4.595311403000039 ] ], [ [ -74.138209808999989, 4.595311403000039 ], [ -74.139347065999971, 4.595503901000029 ], [ -74.140398491999974, 4.595546678000062 ], [ -74.14147137599997, 4.595675011000026 ], [ -74.142286766999973, 4.595760565000035 ], [ -74.143316734999985, 4.59563223300006 ], [ -74.146084774999963, 4.595204459000058 ], [ -74.146814335999977, 4.595204459000058 ], [ -74.150848377999978, 4.59563223300006 ] ], [ [ -74.150961030999952, 4.59563223300006 ], [ -74.151588667999988, 4.595696399000076 ], [ -74.152570356999945, 4.596060007000062 ], [ -74.153632510999955, 4.596461044000023 ], [ -74.154249418999939, 4.596610765000037 ], [ -74.154624928999965, 4.596626806000074 ], [ -74.156599033999953, 4.59647708600005 ], [ -74.157972324999946, 4.596359448000044 ] ], [ [ -74.158095706999973, 4.596391531000052 ], [ -74.162773479999942, 4.596027924000055 ], [ -74.165841926999974, 4.596070701000031 ] ], [ [ -74.165820468999982, 4.595974452000064 ], [ -74.166684139999973, 4.595974452000064 ], [ -74.167470027999968, 4.59582473100005 ], [ -74.168628741999953, 4.595856814000058 ], [ -74.169779409999933, 4.595926328000076 ], [ -74.17110710299994, 4.596081395000056 ], [ -74.171807159999958, 4.596466391000035 ], [ -74.172212172999934, 4.596586703000071 ], [ -74.173572052999987, 4.596709687000043 ], [ -74.174982894999971, 4.596835346000034 ], [ -74.176466156999936, 4.597041211000032 ], [ -74.177029420999986, 4.59707596800007 ], [ -74.177182305999963, 4.597070621000057 ], [ -74.17732446399998, 4.59709200900005 ] ] ] } },
{ "type": "Feature", "properties": { "camera_id": "DEI-012/CAM-02", "segment_id": "1001981", "distance_m": 22.13, "install_date": "2019-12-26T00:00:00", "accidents_pre": 926, "accidents_post": 2984, "speed_pre_kph": 45.642, "speed_post_kph": 48.126, "n_pre_obs": 22385.0, "n_post_obs": 28433.0 }, "geometry": { "type": "MultiLineString", "coordinates": [ [ [ -74.084265221999942, 4.623843350000072 ], [ -74.08984421699995, 4.617084761000058 ] ] ] } },
{ "type": "Feature", "properties": { "camera_id": "DEI-012/CAM-02", "segment_id": "113", "distance_m": 45.624, "install_date": "2019-12-26T00:00:00", "accidents_pre": 926, "accidents_post": 2984, "speed_pre_kph": 33.62, "speed_post_kph": 35.873, "n_pre_obs": 30774.0, "n_post_obs": 30639.0 }, "geometry": { "type": "MultiLineString", "coordinates": [ [ [ -74.177372742999978, 4.596747118000053 ], [ -74.176181841999949, 4.59665086900003 ], [ -74.175323535999951, 4.596490454000048 ], [ -74.172834445999968, 4.596137541000076 ], [ -74.170570660999942, 4.59580601600004 ], [ -74.169090081999968, 4.595624212000075 ], [ -74.167663146999985, 4.595570741000074 ], [ -74.165828515999976, 4.595570741000074 ] ], [ [ -74.165799010999933, 4.595535984000037 ], [ -74.162022460999935, 4.595600150000053 ], [ -74.159361709999985, 4.595856814000058 ], [ -74.158095706999973, 4.596027924000055 ] ], [ [ -74.157945502999951, 4.595899592000023 ], [ -74.154705394999951, 4.596305976000053 ], [ -74.154126037999958, 4.59626319900002 ], [ -74.152752746999965, 4.595707094000034 ], [ -74.152087558999938, 4.595471818000021 ], [ -74.15099321799994, 4.595343486000047 ] ], [ [ -74.150944937999952, 4.595396958000038 ], [ -74.148595322999938, 4.595108210000035 ], [ -74.14688943799996, 4.594915712000045 ], [ -74.146288622999975, 4.594894323000062 ], [ -74.143681515999958, 4.595225848000041 ], [ -74.142866123999966, 4.595311403000039 ], [ -74.141739596999969, 4.59536487500003 ], [ -74.140537966999943, 4.595290014000057 ], [ -74.138252724999973, 4.594979878000061 ] ], [ [ -74.138182986999936, 4.594883629000037 ], [ -74.130973209999979, 4.593429195000056 ], [ -74.129771579999954, 4.593429195000056 ] ], [ [ -74.129616011999985, 4.593407806000073 ], [ -74.126569021999956, 4.59336502900004 ], [ -74.12493823899996, 4.593450584000038 ], [ -74.123350371999948, 4.593621694000035 ] ], [ [ -74.123055328999953, 4.593675166000025 ], [ -74.121038306999935, 4.593974608000053 ], [ -74.118227351999963, 4.594552104000059 ], [ -74.116510738999978, 4.594872934000023 ], [ -74.113528121999934, 4.595899592000023 ] ], [ [ -74.113194155999963, 4.59603807700006 ], [ -74.111187863999987, 4.596904318000043 ], [ -74.109288859999936, 4.597824029000037 ], [ -74.108602213999973, 4.598080693000043 ], [ -74.108205246999944, 4.59805930400006 ], [ -74.107722449999983, 4.597888195000053 ], [ -74.107261109999968, 4.598016527000027 ], [ -74.104986596999936, 4.599663448000058 ], [ -74.103516745999968, 4.600679404000061 ] ], [ [ -74.103398728999935, 4.600786347000053 ], [ -74.102121996999983, 4.601759525000034 ], [ -74.101349520999975, 4.60241187400004 ], [ -74.10056631599997, 4.603203247000067 ] ], [ [ -74.100379933999989, 4.603332118000026 ], [ -74.098834980999982, 4.605000416000053 ], [ -74.097075451999956, 4.607481466000024 ], [ -74.093341816999953, 4.611844672000075 ] ], [ [ -74.09308432499995, 4.612186883000049 ], [ -74.090981472999943, 4.614753461000021 ], [ -74.089500893999968, 4.616592836000052 ] ], [ [ -74.089243401999965, 4.616913657000055 ], [ -74.083664406999958, 4.623586696000075 ] ], [ [ -74.083707321999952, 4.623543920000031 ], [ -74.081475723999972, 4.626067681000052 ], [ -74.080359924999982, 4.627693150000027 ], [ -74.079716194999946, 4.629532492000067 ], [ -74.079544533999979, 4.630815750000068 ] ], [ [ -74.079619635999961, 4.630858525000065 ], [ -74.079018820999977, 4.637702532000048 ] ], [ [ -74.078975905999982, 4.637852244000044 ], [ -74.078375090999941, 4.645722768000041 ] ], [ [ -74.078418005999936, 4.645851091000054 ], [ -74.077430952999975, 4.657485616000031 ] ], [ [ -74.077334393999934, 4.657549776000053 ], [ -74.076347340999973, 4.661955446000036 ], [ -74.075574864999965, 4.664307977000021 ], [ -74.075274456999978, 4.665163441000061 ], [ -74.074158657999988, 4.66636108900002 ] ], [ [ -74.074115742999936, 4.666339702000073 ], [ -74.071336973999962, 4.669633223000062 ] ], [ [ -74.071143854999946, 4.669782928000075 ], [ -74.069083918999979, 4.672220978000041 ], [ -74.065757979999944, 4.674466543000051 ], [ -74.063075770999944, 4.676091900000074 ] ], [ [ -74.063172329999986, 4.676091900000074 ], [ -74.048452366999982, 4.684518032000028 ] ] ] } },
{ "type": "Feature", "properties": { "camera_id": "DEI-012/CAM-02", "segment_id": "1001974", "distance_m": 45.624, "install_date": "2019-12-26T00:00:00", "accidents_pre": 926, "accidents_post": 2984, "speed_pre_kph": 42.185, "speed_post_kph": 44.091, "n_pre_obs": 22466.0, "n_post_obs": 28269.0 }, "geometry": { "type": "MultiLineString", "coordinates": [ [ [ -74.089243401999965, 4.616913657000055 ], [ -74.083664406999958, 4.623586696000075 ] ] ] } },
{ "type": "Feature", "properties": { "camera_id": "DEI-013/CAM-01", "segment_id": "105", "distance_m": 2.089, "install_date": "2019-12-26T00:00:00", "accidents_pre": 365, "accidents_post": 1071, "speed_pre_kph": 28.717, "speed_post_kph": 31.403, "n_pre_obs": 31580.0, "n_post_obs": 32281.0 }, "geometry": { "type": "MultiLineString", "coordinates": [ [ [ -74.124943603999952, 4.725978892000057 ], [ -74.122304309999947, 4.722813946000031 ], [ -74.12088810399996, 4.721017620000055 ], [ -74.119686473999934, 4.719392367000069 ] ], [ [ -74.119552363999958, 4.719280097000023 ], [ -74.11790012299997, 4.716927751000071 ], [ -74.115378845999942, 4.713335062000056 ], [ -74.114745844999959, 4.712426194000045 ], [ -74.113844622999977, 4.711389014000076 ] ], [ [ -74.113748062999946, 4.711185855000053 ], [ -74.11179541499996, 4.709239801000024 ], [ -74.110336292999989, 4.707828375000076 ], [ -74.109671105999951, 4.707186816000046 ] ], [ [ -74.109477986999934, 4.707079889000056 ], [ -74.108211983999979, 4.706096165000076 ], [ -74.10720347299997, 4.705625687000065 ], [ -74.104864586999952, 4.704556419000028 ], [ -74.103684414999975, 4.704064555000059 ] ], [ [ -74.103577126999937, 4.704064555000059 ], [ -74.10160302099996, 4.703102212000033 ], [ -74.100723255999981, 4.702653118000057 ], [ -74.098877895999976, 4.701113365000026 ], [ -74.097547520999967, 4.700001319000023 ] ], [ [ -74.097354401999951, 4.699915777000058 ], [ -74.095723618999955, 4.698739572000022 ], [ -74.094843853999976, 4.698204933000056 ], [ -74.093556393999961, 4.697477823000042 ] ], [ [ -74.082612980999954, 4.688132255000028 ], [ -74.079608906999965, 4.684218628000053 ], [ -74.077548969999953, 4.68169507500005 ], [ -74.076132763999965, 4.67985587000004 ], [ -74.075596321999967, 4.679214286000047 ], [ -74.074480522999977, 4.678401611000027 ] ], [ [ -74.074287403999961, 4.678230522000035 ], [ -74.071819771999969, 4.676626556000031 ], [ -74.071154583999942, 4.67607051400006 ], [ -74.070231903999968, 4.675407540000037 ], [ -74.069051731999934, 4.674830110000073 ], [ -74.068257797999934, 4.674338225000042 ], [ -74.066755760999968, 4.672648705000029 ], [ -74.064888943999961, 4.670552839000038 ], [ -74.063580025999954, 4.668948856000043 ] ], [ [ -74.063405346999957, 4.668773754000028 ], [ -74.06313913799994, 4.668446608000067 ], [ -74.062908802999971, 4.668162235000068 ], [ -74.062611077999975, 4.667822390000026 ], [ -74.062281165999934, 4.667445118000046 ], [ -74.06198846999996, 4.667077538000058 ], [ -74.061715554999978, 4.666732680000052 ], [ -74.061649840999962, 4.666678211000033 ], [ -74.061574403999941, 4.666578296000068 ], [ -74.061464432999969, 4.666433268000048 ], [ -74.06128472499995, 4.666162929000052 ], [ -74.061190847999967, 4.666022246000068 ], [ -74.061091941999962, 4.665892924000048 ], [ -74.061078194999936, 4.66587320800005 ], [ -74.061058748999983, 4.665849148000063 ] ] ] } },
{ "type": "Feature", "properties": { "camera_id": "DEI-013/CAM-01", "segment_id": "1000998", "distance_m": 2.089, "install_date": "2019-12-26T00:00:00", "accidents_pre": 365, "accidents_post": 1071, "speed_pre_kph": 27.381, "speed_post_kph": 28.982, "n_pre_obs": 31727.0, "n_post_obs": 32826.0 }, "geometry": { "type": "MultiLineString", "coordinates": [ [ [ -74.119552363999958, 4.719280097000023 ], [ -74.11790012299997, 4.716927751000071 ], [ -74.115378845999942, 4.713335062000056 ], [ -74.114745844999959, 4.712426194000045 ], [ -74.113844622999977, 4.711389014000076 ] ] ] } },
{ "type": "Feature", "properties": { "camera_id": "DEI-013/CAM-01", "segment_id": "104", "distance_m": 35.446, "install_date": "2019-12-26T00:00:00", "accidents_pre": 365, "accidents_post": 1071, "speed_pre_kph": 27.845, "speed_post_kph": 30.183, "n_pre_obs": 31169.0, "n_post_obs": 31346.0 }, "geometry": { "type": "MultiLineString", "coordinates": [ [ [ -74.061010133999957, 4.666237281000065 ], [ -74.06103092099994, 4.666268692000074 ], [ -74.061113901999988, 4.666388490000031 ], [ -74.061231583999984, 4.666554904000066 ], [ -74.061356641999964, 4.666741368000032 ], [ -74.061634250999987, 4.667065508000064 ], [ -74.061919235999937, 4.66741471000006 ], [ -74.062265240999977, 4.667863492000038 ], [ -74.062497586999939, 4.668150873000059 ], [ -74.062744349999946, 4.668459306000045 ], [ -74.062888853999937, 4.668619371000034 ], [ -74.063008882999952, 4.668753036000055 ], [ -74.063206024999943, 4.668972248000046 ], [ -74.063295543999971, 4.669071160000044 ], [ -74.063411213999984, 4.669238910000047 ] ], [ [ -74.063365448999946, 4.669312426000033 ], [ -74.064588535999974, 4.67078809000003 ], [ -74.066734303999965, 4.673333068000034 ], [ -74.067635525999947, 4.674231294000037 ], [ -74.068365086999961, 4.674872883000035 ], [ -74.070167530999981, 4.676027741000041 ], [ -74.074008454999955, 4.678487156000074 ] ], [ [ -74.074223030999974, 4.678658245000065 ], [ -74.075381745999948, 4.679535078000072 ], [ -74.076991070999952, 4.681652303000021 ], [ -74.079458702999943, 4.684710506000044 ], [ -74.081196774999967, 4.686891873000036 ], [ -74.082398403999946, 4.68843165800007 ] ], [ [ -74.093170155999985, 4.697841378000021 ], [ -74.095466126999952, 4.699017584000046 ], [ -74.097225655999978, 4.700300716000072 ] ], [ [ -74.097290028999964, 4.700364873000069 ], [ -74.099457253999958, 4.70207571100002 ], [ -74.100615967999943, 4.702995285000043 ], [ -74.102010716999985, 4.703850702000068 ], [ -74.103298176999942, 4.70438533600003 ] ], [ [ -74.10340546499998, 4.70449226300002 ], [ -74.104778755999973, 4.705026898000028 ], [ -74.106667030999972, 4.705818156000021 ], [ -74.107933033999984, 4.706481101000065 ], [ -74.108726967999985, 4.706972963000055 ], [ -74.109241951999934, 4.707400669000037 ] ], [ [ -74.109370697999964, 4.707550366000021 ], [ -74.110958565999965, 4.709004564000054 ], [ -74.11235331499995, 4.710415988000022 ], [ -74.113383282999962, 4.711421092000023 ] ], [ [ -74.113651503999961, 4.711634944000025 ], [ -74.114906777999977, 4.71320675100003 ], [ -74.117846478999979, 4.71735545100006 ], [ -74.119294871999955, 4.719419099000049 ] ], [ [ -74.119327057999953, 4.719568793000064 ], [ -74.121896613999979, 4.722963640000046 ], [ -74.124643195999965, 4.726235509000048 ] ] ] } },
{ "type": "Feature", "properties": { "camera_id": "DEI-013/CAM-01", "segment_id": "1000997", "distance_m": 35.446, "install_date": "2019-12-26T00:00:00", "accidents_pre": 365, "accidents_post": 1071, "speed_pre_kph": 32.22, "speed_post_kph": 35.172, "n_pre_obs": 29654.0, "n_post_obs": 32477.0 }, "geometry": { "type": "MultiLineString", "coordinates": [ [ [ -74.113651503999961, 4.711634944000025 ], [ -74.114906777999977, 4.71320675100003 ], [ -74.117846478999979, 4.71735545100006 ], [ -74.119294871999955, 4.719419099000049 ] ] ] } },
{ "type": "Feature", "properties": { "camera_id": "DEI-013/CAM-02", "segment_id": "104", "distance_m": 10.931, "install_date": "2019-12-26T00:00:00", "accidents_pre": 365, "accidents_post": 1071, "speed_pre_kph": 27.845, "speed_post_kph": 30.183, "n_pre_obs": 31169.0, "n_post_obs": 31346.0 }, "geometry": { "type": "MultiLineString", "coordinates": [ [ [ -74.061010133999957, 4.666237281000065 ], [ -74.06103092099994, 4.666268692000074 ], [ -74.061113901999988, 4.666388490000031 ], [ -74.061231583999984, 4.666554904000066 ], [ -74.061356641999964, 4.666741368000032 ], [ -74.061634250999987, 4.667065508000064 ], [ -74.061919235999937, 4.66741471000006 ], [ -74.062265240999977, 4.667863492000038 ], [ -74.062497586999939, 4.668150873000059 ], [ -74.062744349999946, 4.668459306000045 ], [ -74.062888853999937, 4.668619371000034 ], [ -74.063008882999952, 4.668753036000055 ], [ -74.063206024999943, 4.668972248000046 ], [ -74.063295543999971, 4.669071160000044 ], [ -74.063411213999984, 4.669238910000047 ] ], [ [ -74.063365448999946, 4.669312426000033 ], [ -74.064588535999974, 4.67078809000003 ], [ -74.066734303999965, 4.673333068000034 ], [ -74.067635525999947, 4.674231294000037 ], [ -74.068365086999961, 4.674872883000035 ], [ -74.070167530999981, 4.676027741000041 ], [ -74.074008454999955, 4.678487156000074 ] ], [ [ -74.074223030999974, 4.678658245000065 ], [ -74.075381745999948, 4.679535078000072 ], [ -74.076991070999952, 4.681652303000021 ], [ -74.079458702999943, 4.684710506000044 ], [ -74.081196774999967, 4.686891873000036 ], [ -74.082398403999946, 4.68843165800007 ] ], [ [ -74.093170155999985, 4.697841378000021 ], [ -74.095466126999952, 4.699017584000046 ], [ -74.097225655999978, 4.700300716000072 ] ], [ [ -74.097290028999964, 4.700364873000069 ], [ -74.099457253999958, 4.70207571100002 ], [ -74.100615967999943, 4.702995285000043 ], [ -74.102010716999985, 4.703850702000068 ], [ -74.103298176999942, 4.70438533600003 ] ], [ [ -74.10340546499998, 4.70449226300002 ], [ -74.104778755999973, 4.705026898000028 ], [ -74.106667030999972, 4.705818156000021 ], [ -74.107933033999984, 4.706481101000065 ], [ -74.108726967999985, 4.706972963000055 ], [ -74.109241951999934, 4.707400669000037 ] ], [ [ -74.109370697999964, 4.707550366000021 ], [ -74.110958565999965, 4.709004564000054 ], [ -74.11235331499995, 4.710415988000022 ], [ -74.113383282999962, 4.711421092000023 ] ], [ [ -74.113651503999961, 4.711634944000025 ], [ -74.114906777999977, 4.71320675100003 ], [ -74.117846478999979, 4.71735545100006 ], [ -74.119294871999955, 4.719419099000049 ] ], [ [ -74.119327057999953, 4.719568793000064 ], [ -74.121896613999979, 4.722963640000046 ], [ -74.124643195999965, 4.726235509000048 ] ] ] } },
{ "type": "Feature", "properties": { "camera_id": "DEI-013/CAM-02", "segment_id": "1000997", "distance_m": 10.931, "install_date": "2019-12-26T00:00:00", "accidents_pre": 365, "accidents_post": 1071, "speed_pre_kph": 32.22, "speed_post_kph": 35.172, "n_pre_obs": 29654.0, "n_post_obs": 32477.0 }, "geometry": { "type": "MultiLineString", "coordinates": [ [ [ -74.113651503999961, 4.711634944000025 ], [ -74.114906777999977, 4.71320675100003 ], [ -74.117846478999979, 4.71735545100006 ], [ -74.119294871999955, 4.719419099000049 ] ] ] } },
{ "type": "Feature", "properties": { "camera_id": "DEI-013/CAM-02", "segment_id": "105", "distance_m": 25.18, "install_date": "2019-12-26T00:00:00", "accidents_pre": 365, "accidents_post": 1071, "speed_pre_kph": 28.717, "speed_post_kph": 31.403, "n_pre_obs": 31580.0, "n_post_obs": 32281.0 }, "geometry": { "type": "MultiLineString", "coordinates": [ [ [ -74.124943603999952, 4.725978892000057 ], [ -74.122304309999947, 4.722813946000031 ], [ -74.12088810399996, 4.721017620000055 ], [ -74.119686473999934, 4.719392367000069 ] ], [ [ -74.119552363999958, 4.719280097000023 ], [ -74.11790012299997, 4.716927751000071 ], [ -74.115378845999942, 4.713335062000056 ], [ -74.114745844999959, 4.712426194000045 ], [ -74.113844622999977, 4.711389014000076 ] ], [ [ -74.113748062999946, 4.711185855000053 ], [ -74.11179541499996, 4.709239801000024 ], [ -74.110336292999989, 4.707828375000076 ], [ -74.109671105999951, 4.707186816000046 ] ], [ [ -74.109477986999934, 4.707079889000056 ], [ -74.108211983999979, 4.706096165000076 ], [ -74.10720347299997, 4.705625687000065 ], [ -74.104864586999952, 4.704556419000028 ], [ -74.103684414999975, 4.704064555000059 ] ], [ [ -74.103577126999937, 4.704064555000059 ], [ -74.10160302099996, 4.703102212000033 ], [ -74.100723255999981, 4.702653118000057 ], [ -74.098877895999976, 4.701113365000026 ], [ -74.097547520999967, 4.700001319000023 ] ], [ [ -74.097354401999951, 4.699915777000058 ], [ -74.095723618999955, 4.698739572000022 ], [ -74.094843853999976, 4.698204933000056 ], [ -74.093556393999961, 4.697477823000042 ] ], [ [ -74.082612980999954, 4.688132255000028 ], [ -74.079608906999965, 4.684218628000053 ], [ -74.077548969999953, 4.68169507500005 ], [ -74.076132763999965, 4.67985587000004 ], [ -74.075596321999967, 4.679214286000047 ], [ -74.074480522999977, 4.678401611000027 ] ], [ [ -74.074287403999961, 4.678230522000035 ], [ -74.071819771999969, 4.676626556000031 ], [ -74.071154583999942, 4.67607051400006 ], [ -74.070231903999968, 4.675407540000037 ], [ -74.069051731999934, 4.674830110000073 ], [ -74.068257797999934, 4.674338225000042 ], [ -74.066755760999968, 4.672648705000029 ], [ -74.064888943999961, 4.670552839000038 ], [ -74.063580025999954, 4.668948856000043 ] ], [ [ -74.063405346999957, 4.668773754000028 ], [ -74.06313913799994, 4.668446608000067 ], [ -74.062908802999971, 4.668162235000068 ], [ -74.062611077999975, 4.667822390000026 ], [ -74.062281165999934, 4.667445118000046 ], [ -74.06198846999996, 4.667077538000058 ], [ -74.061715554999978, 4.666732680000052 ], [ -74.061649840999962, 4.666678211000033 ], [ -74.061574403999941, 4.666578296000068 ], [ -74.061464432999969, 4.666433268000048 ], [ -74.06128472499995, 4.666162929000052 ], [ -74.061190847999967, 4.666022246000068 ], [ -74.061091941999962, 4.665892924000048 ], [ -74.061078194999936, 4.66587320800005 ], [ -74.061058748999983, 4.665849148000063 ] ] ] } },
{ "type": "Feature", "properties": { "camera_id": "DEI-013/CAM-02", "segment_id": "1000998", "distance_m": 25.18, "install_date": "2019-12-26T00:00:00", "accidents_pre": 365, "accidents_post": 1071, "speed_pre_kph": 27.381, "speed_post_kph": 28.982, "n_pre_obs": 31727.0, "n_post_obs": 32826.0 }, "geometry": { "type": "MultiLineString", "coordinates": [ [ [ -74.119552363999958, 4.719280097000023 ], [ -74.11790012299997, 4.716927751000071 ], [ -74.115378845999942, 4.713335062000056 ], [ -74.114745844999959, 4.712426194000045 ], [ -74.113844622999977, 4.711389014000076 ] ] ] } },
{ "type": "Feature", "properties": { "camera_id": "DEI-014/CAM-01", "segment_id": "65", "distance_m": 1.592, "install_date": "2019-12-26T00:00:00", "accidents_pre": 135, "accidents_post": 960, "speed_pre_kph": 22.754, "speed_post_kph": 23.081, "n_pre_obs": 31619.0, "n_post_obs": 30951.0 }, "geometry": { "type": "MultiLineString", "coordinates": [ [ [ -74.174682487999974, 4.614304311000069 ], [ -74.173513044999936, 4.613491562000036 ], [ -74.172783483999979, 4.613202821000073 ], [ -74.172525991999976, 4.613181433000022 ], [ -74.171678413999985, 4.613288374000035 ], [ -74.169875968999975, 4.613555726000072 ], [ -74.166432012999962, 4.614036959000032 ], [ -74.164919246999943, 4.614261534000036 ], [ -74.16437207599995, 4.614400557000067 ], [ -74.162623275999977, 4.615042201000051 ] ], [ [ -74.16237651299997, 4.615159835000043 ], [ -74.161292899999978, 4.615459268000052 ], [ -74.160091270999942, 4.615673149000031 ], [ -74.158331741999973, 4.61597258200004 ], [ -74.157537807999972, 4.616111605000071 ] ], [ [ -74.157430518999945, 4.61612229900004 ], [ -74.15547787099996, 4.616464508000035 ], [ -74.152956594999978, 4.616945739000073 ], [ -74.150810826999987, 4.617298642000037 ], [ -74.149394620999942, 4.61755529800007 ] ], [ [ -74.149324883999952, 4.617608768000025 ], [ -74.146020401999976, 4.618400125000051 ], [ -74.14415358499997, 4.618913436000071 ], [ -74.143359650999969, 4.619148704000054 ], [ -74.142308224999965, 4.619127316000061 ], [ -74.140934933999972, 4.618892048000021 ], [ -74.139690388999952, 4.618656781000027 ] ], [ [ -74.139368523999963, 4.618362696000077 ], [ -74.139025200999981, 4.618106040000043 ], [ -74.135720719999938, 4.614127859000064 ] ], [ [ -74.13556515099998, 4.614015571000039 ], [ -74.134191859999987, 4.612454236000076 ], [ -74.13344084199997, 4.61183397800005 ], [ -74.13219629699995, 4.611085391000074 ], [ -74.13052259799997, 4.61022986100005 ], [ -74.129514087999951, 4.609566825000059 ], [ -74.129020560999948, 4.609246001000031 ], [ -74.127625812999952, 4.607791597000073 ], [ -74.126381267999989, 4.606529685000055 ] ], [ [ -74.126284707999957, 4.606412049000028 ], [ -74.124632466999969, 4.604679590000046 ], [ -74.123280633999968, 4.603749193000056 ], [ -74.122046817999944, 4.602936432000035 ], [ -74.121778596999945, 4.602348249000045 ], [ -74.121649850999972, 4.602112975000068 ], [ -74.121424544999968, 4.601973950000058 ], [ -74.120963205999942, 4.602027421000059 ], [ -74.120426763999944, 4.601888396000049 ], [ -74.118849624999939, 4.600915219000058 ], [ -74.117766011999947, 4.600198703000046 ], [ -74.114418615999966, 4.597193606000076 ], [ -74.113742698999943, 4.596584029000041 ], [ -74.113624681999966, 4.596338059000061 ] ], [ [ -74.113512028999935, 4.595910286000048 ], [ -74.112181652999936, 4.593536139000037 ], [ -74.111194599999976, 4.592060314000037 ], [ -74.109241951999934, 4.589322543000037 ] ], [ [ -74.109024692999981, 4.589105981000046 ], [ -74.107297350999943, 4.586977784000055 ], [ -74.105580736999968, 4.584796108000035 ], [ -74.105333973999961, 4.584496662000049 ] ], [ [ -74.105226684999934, 4.584389717000022 ], [ -74.103907037999988, 4.582699982000065 ], [ -74.10324185099995, 4.581887197000071 ], [ -74.10268395099996, 4.581352469000024 ] ], [ [ -74.102414388999989, 4.581108500000028 ], [ -74.101094741999987, 4.580167378000056 ], [ -74.099555153999972, 4.579135350000058 ], [ -74.096438426999953, 4.577007124000033 ], [ -74.095113415999947, 4.57608738600004 ], [ -74.094770092999966, 4.575793283000053 ] ], [ [ -74.094528694999951, 4.575574043000074 ], [ -74.093477268999948, 4.574611525000023 ], [ -74.092881817999967, 4.573964498000066 ], [ -74.091792840999972, 4.572761347000039 ], [ -74.091615815999944, 4.572568842000067 ] ], [ [ -74.091529984999966, 4.572483285000033 ], [ -74.090972084999976, 4.571921813000074 ], [ -74.090639490999934, 4.57166514000005 ], [ -74.089604158999975, 4.571012763000056 ], [ -74.088134307999951, 4.570119754000075 ], [ -74.087141890999987, 4.569542239000043 ], [ -74.086857576999989, 4.569376471000055 ], [ -74.086358685999983, 4.569258829000034 ], [ -74.086106557999983, 4.569242787000064 ], [ -74.085629124999969, 4.56934973400007 ] ] ] } },
{ "type": "Feature", "properties": { "camera_id": "DEI-014/CAM-01", "segment_id": "1001063", "distance_m": 1.592, "install_date": "2019-12-26T00:00:00", "accidents_pre": 135, "accidents_post": 960, "speed_pre_kph": 25.844, "speed_post_kph": 25.273, "n_pre_obs": 32408.0, "n_post_obs": 32659.0 }, "geometry": { "type": "MultiLineString", "coordinates": [ [ [ -74.174682487999974, 4.614304311000069 ], [ -74.173513044999936, 4.613491562000036 ], [ -74.172783483999979, 4.613202821000073 ], [ -74.172525991999976, 4.613181433000022 ], [ -74.171678413999985, 4.613288374000035 ], [ -74.169875968999975, 4.613555726000072 ], [ -74.166432012999962, 4.614036959000032 ], [ -74.164919246999943, 4.614261534000036 ], [ -74.16437207599995, 4.614400557000067 ], [ -74.162623275999977, 4.615042201000051 ] ] ] } },
{ "type": "Feature", "properties": { "camera_id": "DEI-014/CAM-01", "segment_id": "64", "distance_m": 28.317, "install_date": "2019-12-26T00:00:00", "accidents_pre": 135, "accidents_post": 960, "speed_pre_kph": 22.059, "speed_post_kph": 23.392, "n_pre_obs": 30266.0, "n_post_obs": 29814.0 }, "geometry": { "type": "MultiLineString", "coordinates": [ [ [ -74.085603978999984, 4.569504473000052 ], [ -74.085886281999933, 4.569400200000075 ], [ -74.086116280999988, 4.56938215200006 ], [ -74.086402606999968, 4.569389505000061 ], [ -74.086495142999979, 4.569426268000029 ], [ -74.086630594999974, 4.569484421000027 ], [ -74.086879033999935, 4.569595713000069 ], [ -74.08895875199994, 4.570867382000074 ], [ -74.090043034999951, 4.571513075000041 ], [ -74.090163063999967, 4.571562538000023 ], [ -74.090272363999986, 4.571624033000035 ], [ -74.09041988599995, 4.57171426900004 ], [ -74.09045475399995, 4.571734322000054 ], [ -74.090483922999965, 4.571756045000029 ], [ -74.090625744999954, 4.571845279000058 ], [ -74.090722974999949, 4.571928832000026 ], [ -74.090782653999952, 4.57198631600005 ], [ -74.090844344999937, 4.572037115000057 ], [ -74.090900000999966, 4.572085910000055 ], [ -74.090950962999955, 4.572130694000066 ], [ -74.091048863999958, 4.572224273000074 ], [ -74.091138046999959, 4.57232119300005 ], [ -74.091233935999981, 4.572424130000059 ], [ -74.091411967999989, 4.572616968000034 ], [ -74.09144482499994, 4.572650055000054 ] ], [ [ -74.091497797999978, 4.572713220000026 ], [ -74.092420477999951, 4.573734562000027 ], [ -74.093032021999989, 4.574397631000068 ], [ -74.093901057999972, 4.575253204000035 ], [ -74.094405312999982, 4.575707726000076 ] ], [ [ -74.094646711999985, 4.575921619000042 ], [ -74.095510382999976, 4.576648854000041 ], [ -74.097007055999939, 4.577654148000022 ], [ -74.098611016999939, 4.578755692000072 ], [ -74.099769730999981, 4.579536397000027 ], [ -74.101094741999987, 4.580440089000035 ], [ -74.102253456999961, 4.58120475100003 ] ], [ [ -74.102509606999945, 4.581392574000063 ], [ -74.103032637999945, 4.581929975000037 ], [ -74.103469837999967, 4.582470049000051 ], [ -74.10421549199998, 4.583421863000069 ], [ -74.105041612999969, 4.584435168000027 ] ], [ [ -74.105092574999958, 4.584534093000059 ], [ -74.106712628999958, 4.586555352000062 ], [ -74.108386326999948, 4.588640772000076 ], [ -74.108890582999948, 4.589250356000036 ] ], [ [ -74.109027374999982, 4.589515043000063 ], [ -74.110593784999935, 4.591675315000032 ], [ -74.111151684999982, 4.592445312000052 ], [ -74.11235331499995, 4.59439168800003 ], [ -74.11323307899994, 4.595995841000047 ] ], [ [ -74.113501299999939, 4.596519863000026 ], [ -74.114381064999975, 4.597482352000043 ], [ -74.116870154999958, 4.599706766000054 ], [ -74.118264902999954, 4.600797582000041 ], [ -74.11989568599995, 4.601867008000056 ], [ -74.120646704999956, 4.602401720000046 ], [ -74.120861281999964, 4.602829489000044 ], [ -74.121268976999943, 4.603128928000046 ], [ -74.121741045999954, 4.603043374000038 ], [ -74.123157251999942, 4.603941689000067 ], [ -74.12405847499997, 4.604519177000043 ], [ -74.124552000999984, 4.604925556000069 ], [ -74.126161326999977, 4.606615238000074 ] ], [ [ -74.126145232999988, 4.606572462000031 ], [ -74.127926219999949, 4.60851880000007 ], [ -74.12904201899994, 4.609459884000046 ], [ -74.130200732999981, 4.61016569700007 ], [ -74.131702769999947, 4.611128167000061 ], [ -74.133247722999954, 4.612069248000068 ], [ -74.133955825999976, 4.612603953000075 ], [ -74.135329116999969, 4.614143900000045 ] ], [ [ -74.135463226999946, 4.614298964000056 ], [ -74.138209808999989, 4.617635503000031 ], [ -74.138832081999965, 4.618405472000063 ], [ -74.139239777999933, 4.618726292000076 ] ], [ [ -74.139690388999952, 4.618806497000037 ], [ -74.14091347599998, 4.619084540000074 ], [ -74.142050732999962, 4.61934119600005 ], [ -74.142887581999958, 4.61940536000003 ], [ -74.143424023999955, 4.61940536000003 ], [ -74.144625652999935, 4.619084540000074 ], [ -74.147737015999951, 4.618207633000054 ], [ -74.149260510999966, 4.617801260000022 ] ], [ [ -74.149410713999941, 4.617801260000022 ], [ -74.152758110999969, 4.617202396000039 ], [ -74.154796589999989, 4.61683879900005 ], [ -74.15758608699997, 4.616346874000044 ] ], [ [ -74.157655824999949, 4.616357568000069 ], [ -74.161228526999935, 4.615705231000049 ], [ -74.161990274999937, 4.615480657000035 ], [ -74.162462342999959, 4.615352328000029 ] ], [ [ -74.162773479999942, 4.615234693000048 ], [ -74.164382804999946, 4.614646521000054 ], [ -74.164672483999937, 4.614560968000035 ], [ -74.166013587999942, 4.614315005000037 ], [ -74.168835271999967, 4.613919324000051 ], [ -74.171635497999944, 4.613534338000022 ], [ -74.17238651699995, 4.613470173000053 ], [ -74.172697652999943, 4.613470173000053 ], [ -74.173137534999967, 4.613577114000066 ], [ -74.173437942999954, 4.613684055000022 ], [ -74.173985112999958, 4.61406904100005 ], [ -74.174500096999964, 4.614475416000062 ] ] ] } },
{ "type": "Feature", "properties": { "camera_id": "DEI-014/CAM-01", "segment_id": "1001062", "distance_m": 28.317, "install_date": "2019-12-26T00:00:00", "accidents_pre": 135, "accidents_post": 960, "speed_pre_kph": 23.728, "speed_post_kph": 24.838, "n_pre_obs": 30448.0, "n_post_obs": 27981.0 }, "geometry": { "type": "MultiLineString", "coordinates": [ [ [ -74.162773479999942, 4.615234693000048 ], [ -74.164382804999946, 4.614646521000054 ], [ -74.164672483999937, 4.614560968000035 ], [ -74.166013587999942, 4.614315005000037 ], [ -74.168835271999967, 4.613919324000051 ], [ -74.171635497999944, 4.613534338000022 ], [ -74.17238651699995, 4.613470173000053 ], [ -74.172697652999943, 4.613470173000053 ], [ -74.173137534999967, 4.613577114000066 ], [ -74.173437942999954, 4.613684055000022 ], [ -74.173985112999958, 4.61406904100005 ], [ -74.174500096999964, 4.614475416000062 ] ] ] } },
{ "type": "Feature", "properties": { "camera_id": "DEI-014/CAM-02", "segment_id": "64", "distance_m": 8.174, "install_date": "2019-12-26T00:00:00", "accidents_pre": 135, "accidents_post": 960, "speed_pre_kph": 22.059, "speed_post_kph": 23.392, "n_pre_obs": 30266.0, "n_post_obs": 29814.0 }, "geometry": { "type": "MultiLineString", "coordinates": [ [ [ -74.085603978999984, 4.569504473000052 ], [ -74.085886281999933, 4.569400200000075 ], [ -74.086116280999988, 4.56938215200006 ], [ -74.086402606999968, 4.569389505000061 ], [ -74.086495142999979, 4.569426268000029 ], [ -74.086630594999974, 4.569484421000027 ], [ -74.086879033999935, 4.569595713000069 ], [ -74.08895875199994, 4.570867382000074 ], [ -74.090043034999951, 4.571513075000041 ], [ -74.090163063999967, 4.571562538000023 ], [ -74.090272363999986, 4.571624033000035 ], [ -74.09041988599995, 4.57171426900004 ], [ -74.09045475399995, 4.571734322000054 ], [ -74.090483922999965, 4.571756045000029 ], [ -74.090625744999954, 4.571845279000058 ], [ -74.090722974999949, 4.571928832000026 ], [ -74.090782653999952, 4.57198631600005 ], [ -74.090844344999937, 4.572037115000057 ], [ -74.090900000999966, 4.572085910000055 ], [ -74.090950962999955, 4.572130694000066 ], [ -74.091048863999958, 4.572224273000074 ], [ -74.091138046999959, 4.57232119300005 ], [ -74.091233935999981, 4.572424130000059 ], [ -74.091411967999989, 4.572616968000034 ], [ -74.09144482499994, 4.572650055000054 ] ], [ [ -74.091497797999978, 4.572713220000026 ], [ -74.092420477999951, 4.573734562000027 ], [ -74.093032021999989, 4.574397631000068 ], [ -74.093901057999972, 4.575253204000035 ], [ -74.094405312999982, 4.575707726000076 ] ], [ [ -74.094646711999985, 4.575921619000042 ], [ -74.095510382999976, 4.576648854000041 ], [ -74.097007055999939, 4.577654148000022 ], [ -74.098611016999939, 4.578755692000072 ], [ -74.099769730999981, 4.579536397000027 ], [ -74.101094741999987, 4.580440089000035 ], [ -74.102253456999961, 4.58120475100003 ] ], [ [ -74.102509606999945, 4.581392574000063 ], [ -74.103032637999945, 4.581929975000037 ], [ -74.103469837999967, 4.582470049000051 ], [ -74.10421549199998, 4.583421863000069 ], [ -74.105041612999969, 4.584435168000027 ] ], [ [ -74.105092574999958, 4.584534093000059 ], [ -74.106712628999958, 4.586555352000062 ], [ -74.108386326999948, 4.588640772000076 ], [ -74.108890582999948, 4.589250356000036 ] ], [ [ -74.109027374999982, 4.589515043000063 ], [ -74.110593784999935, 4.591675315000032 ], [ -74.111151684999982, 4.592445312000052 ], [ -74.11235331499995, 4.59439168800003 ], [ -74.11323307899994, 4.595995841000047 ] ], [ [ -74.113501299999939, 4.596519863000026 ], [ -74.114381064999975, 4.597482352000043 ], [ -74.116870154999958, 4.599706766000054 ], [ -74.118264902999954, 4.600797582000041 ], [ -74.11989568599995, 4.601867008000056 ], [ -74.120646704999956, 4.602401720000046 ], [ -74.120861281999964, 4.602829489000044 ], [ -74.121268976999943, 4.603128928000046 ], [ -74.121741045999954, 4.603043374000038 ], [ -74.123157251999942, 4.603941689000067 ], [ -74.12405847499997, 4.604519177000043 ], [ -74.124552000999984, 4.604925556000069 ], [ -74.126161326999977, 4.606615238000074 ] ], [ [ -74.126145232999988, 4.606572462000031 ], [ -74.127926219999949, 4.60851880000007 ], [ -74.12904201899994, 4.609459884000046 ], [ -74.130200732999981, 4.61016569700007 ], [ -74.131702769999947, 4.611128167000061 ], [ -74.133247722999954, 4.612069248000068 ], [ -74.133955825999976, 4.612603953000075 ], [ -74.135329116999969, 4.614143900000045 ] ], [ [ -74.135463226999946, 4.614298964000056 ], [ -74.138209808999989, 4.617635503000031 ], [ -74.138832081999965, 4.618405472000063 ], [ -74.139239777999933, 4.618726292000076 ] ], [ [ -74.139690388999952, 4.618806497000037 ], [ -74.14091347599998, 4.619084540000074 ], [ -74.142050732999962, 4.61934119600005 ], [ -74.142887581999958, 4.61940536000003 ], [ -74.143424023999955, 4.61940536000003 ], [ -74.144625652999935, 4.619084540000074 ], [ -74.147737015999951, 4.618207633000054 ], [ -74.149260510999966, 4.617801260000022 ] ], [ [ -74.149410713999941, 4.617801260000022 ], [ -74.152758110999969, 4.617202396000039 ], [ -74.154796589999989, 4.61683879900005 ], [ -74.15758608699997, 4.616346874000044 ] ], [ [ -74.157655824999949, 4.616357568000069 ], [ -74.161228526999935, 4.615705231000049 ], [ -74.161990274999937, 4.615480657000035 ], [ -74.162462342999959, 4.615352328000029 ] ], [ [ -74.162773479999942, 4.615234693000048 ], [ -74.164382804999946, 4.614646521000054 ], [ -74.164672483999937, 4.614560968000035 ], [ -74.166013587999942, 4.614315005000037 ], [ -74.168835271999967, 4.613919324000051 ], [ -74.171635497999944, 4.613534338000022 ], [ -74.17238651699995, 4.613470173000053 ], [ -74.172697652999943, 4.613470173000053 ], [ -74.173137534999967, 4.613577114000066 ], [ -74.173437942999954, 4.613684055000022 ], [ -74.173985112999958, 4.61406904100005 ], [ -74.174500096999964, 4.614475416000062 ] ] ] } },
{ "type": "Feature", "properties": { "camera_id": "DEI-014/CAM-02", "segment_id": "1001062", "distance_m": 8.174, "install_date": "2019-12-26T00:00:00", "accidents_pre": 135, "accidents_post": 960, "speed_pre_kph": 23.728, "speed_post_kph": 24.838, "n_pre_obs": 30448.0, "n_post_obs": 27981.0 }, "geometry": { "type": "MultiLineString", "coordinates": [ [ [ -74.162773479999942, 4.615234693000048 ], [ -74.164382804999946, 4.614646521000054 ], [ -74.164672483999937, 4.614560968000035 ], [ -74.166013587999942, 4.614315005000037 ], [ -74.168835271999967, 4.613919324000051 ], [ -74.171635497999944, 4.613534338000022 ], [ -74.17238651699995, 4.613470173000053 ], [ -74.172697652999943, 4.613470173000053 ], [ -74.173137534999967, 4.613577114000066 ], [ -74.173437942999954, 4.613684055000022 ], [ -74.173985112999958, 4.61406904100005 ], [ -74.174500096999964, 4.614475416000062 ] ] ] } },
{ "type": "Feature", "properties": { "camera_id": "DEI-014/CAM-02", "segment_id": "65", "distance_m": 17.744, "install_date": "2019-12-26T00:00:00", "accidents_pre": 135, "accidents_post": 960, "speed_pre_kph": 22.754, "speed_post_kph": 23.081, "n_pre_obs": 31619.0, "n_post_obs": 30951.0 }, "geometry": { "type": "MultiLineString", "coordinates": [ [ [ -74.174682487999974, 4.614304311000069 ], [ -74.173513044999936, 4.613491562000036 ], [ -74.172783483999979, 4.613202821000073 ], [ -74.172525991999976, 4.613181433000022 ], [ -74.171678413999985, 4.613288374000035 ], [ -74.169875968999975, 4.613555726000072 ], [ -74.166432012999962, 4.614036959000032 ], [ -74.164919246999943, 4.614261534000036 ], [ -74.16437207599995, 4.614400557000067 ], [ -74.162623275999977, 4.615042201000051 ] ], [ [ -74.16237651299997, 4.615159835000043 ], [ -74.161292899999978, 4.615459268000052 ], [ -74.160091270999942, 4.615673149000031 ], [ -74.158331741999973, 4.61597258200004 ], [ -74.157537807999972, 4.616111605000071 ] ], [ [ -74.157430518999945, 4.61612229900004 ], [ -74.15547787099996, 4.616464508000035 ], [ -74.152956594999978, 4.616945739000073 ], [ -74.150810826999987, 4.617298642000037 ], [ -74.149394620999942, 4.61755529800007 ] ], [ [ -74.149324883999952, 4.617608768000025 ], [ -74.146020401999976, 4.618400125000051 ], [ -74.14415358499997, 4.618913436000071 ], [ -74.143359650999969, 4.619148704000054 ], [ -74.142308224999965, 4.619127316000061 ], [ -74.140934933999972, 4.618892048000021 ], [ -74.139690388999952, 4.618656781000027 ] ], [ [ -74.139368523999963, 4.618362696000077 ], [ -74.139025200999981, 4.618106040000043 ], [ -74.135720719999938, 4.614127859000064 ] ], [ [ -74.13556515099998, 4.614015571000039 ], [ -74.134191859999987, 4.612454236000076 ], [ -74.13344084199997, 4.61183397800005 ], [ -74.13219629699995, 4.611085391000074 ], [ -74.13052259799997, 4.61022986100005 ], [ -74.129514087999951, 4.609566825000059 ], [ -74.129020560999948, 4.609246001000031 ], [ -74.127625812999952, 4.607791597000073 ], [ -74.126381267999989, 4.606529685000055 ] ], [ [ -74.126284707999957, 4.606412049000028 ], [ -74.124632466999969, 4.604679590000046 ], [ -74.123280633999968, 4.603749193000056 ], [ -74.122046817999944, 4.602936432000035 ], [ -74.121778596999945, 4.602348249000045 ], [ -74.121649850999972, 4.602112975000068 ], [ -74.121424544999968, 4.601973950000058 ], [ -74.120963205999942, 4.602027421000059 ], [ -74.120426763999944, 4.601888396000049 ], [ -74.118849624999939, 4.600915219000058 ], [ -74.117766011999947, 4.600198703000046 ], [ -74.114418615999966, 4.597193606000076 ], [ -74.113742698999943, 4.596584029000041 ], [ -74.113624681999966, 4.596338059000061 ] ], [ [ -74.113512028999935, 4.595910286000048 ], [ -74.112181652999936, 4.593536139000037 ], [ -74.111194599999976, 4.592060314000037 ], [ -74.109241951999934, 4.589322543000037 ] ], [ [ -74.109024692999981, 4.589105981000046 ], [ -74.107297350999943, 4.586977784000055 ], [ -74.105580736999968, 4.584796108000035 ], [ -74.105333973999961, 4.584496662000049 ] ], [ [ -74.105226684999934, 4.584389717000022 ], [ -74.103907037999988, 4.582699982000065 ], [ -74.10324185099995, 4.581887197000071 ], [ -74.10268395099996, 4.581352469000024 ] ], [ [ -74.102414388999989, 4.581108500000028 ], [ -74.101094741999987, 4.580167378000056 ], [ -74.099555153999972, 4.579135350000058 ], [ -74.096438426999953, 4.577007124000033 ], [ -74.095113415999947, 4.57608738600004 ], [ -74.094770092999966, 4.575793283000053 ] ], [ [ -74.094528694999951, 4.575574043000074 ], [ -74.093477268999948, 4.574611525000023 ], [ -74.092881817999967, 4.573964498000066 ], [ -74.091792840999972, 4.572761347000039 ], [ -74.091615815999944, 4.572568842000067 ] ], [ [ -74.091529984999966, 4.572483285000033 ], [ -74.090972084999976, 4.571921813000074 ], [ -74.090639490999934, 4.57166514000005 ], [ -74.089604158999975, 4.571012763000056 ], [ -74.088134307999951, 4.570119754000075 ], [ -74.087141890999987, 4.569542239000043 ], [ -74.086857576999989, 4.569376471000055 ], [ -74.086358685999983, 4.569258829000034 ], [ -74.086106557999983, 4.569242787000064 ], [ -74.085629124999969, 4.56934973400007 ] ] ] } },
{ "type": "Feature", "properties": { "camera_id": "DEI-014/CAM-02", "segment_id": "1001063", "distance_m": 17.744, "install_date": "2019-12-26T00:00:00", "accidents_pre": 135, "accidents_post": 960, "speed_pre_kph": 25.844, "speed_post_kph": 25.273, "n_pre_obs": 32408.0, "n_post_obs": 32659.0 }, "geometry": { "type": "MultiLineString", "coordinates": [ [ [ -74.174682487999974, 4.614304311000069 ], [ -74.173513044999936, 4.613491562000036 ], [ -74.172783483999979, 4.613202821000073 ], [ -74.172525991999976, 4.613181433000022 ], [ -74.171678413999985, 4.613288374000035 ], [ -74.169875968999975, 4.613555726000072 ], [ -74.166432012999962, 4.614036959000032 ], [ -74.164919246999943, 4.614261534000036 ], [ -74.16437207599995, 4.614400557000067 ], [ -74.162623275999977, 4.615042201000051 ] ] ] } },
{ "type": "Feature", "properties": { "camera_id": "DEI-016/CAM-01", "segment_id": "113", "distance_m": 32.401, "install_date": "2020-01-20T00:00:00", "accidents_pre": 976, "accidents_post": 2934, "speed_pre_kph": 33.682, "speed_post_kph": 35.983, "n_pre_obs": 33076.0, "n_post_obs": 28337.0 }, "geometry": { "type": "MultiLineString", "coordinates": [ [ [ -74.177372742999978, 4.596747118000053 ], [ -74.176181841999949, 4.59665086900003 ], [ -74.175323535999951, 4.596490454000048 ], [ -74.172834445999968, 4.596137541000076 ], [ -74.170570660999942, 4.59580601600004 ], [ -74.169090081999968, 4.595624212000075 ], [ -74.167663146999985, 4.595570741000074 ], [ -74.165828515999976, 4.595570741000074 ] ], [ [ -74.165799010999933, 4.595535984000037 ], [ -74.162022460999935, 4.595600150000053 ], [ -74.159361709999985, 4.595856814000058 ], [ -74.158095706999973, 4.596027924000055 ] ], [ [ -74.157945502999951, 4.595899592000023 ], [ -74.154705394999951, 4.596305976000053 ], [ -74.154126037999958, 4.59626319900002 ], [ -74.152752746999965, 4.595707094000034 ], [ -74.152087558999938, 4.595471818000021 ], [ -74.15099321799994, 4.595343486000047 ] ], [ [ -74.150944937999952, 4.595396958000038 ], [ -74.148595322999938, 4.595108210000035 ], [ -74.14688943799996, 4.594915712000045 ], [ -74.146288622999975, 4.594894323000062 ], [ -74.143681515999958, 4.595225848000041 ], [ -74.142866123999966, 4.595311403000039 ], [ -74.141739596999969, 4.59536487500003 ], [ -74.140537966999943, 4.595290014000057 ], [ -74.138252724999973, 4.594979878000061 ] ], [ [ -74.138182986999936, 4.594883629000037 ], [ -74.130973209999979, 4.593429195000056 ], [ -74.129771579999954, 4.593429195000056 ] ], [ [ -74.129616011999985, 4.593407806000073 ], [ -74.126569021999956, 4.59336502900004 ], [ -74.12493823899996, 4.593450584000038 ], [ -74.123350371999948, 4.593621694000035 ] ], [ [ -74.123055328999953, 4.593675166000025 ], [ -74.121038306999935, 4.593974608000053 ], [ -74.118227351999963, 4.594552104000059 ], [ -74.116510738999978, 4.594872934000023 ], [ -74.113528121999934, 4.595899592000023 ] ], [ [ -74.113194155999963, 4.59603807700006 ], [ -74.111187863999987, 4.596904318000043 ], [ -74.109288859999936, 4.597824029000037 ], [ -74.108602213999973, 4.598080693000043 ], [ -74.108205246999944, 4.59805930400006 ], [ -74.107722449999983, 4.597888195000053 ], [ -74.107261109999968, 4.598016527000027 ], [ -74.104986596999936, 4.599663448000058 ], [ -74.103516745999968, 4.600679404000061 ] ], [ [ -74.103398728999935, 4.600786347000053 ], [ -74.102121996999983, 4.601759525000034 ], [ -74.101349520999975, 4.60241187400004 ], [ -74.10056631599997, 4.603203247000067 ] ], [ [ -74.100379933999989, 4.603332118000026 ], [ -74.098834980999982, 4.605000416000053 ], [ -74.097075451999956, 4.607481466000024 ], [ -74.093341816999953, 4.611844672000075 ] ], [ [ -74.09308432499995, 4.612186883000049 ], [ -74.090981472999943, 4.614753461000021 ], [ -74.089500893999968, 4.616592836000052 ] ], [ [ -74.089243401999965, 4.616913657000055 ], [ -74.083664406999958, 4.623586696000075 ] ], [ [ -74.083707321999952, 4.623543920000031 ], [ -74.081475723999972, 4.626067681000052 ], [ -74.080359924999982, 4.627693150000027 ], [ -74.079716194999946, 4.629532492000067 ], [ -74.079544533999979, 4.630815750000068 ] ], [ [ -74.079619635999961, 4.630858525000065 ], [ -74.079018820999977, 4.637702532000048 ] ], [ [ -74.078975905999982, 4.637852244000044 ], [ -74.078375090999941, 4.645722768000041 ] ], [ [ -74.078418005999936, 4.645851091000054 ], [ -74.077430952999975, 4.657485616000031 ] ], [ [ -74.077334393999934, 4.657549776000053 ], [ -74.076347340999973, 4.661955446000036 ], [ -74.075574864999965, 4.664307977000021 ], [ -74.075274456999978, 4.665163441000061 ], [ -74.074158657999988, 4.66636108900002 ] ], [ [ -74.074115742999936, 4.666339702000073 ], [ -74.071336973999962, 4.669633223000062 ] ], [ [ -74.071143854999946, 4.669782928000075 ], [ -74.069083918999979, 4.672220978000041 ], [ -74.065757979999944, 4.674466543000051 ], [ -74.063075770999944, 4.676091900000074 ] ], [ [ -74.063172329999986, 4.676091900000074 ], [ -74.048452366999982, 4.684518032000028 ] ] ] } },
{ "type": "Feature", "properties": { "camera_id": "DEI-016/CAM-01", "segment_id": "1001988", "distance_m": 32.401, "install_date": "2020-01-20T00:00:00", "accidents_pre": 976, "accidents_post": 2934, "speed_pre_kph": 45.111, "speed_post_kph": 49.955, "n_pre_obs": 29563.0, "n_post_obs": 27884.0 }, "geometry": { "type": "MultiLineString", "coordinates": [ [ [ -74.078418005999936, 4.645851091000054 ], [ -74.077430952999975, 4.657485616000031 ] ] ] } },
{ "type": "Feature", "properties": { "camera_id": "DEI-016/CAM-01", "segment_id": "112", "distance_m": 53.443, "install_date": "2020-01-20T00:00:00", "accidents_pre": 976, "accidents_post": 2934, "speed_pre_kph": 30.311, "speed_post_kph": 32.252, "n_pre_obs": 31382.0, "n_post_obs": 27373.0 }, "geometry": { "type": "MultiLineString", "coordinates": [ [ [ -74.048924435999936, 4.685074067000073 ], [ -74.056026924999969, 4.680732701000068 ], [ -74.063129414999935, 4.676797646000068 ] ], [ [ -74.063504923999972, 4.676476852000064 ], [ -74.06715272799994, 4.674380998000061 ], [ -74.068912256999965, 4.673161978000053 ], [ -74.071615923999957, 4.670274816000074 ] ], [ [ -74.071959246999938, 4.670510067000066 ], [ -74.074963320999984, 4.667088231000037 ] ], [ [ -74.07484530399995, 4.667131004000055 ], [ -74.076132763999965, 4.665762265000069 ], [ -74.077591885999936, 4.66105720500002 ], [ -74.077978123999969, 4.658961305000048 ], [ -74.078106869999942, 4.657763644000056 ] ], [ [ -74.078203428999984, 4.657656710000026 ], [ -74.079190481999944, 4.645851091000054 ] ], [ [ -74.079190481999944, 4.645936640000059 ], [ -74.07970546599995, 4.637937794000038 ] ], [ [ -74.079619635999961, 4.637766694000049 ], [ -74.080113161999975, 4.630922688000055 ] ], [ [ -74.080123890999971, 4.630783669000039 ], [ -74.080531586999939, 4.628762535000021 ], [ -74.081143129999987, 4.62727608900002 ], [ -74.082548607999968, 4.62566131400007 ], [ -74.083439100999954, 4.624955517000046 ], [ -74.08419011999996, 4.623896819000038 ] ], [ [ -74.084265221999942, 4.623843350000072 ], [ -74.08984421699995, 4.617084761000058 ] ], [ [ -74.089865673999952, 4.616913657000055 ], [ -74.091496456999948, 4.614817625000057 ], [ -74.093427647999988, 4.612464930000044 ] ], [ [ -74.093728054999985, 4.612400765000075 ], [ -74.097161282999934, 4.607994786000063 ], [ -74.098834980999982, 4.605684844000052 ], [ -74.100637425999935, 4.603717110000048 ] ], [ [ -74.100931096999943, 4.603374355000028 ], [ -74.102100539999981, 4.602347708000025 ], [ -74.102787184999954, 4.601812996000035 ], [ -74.103784966999967, 4.600978844000053 ] ], [ [ -74.103870797999946, 4.600893290000045 ], [ -74.10566251299997, 4.599588588000074 ], [ -74.107261109999968, 4.598487076000026 ], [ -74.107743906999985, 4.59844429900005 ], [ -74.10872023099995, 4.59844429900005 ], [ -74.11094110099998, 4.597417646000054 ], [ -74.113451647999966, 4.596348213000056 ] ], [ [ -74.113892902999964, 4.59628458800006 ], [ -74.115459312999974, 4.595664316000068 ], [ -74.116918433999956, 4.595215154000073 ], [ -74.119772304999969, 4.594594881000035 ], [ -74.121832240999936, 4.594209884000065 ], [ -74.123055328999953, 4.594124329000067 ] ], [ [ -74.123221624999985, 4.594177801000058 ], [ -74.126311529999953, 4.593963914000028 ], [ -74.12953018099995, 4.594006691000061 ] ], [ [ -74.129728664999959, 4.594028080000044 ], [ -74.131445277999944, 4.593985303000068 ], [ -74.138097156999947, 4.595311403000039 ] ], [ [ -74.138209808999989, 4.595311403000039 ], [ -74.139347065999971, 4.595503901000029 ], [ -74.140398491999974, 4.595546678000062 ], [ -74.14147137599997, 4.595675011000026 ], [ -74.142286766999973, 4.595760565000035 ], [ -74.143316734999985, 4.59563223300006 ], [ -74.146084774999963, 4.595204459000058 ], [ -74.146814335999977, 4.595204459000058 ], [ -74.150848377999978, 4.59563223300006 ] ], [ [ -74.150961030999952, 4.59563223300006 ], [ -74.151588667999988, 4.595696399000076 ], [ -74.152570356999945, 4.596060007000062 ], [ -74.153632510999955, 4.596461044000023 ], [ -74.154249418999939, 4.596610765000037 ], [ -74.154624928999965, 4.596626806000074 ], [ -74.156599033999953, 4.59647708600005 ], [ -74.157972324999946, 4.596359448000044 ] ], [ [ -74.158095706999973, 4.596391531000052 ], [ -74.162773479999942, 4.596027924000055 ], [ -74.165841926999974, 4.596070701000031 ] ], [ [ -74.165820468999982, 4.595974452000064 ], [ -74.166684139999973, 4.595974452000064 ], [ -74.167470027999968, 4.59582473100005 ], [ -74.168628741999953, 4.595856814000058 ], [ -74.169779409999933, 4.595926328000076 ], [ -74.17110710299994, 4.596081395000056 ], [ -74.171807159999958, 4.596466391000035 ], [ -74.172212172999934, 4.596586703000071 ], [ -74.173572052999987, 4.596709687000043 ], [ -74.174982894999971, 4.596835346000034 ], [ -74.176466156999936, 4.597041211000032 ], [ -74.177029420999986, 4.59707596800007 ], [ -74.177182305999963, 4.597070621000057 ], [ -74.17732446399998, 4.59709200900005 ] ] ] } },
{ "type": "Feature", "properties": { "camera_id": "DEI-016/CAM-01", "segment_id": "1001989", "distance_m": 53.443, "install_date": "2020-01-20T00:00:00", "accidents_pre": 976, "accidents_post": 2934, "speed_pre_kph": 46.598, "speed_post_kph": 49.692, "n_pre_obs": 30649.0, "n_post_obs": 28984.0 }, "geometry": { "type": "MultiLineString", "coordinates": [ [ [ -74.078203428999984, 4.657656710000026 ], [ -74.079190481999944, 4.645851091000054 ] ] ] } },
{ "type": "Feature", "properties": { "camera_id": "DEI-016/CAM-02", "segment_id": "113", "distance_m": 6.134, "install_date": "2020-01-20T00:00:00", "accidents_pre": 658, "accidents_post": 1814, "speed_pre_kph": 33.682, "speed_post_kph": 35.983, "n_pre_obs": 33076.0, "n_post_obs": 28337.0 }, "geometry": { "type": "MultiLineString", "coordinates": [ [ [ -74.177372742999978, 4.596747118000053 ], [ -74.176181841999949, 4.59665086900003 ], [ -74.175323535999951, 4.596490454000048 ], [ -74.172834445999968, 4.596137541000076 ], [ -74.170570660999942, 4.59580601600004 ], [ -74.169090081999968, 4.595624212000075 ], [ -74.167663146999985, 4.595570741000074 ], [ -74.165828515999976, 4.595570741000074 ] ], [ [ -74.165799010999933, 4.595535984000037 ], [ -74.162022460999935, 4.595600150000053 ], [ -74.159361709999985, 4.595856814000058 ], [ -74.158095706999973, 4.596027924000055 ] ], [ [ -74.157945502999951, 4.595899592000023 ], [ -74.154705394999951, 4.596305976000053 ], [ -74.154126037999958, 4.59626319900002 ], [ -74.152752746999965, 4.595707094000034 ], [ -74.152087558999938, 4.595471818000021 ], [ -74.15099321799994, 4.595343486000047 ] ], [ [ -74.150944937999952, 4.595396958000038 ], [ -74.148595322999938, 4.595108210000035 ], [ -74.14688943799996, 4.594915712000045 ], [ -74.146288622999975, 4.594894323000062 ], [ -74.143681515999958, 4.595225848000041 ], [ -74.142866123999966, 4.595311403000039 ], [ -74.141739596999969, 4.59536487500003 ], [ -74.140537966999943, 4.595290014000057 ], [ -74.138252724999973, 4.594979878000061 ] ], [ [ -74.138182986999936, 4.594883629000037 ], [ -74.130973209999979, 4.593429195000056 ], [ -74.129771579999954, 4.593429195000056 ] ], [ [ -74.129616011999985, 4.593407806000073 ], [ -74.126569021999956, 4.59336502900004 ], [ -74.12493823899996, 4.593450584000038 ], [ -74.123350371999948, 4.593621694000035 ] ], [ [ -74.123055328999953, 4.593675166000025 ], [ -74.121038306999935, 4.593974608000053 ], [ -74.118227351999963, 4.594552104000059 ], [ -74.116510738999978, 4.594872934000023 ], [ -74.113528121999934, 4.595899592000023 ] ], [ [ -74.113194155999963, 4.59603807700006 ], [ -74.111187863999987, 4.596904318000043 ], [ -74.109288859999936, 4.597824029000037 ], [ -74.108602213999973, 4.598080693000043 ], [ -74.108205246999944, 4.59805930400006 ], [ -74.107722449999983, 4.597888195000053 ], [ -74.107261109999968, 4.598016527000027 ], [ -74.104986596999936, 4.599663448000058 ], [ -74.103516745999968, 4.600679404000061 ] ], [ [ -74.103398728999935, 4.600786347000053 ], [ -74.102121996999983, 4.601759525000034 ], [ -74.101349520999975, 4.60241187400004 ], [ -74.10056631599997, 4.603203247000067 ] ], [ [ -74.100379933999989, 4.603332118000026 ], [ -74.098834980999982, 4.605000416000053 ], [ -74.097075451999956, 4.607481466000024 ], [ -74.093341816999953, 4.611844672000075 ] ], [ [ -74.09308432499995, 4.612186883000049 ], [ -74.090981472999943, 4.614753461000021 ], [ -74.089500893999968, 4.616592836000052 ] ], [ [ -74.089243401999965, 4.616913657000055 ], [ -74.083664406999958, 4.623586696000075 ] ], [ [ -74.083707321999952, 4.623543920000031 ], [ -74.081475723999972, 4.626067681000052 ], [ -74.080359924999982, 4.627693150000027 ], [ -74.079716194999946, 4.629532492000067 ], [ -74.079544533999979, 4.630815750000068 ] ], [ [ -74.079619635999961, 4.630858525000065 ], [ -74.079018820999977, 4.637702532000048 ] ], [ [ -74.078975905999982, 4.637852244000044 ], [ -74.078375090999941, 4.645722768000041 ] ], [ [ -74.078418005999936, 4.645851091000054 ], [ -74.077430952999975, 4.657485616000031 ] ], [ [ -74.077334393999934, 4.657549776000053 ], [ -74.076347340999973, 4.661955446000036 ], [ -74.075574864999965, 4.664307977000021 ], [ -74.075274456999978, 4.665163441000061 ], [ -74.074158657999988, 4.66636108900002 ] ], [ [ -74.074115742999936, 4.666339702000073 ], [ -74.071336973999962, 4.669633223000062 ] ], [ [ -74.071143854999946, 4.669782928000075 ], [ -74.069083918999979, 4.672220978000041 ], [ -74.065757979999944, 4.674466543000051 ], [ -74.063075770999944, 4.676091900000074 ] ], [ [ -74.063172329999986, 4.676091900000074 ], [ -74.048452366999982, 4.684518032000028 ] ] ] } },
{ "type": "Feature", "properties": { "camera_id": "DEI-016/CAM-02", "segment_id": "1001988", "distance_m": 6.134, "install_date": "2020-01-20T00:00:00", "accidents_pre": 658, "accidents_post": 1814, "speed_pre_kph": 45.111, "speed_post_kph": 49.955, "n_pre_obs": 29563.0, "n_post_obs": 27884.0 }, "geometry": { "type": "MultiLineString", "coordinates": [ [ [ -74.078418005999936, 4.645851091000054 ], [ -74.077430952999975, 4.657485616000031 ] ] ] } },
{ "type": "Feature", "properties": { "camera_id": "DEI-016/CAM-03", "segment_id": "112", "distance_m": 7.129, "install_date": "2020-01-20T00:00:00", "accidents_pre": 357, "accidents_post": 1264, "speed_pre_kph": 30.311, "speed_post_kph": 32.252, "n_pre_obs": 31382.0, "n_post_obs": 27373.0 }, "geometry": { "type": "MultiLineString", "coordinates": [ [ [ -74.048924435999936, 4.685074067000073 ], [ -74.056026924999969, 4.680732701000068 ], [ -74.063129414999935, 4.676797646000068 ] ], [ [ -74.063504923999972, 4.676476852000064 ], [ -74.06715272799994, 4.674380998000061 ], [ -74.068912256999965, 4.673161978000053 ], [ -74.071615923999957, 4.670274816000074 ] ], [ [ -74.071959246999938, 4.670510067000066 ], [ -74.074963320999984, 4.667088231000037 ] ], [ [ -74.07484530399995, 4.667131004000055 ], [ -74.076132763999965, 4.665762265000069 ], [ -74.077591885999936, 4.66105720500002 ], [ -74.077978123999969, 4.658961305000048 ], [ -74.078106869999942, 4.657763644000056 ] ], [ [ -74.078203428999984, 4.657656710000026 ], [ -74.079190481999944, 4.645851091000054 ] ], [ [ -74.079190481999944, 4.645936640000059 ], [ -74.07970546599995, 4.637937794000038 ] ], [ [ -74.079619635999961, 4.637766694000049 ], [ -74.080113161999975, 4.630922688000055 ] ], [ [ -74.080123890999971, 4.630783669000039 ], [ -74.080531586999939, 4.628762535000021 ], [ -74.081143129999987, 4.62727608900002 ], [ -74.082548607999968, 4.62566131400007 ], [ -74.083439100999954, 4.624955517000046 ], [ -74.08419011999996, 4.623896819000038 ] ], [ [ -74.084265221999942, 4.623843350000072 ], [ -74.08984421699995, 4.617084761000058 ] ], [ [ -74.089865673999952, 4.616913657000055 ], [ -74.091496456999948, 4.614817625000057 ], [ -74.093427647999988, 4.612464930000044 ] ], [ [ -74.093728054999985, 4.612400765000075 ], [ -74.097161282999934, 4.607994786000063 ], [ -74.098834980999982, 4.605684844000052 ], [ -74.100637425999935, 4.603717110000048 ] ], [ [ -74.100931096999943, 4.603374355000028 ], [ -74.102100539999981, 4.602347708000025 ], [ -74.102787184999954, 4.601812996000035 ], [ -74.103784966999967, 4.600978844000053 ] ], [ [ -74.103870797999946, 4.600893290000045 ], [ -74.10566251299997, 4.599588588000074 ], [ -74.107261109999968, 4.598487076000026 ], [ -74.107743906999985, 4.59844429900005 ], [ -74.10872023099995, 4.59844429900005 ], [ -74.11094110099998, 4.597417646000054 ], [ -74.113451647999966, 4.596348213000056 ] ], [ [ -74.113892902999964, 4.59628458800006 ], [ -74.115459312999974, 4.595664316000068 ], [ -74.116918433999956, 4.595215154000073 ], [ -74.119772304999969, 4.594594881000035 ], [ -74.121832240999936, 4.594209884000065 ], [ -74.123055328999953, 4.594124329000067 ] ], [ [ -74.123221624999985, 4.594177801000058 ], [ -74.126311529999953, 4.593963914000028 ], [ -74.12953018099995, 4.594006691000061 ] ], [ [ -74.129728664999959, 4.594028080000044 ], [ -74.131445277999944, 4.593985303000068 ], [ -74.138097156999947, 4.595311403000039 ] ], [ [ -74.138209808999989, 4.595311403000039 ], [ -74.139347065999971, 4.595503901000029 ], [ -74.140398491999974, 4.595546678000062 ], [ -74.14147137599997, 4.595675011000026 ], [ -74.142286766999973, 4.595760565000035 ], [ -74.143316734999985, 4.59563223300006 ], [ -74.146084774999963, 4.595204459000058 ], [ -74.146814335999977, 4.595204459000058 ], [ -74.150848377999978, 4.59563223300006 ] ], [ [ -74.150961030999952, 4.59563223300006 ], [ -74.151588667999988, 4.595696399000076 ], [ -74.152570356999945, 4.596060007000062 ], [ -74.153632510999955, 4.596461044000023 ], [ -74.154249418999939, 4.596610765000037 ], [ -74.154624928999965, 4.596626806000074 ], [ -74.156599033999953, 4.59647708600005 ], [ -74.157972324999946, 4.596359448000044 ] ], [ [ -74.158095706999973, 4.596391531000052 ], [ -74.162773479999942, 4.596027924000055 ], [ -74.165841926999974, 4.596070701000031 ] ], [ [ -74.165820468999982, 4.595974452000064 ], [ -74.166684139999973, 4.595974452000064 ], [ -74.167470027999968, 4.59582473100005 ], [ -74.168628741999953, 4.595856814000058 ], [ -74.169779409999933, 4.595926328000076 ], [ -74.17110710299994, 4.596081395000056 ], [ -74.171807159999958, 4.596466391000035 ], [ -74.172212172999934, 4.596586703000071 ], [ -74.173572052999987, 4.596709687000043 ], [ -74.174982894999971, 4.596835346000034 ], [ -74.176466156999936, 4.597041211000032 ], [ -74.177029420999986, 4.59707596800007 ], [ -74.177182305999963, 4.597070621000057 ], [ -74.17732446399998, 4.59709200900005 ] ] ] } },
{ "type": "Feature", "properties": { "camera_id": "DEI-016/CAM-03", "segment_id": "1001989", "distance_m": 7.129, "install_date": "2020-01-20T00:00:00", "accidents_pre": 357, "accidents_post": 1264, "speed_pre_kph": 46.598, "speed_post_kph": 49.692, "n_pre_obs": 30649.0, "n_post_obs": 28984.0 }, "geometry": { "type": "MultiLineString", "coordinates": [ [ [ -74.078203428999984, 4.657656710000026 ], [ -74.079190481999944, 4.645851091000054 ] ] ] } },
{ "type": "Feature", "properties": { "camera_id": "DEI-017/CAM-01", "segment_id": "142", "distance_m": 20.96, "install_date": "2020-01-20T00:00:00", "accidents_pre": 183, "accidents_post": 416, "speed_pre_kph": 40.638, "speed_post_kph": 42.552, "n_pre_obs": 33386.0, "n_post_obs": 29926.0 }, "geometry": { "type": "MultiLineString", "coordinates": [ [ [ -74.044933308999987, 4.76340648300004 ], [ -74.045920361999947, 4.758317177000038 ], [ -74.046692837999956, 4.75463916800004 ], [ -74.046950329999959, 4.75378381400003 ], [ -74.046821583999986, 4.75220140700003 ], [ -74.047508228999959, 4.748181220000049 ] ], [ [ -74.04742239899997, 4.748181220000049 ], [ -74.048151959999984, 4.74356225400004 ] ], [ [ -74.048237789999973, 4.743519485000036 ], [ -74.050168980999956, 4.731843626000057 ] ], [ [ -74.050254810999945, 4.731715319000045 ], [ -74.051842678999947, 4.722092209000039 ] ], [ [ -74.051713932999974, 4.722006669000052 ], [ -74.052786816999969, 4.71533456700007 ] ], [ [ -74.053087223999967, 4.715206256000045 ], [ -74.054546345999938, 4.70571122900003 ] ], [ [ -74.054718006999963, 4.705197980000037 ], [ -74.055747975999964, 4.698953428000038 ] ], [ [ -74.055919636999988, 4.698354632000076 ], [ -74.058065403999933, 4.684838822000074 ] ], [ [ -74.058065403999933, 4.684432488000027 ], [ -74.059224117999975, 4.676776260000054 ] ], [ [ -74.059395779999988, 4.676434080000035 ], [ -74.060511578999979, 4.669847087000051 ] ], [ [ -74.060465980999936, 4.669671652000034 ], [ -74.06052968399996, 4.669333144000063 ], [ -74.060600091999959, 4.668981604000066 ], [ -74.060655746999942, 4.668700238000042 ], [ -74.060621548999961, 4.668478020000066 ], [ -74.060580309999978, 4.668220713000039 ], [ -74.060655076999979, 4.667812699000024 ], [ -74.060680557999945, 4.667708774000062 ], [ -74.060702015999937, 4.66760885900004 ], [ -74.060734201999935, 4.667424400000073 ], [ -74.060766723999961, 4.667243952000035 ], [ -74.06080293399998, 4.66706918400007 ], [ -74.060864288999937, 4.666796839000028 ], [ -74.060893122999971, 4.666698261000022 ], [ -74.060926650999988, 4.666520485000035 ], [ -74.060993034999967, 4.666216395000049 ], [ -74.061037626999962, 4.666009547000044 ], [ -74.061045002999947, 4.665919323000026 ], [ -74.061055731999943, 4.665847143000065 ] ] ] } },
{ "type": "Feature", "properties": { "camera_id": "DEI-017/CAM-01", "segment_id": "1002011", "distance_m": 20.96, "install_date": "2020-01-20T00:00:00", "accidents_pre": 183, "accidents_post": 416, "speed_pre_kph": 39.547, "speed_post_kph": 40.947, "n_pre_obs": 19511.0, "n_post_obs": 28988.0 }, "geometry": { "type": "MultiLineString", "coordinates": [ [ [ -74.055919636999988, 4.698354632000076 ], [ -74.058065403999933, 4.684838822000074 ] ] ] } },
{ "type": "Feature", "properties": { "camera_id": "DEI-017/CAM-02", "segment_id": "142", "distance_m": 32.016, "install_date": "2020-01-20T00:00:00", "accidents_pre": 183, "accidents_post": 416, "speed_pre_kph": 40.638, "speed_post_kph": 42.552, "n_pre_obs": 33386.0, "n_post_obs": 29926.0 }, "geometry": { "type": "MultiLineString", "coordinates": [ [ [ -74.044933308999987, 4.76340648300004 ], [ -74.045920361999947, 4.758317177000038 ], [ -74.046692837999956, 4.75463916800004 ], [ -74.046950329999959, 4.75378381400003 ], [ -74.046821583999986, 4.75220140700003 ], [ -74.047508228999959, 4.748181220000049 ] ], [ [ -74.04742239899997, 4.748181220000049 ], [ -74.048151959999984, 4.74356225400004 ] ], [ [ -74.048237789999973, 4.743519485000036 ], [ -74.050168980999956, 4.731843626000057 ] ], [ [ -74.050254810999945, 4.731715319000045 ], [ -74.051842678999947, 4.722092209000039 ] ], [ [ -74.051713932999974, 4.722006669000052 ], [ -74.052786816999969, 4.71533456700007 ] ], [ [ -74.053087223999967, 4.715206256000045 ], [ -74.054546345999938, 4.70571122900003 ] ], [ [ -74.054718006999963, 4.705197980000037 ], [ -74.055747975999964, 4.698953428000038 ] ], [ [ -74.055919636999988, 4.698354632000076 ], [ -74.058065403999933, 4.684838822000074 ] ], [ [ -74.058065403999933, 4.684432488000027 ], [ -74.059224117999975, 4.676776260000054 ] ], [ [ -74.059395779999988, 4.676434080000035 ], [ -74.060511578999979, 4.669847087000051 ] ], [ [ -74.060465980999936, 4.669671652000034 ], [ -74.06052968399996, 4.669333144000063 ], [ -74.060600091999959, 4.668981604000066 ], [ -74.060655746999942, 4.668700238000042 ], [ -74.060621548999961, 4.668478020000066 ], [ -74.060580309999978, 4.668220713000039 ], [ -74.060655076999979, 4.667812699000024 ], [ -74.060680557999945, 4.667708774000062 ], [ -74.060702015999937, 4.66760885900004 ], [ -74.060734201999935, 4.667424400000073 ], [ -74.060766723999961, 4.667243952000035 ], [ -74.06080293399998, 4.66706918400007 ], [ -74.060864288999937, 4.666796839000028 ], [ -74.060893122999971, 4.666698261000022 ], [ -74.060926650999988, 4.666520485000035 ], [ -74.060993034999967, 4.666216395000049 ], [ -74.061037626999962, 4.666009547000044 ], [ -74.061045002999947, 4.665919323000026 ], [ -74.061055731999943, 4.665847143000065 ] ] ] } },
{ "type": "Feature", "properties": { "camera_id": "DEI-017/CAM-02", "segment_id": "1002011", "distance_m": 32.016, "install_date": "2020-01-20T00:00:00", "accidents_pre": 183, "accidents_post": 416, "speed_pre_kph": 39.547, "speed_post_kph": 40.947, "n_pre_obs": 19511.0, "n_post_obs": 28988.0 }, "geometry": { "type": "MultiLineString", "coordinates": [ [ [ -74.055919636999988, 4.698354632000076 ], [ -74.058065403999933, 4.684838822000074 ] ] ] } },
{ "type": "Feature", "properties": { "camera_id": "DEI-017/CAM-03", "segment_id": "141", "distance_m": 31.318, "install_date": "2020-01-20T00:00:00", "accidents_pre": 303, "accidents_post": 537, "speed_pre_kph": 39.925, "speed_post_kph": 40.92, "n_pre_obs": 32405.0, "n_post_obs": 27554.0 }, "geometry": { "type": "MultiLineString", "coordinates": [ [ [ -74.060526162999963, 4.66572300100006 ], [ -74.06049481499997, 4.665904285000067 ], [ -74.060430441999983, 4.666201692000072 ], [ -74.060416359999977, 4.66627554300004 ], [ -74.060411330999955, 4.666319652000027 ], [ -74.060399260999986, 4.666436610000062 ], [ -74.060369421999951, 4.66658297400005 ], [ -74.060331199999951, 4.666774450000048 ], [ -74.060259115999941, 4.667133343000046 ], [ -74.060239334999949, 4.667235597000058 ], [ -74.060218211999938, 4.667340859000035 ], [ -74.060187366999969, 4.667500590000031 ], [ -74.060115617999941, 4.667861821000031 ], [ -74.060074042999986, 4.668071676000068 ], [ -74.060019728999976, 4.668255466000062 ], [ -74.059915122999939, 4.668628059000071 ], [ -74.059860807999939, 4.668998312000042 ], [ -74.059798445999945, 4.669420695000042 ] ], [ [ -74.05961035699994, 4.669590450000044 ], [ -74.058580387999939, 4.676305763000073 ] ], [ [ -74.058580387999939, 4.676476852000064 ], [ -74.057250012999987, 4.684346944000026 ] ], [ [ -74.057207096999946, 4.684325558000069 ], [ -74.054803837999941, 4.697841378000021 ] ], [ [ -74.054803837999941, 4.698269090000053 ], [ -74.053773869999986, 4.70485581500003 ] ], [ [ -74.053688038999951, 4.705026898000028 ], [ -74.052057255999955, 4.715035176000072 ] ], [ [ -74.051885594999987, 4.715035176000072 ], [ -74.05076979599994, 4.721835590000069 ] ], [ [ -74.05089854199997, 4.721750051000072 ], [ -74.049267758999974, 4.731373166000026 ] ], [ [ -74.049310673999969, 4.73154424300003 ], [ -74.04742239899997, 4.743262875000028 ] ], [ [ -74.047336567999935, 4.743305644000031 ], [ -74.046564091999983, 4.74775353900003 ] ], [ [ -74.046564091999983, 4.748010148000049 ], [ -74.04630659999998, 4.749421493000057 ], [ -74.046435345999953, 4.750747299000068 ], [ -74.046092022999972, 4.75220140700003 ], [ -74.045448292999936, 4.754938541000058 ], [ -74.04506205499996, 4.75759013000004 ], [ -74.044718731999978, 4.759600199000033 ], [ -74.04394625599997, 4.763320949000047 ] ] ] } },
{ "type": "Feature", "properties": { "camera_id": "DEI-017/CAM-03", "segment_id": "1002010", "distance_m": 31.318, "install_date": "2020-01-20T00:00:00", "accidents_pre": 303, "accidents_post": 537, "speed_pre_kph": 43.263, "speed_post_kph": 45.313, "n_pre_obs": 20795.0, "n_post_obs": 28006.0 }, "geometry": { "type": "MultiLineString", "coordinates": [ [ [ -74.057207096999946, 4.684325558000069 ], [ -74.054803837999941, 4.697841378000021 ] ] ] } },
{ "type": "Feature", "properties": { "camera_id": "DEI-017/CAM-04", "segment_id": "141", "distance_m": 12.065, "install_date": "2020-01-20T00:00:00", "accidents_pre": 303, "accidents_post": 537, "speed_pre_kph": 39.925, "speed_post_kph": 40.92, "n_pre_obs": 32405.0, "n_post_obs": 27554.0 }, "geometry": { "type": "MultiLineString", "coordinates": [ [ [ -74.060526162999963, 4.66572300100006 ], [ -74.06049481499997, 4.665904285000067 ], [ -74.060430441999983, 4.666201692000072 ], [ -74.060416359999977, 4.66627554300004 ], [ -74.060411330999955, 4.666319652000027 ], [ -74.060399260999986, 4.666436610000062 ], [ -74.060369421999951, 4.66658297400005 ], [ -74.060331199999951, 4.666774450000048 ], [ -74.060259115999941, 4.667133343000046 ], [ -74.060239334999949, 4.667235597000058 ], [ -74.060218211999938, 4.667340859000035 ], [ -74.060187366999969, 4.667500590000031 ], [ -74.060115617999941, 4.667861821000031 ], [ -74.060074042999986, 4.668071676000068 ], [ -74.060019728999976, 4.668255466000062 ], [ -74.059915122999939, 4.668628059000071 ], [ -74.059860807999939, 4.668998312000042 ], [ -74.059798445999945, 4.669420695000042 ] ], [ [ -74.05961035699994, 4.669590450000044 ], [ -74.058580387999939, 4.676305763000073 ] ], [ [ -74.058580387999939, 4.676476852000064 ], [ -74.057250012999987, 4.684346944000026 ] ], [ [ -74.057207096999946, 4.684325558000069 ], [ -74.054803837999941, 4.697841378000021 ] ], [ [ -74.054803837999941, 4.698269090000053 ], [ -74.053773869999986, 4.70485581500003 ] ], [ [ -74.053688038999951, 4.705026898000028 ], [ -74.052057255999955, 4.715035176000072 ] ], [ [ -74.051885594999987, 4.715035176000072 ], [ -74.05076979599994, 4.721835590000069 ] ], [ [ -74.05089854199997, 4.721750051000072 ], [ -74.049267758999974, 4.731373166000026 ] ], [ [ -74.049310673999969, 4.73154424300003 ], [ -74.04742239899997, 4.743262875000028 ] ], [ [ -74.047336567999935, 4.743305644000031 ], [ -74.046564091999983, 4.74775353900003 ] ], [ [ -74.046564091999983, 4.748010148000049 ], [ -74.04630659999998, 4.749421493000057 ], [ -74.046435345999953, 4.750747299000068 ], [ -74.046092022999972, 4.75220140700003 ], [ -74.045448292999936, 4.754938541000058 ], [ -74.04506205499996, 4.75759013000004 ], [ -74.044718731999978, 4.759600199000033 ], [ -74.04394625599997, 4.763320949000047 ] ] ] } },
{ "type": "Feature", "properties": { "camera_id": "DEI-017/CAM-04", "segment_id": "1002010", "distance_m": 12.065, "install_date": "2020-01-20T00:00:00", "accidents_pre": 303, "accidents_post": 537, "speed_pre_kph": 43.263, "speed_post_kph": 45.313, "n_pre_obs": 20795.0, "n_post_obs": 28006.0 }, "geometry": { "type": "MultiLineString", "coordinates": [ [ [ -74.057207096999946, 4.684325558000069 ], [ -74.054803837999941, 4.697841378000021 ] ] ] } },
{ "type": "Feature", "properties": { "camera_id": "DEI-018/CAM-01", "segment_id": "73", "distance_m": 4.875, "install_date": "2020-01-20T00:00:00", "accidents_pre": 80, "accidents_post": 236, "speed_pre_kph": 20.674, "speed_post_kph": 21.08, "n_pre_obs": 30795.0, "n_post_obs": 29191.0 }, "geometry": { "type": "MultiLineString", "coordinates": [ [ [ -74.071677614999942, 4.610818038000048 ], [ -74.07221405699994, 4.609919732000037 ], [ -74.073394228999973, 4.607984092000038 ], [ -74.073887754999987, 4.607053700000051 ] ], [ [ -74.085037697999951, 4.589236988000039 ], [ -74.088765968999951, 4.583846970000025 ], [ -74.089930046999939, 4.582264180000038 ] ], [ [ -74.090058122999949, 4.582081035000044 ], [ -74.090744767999979, 4.581150609000076 ], [ -74.091726456999936, 4.579829830000051 ], [ -74.092160974999956, 4.579241628000034 ], [ -74.094387207999944, 4.576188316000071 ], [ -74.094596419999959, 4.575920951000057 ] ], [ [ -74.094572950999975, 4.575515891000066 ], [ -74.095645834999971, 4.574328785000034 ], [ -74.09634320899994, 4.57354807400003 ], [ -74.097180057999935, 4.572671110000044 ], [ -74.097802330999968, 4.571975955000028 ] ] ] } },
{ "type": "Feature", "properties": { "camera_id": "DEI-018/CAM-01", "segment_id": "1000663", "distance_m": 4.875, "install_date": "2020-01-20T00:00:00", "accidents_pre": 80, "accidents_post": 236, "speed_pre_kph": 25.249, "speed_post_kph": 23.894, "n_pre_obs": 30705.0, "n_post_obs": 23131.0 }, "geometry": { "type": "MultiLineString", "coordinates": [ [ [ -74.090058122999949, 4.582081035000044 ], [ -74.090744767999979, 4.581150609000076 ], [ -74.091726456999936, 4.579829830000051 ], [ -74.092160974999956, 4.579241628000034 ], [ -74.094387207999944, 4.576188316000071 ], [ -74.094596419999959, 4.575920951000057 ] ] ] } },
{ "type": "Feature", "properties": { "camera_id": "DEI-018/CAM-01", "segment_id": "74", "distance_m": 33.042, "install_date": "2020-01-20T00:00:00", "accidents_pre": 80, "accidents_post": 236, "speed_pre_kph": 19.361, "speed_post_kph": 20.709, "n_pre_obs": 32856.0, "n_post_obs": 23564.0 }, "geometry": { "type": "MultiLineString", "coordinates": [ [ [ -74.098038364999979, 4.572286101000032 ], [ -74.097126413999945, 4.573259318000055 ], [ -74.096740175999969, 4.573687105000033 ], [ -74.096429039999975, 4.573997250000048 ], [ -74.095817495999938, 4.574681708000071 ], [ -74.094830442999978, 4.575761868000029 ] ], [ [ -74.094414029999939, 4.575787268000056 ], [ -74.093544993999956, 4.576963677000037 ], [ -74.092616949999979, 4.578225641000074 ], [ -74.091415319999953, 4.579792399000041 ], [ -74.090551648999963, 4.581032969000034 ], [ -74.08985963899994, 4.581995479000057 ] ], [ [ -74.089731563999976, 4.582162581000034 ], [ -74.087580431999982, 4.585098228000049 ], [ -74.085906733999934, 4.587568653000062 ], [ -74.08480166399994, 4.589204904000042 ] ], [ [ -74.073697317999972, 4.606855857000028 ], [ -74.072592247999978, 4.608780806000027 ], [ -74.071905602999948, 4.609818138000037 ], [ -74.071422804999941, 4.610695056000054 ] ] ] } },
{ "type": "Feature", "properties": { "camera_id": "DEI-018/CAM-01", "segment_id": "1000664", "distance_m": 33.042, "install_date": "2020-01-20T00:00:00", "accidents_pre": 80, "accidents_post": 236, "speed_pre_kph": 25.035, "speed_post_kph": 28.621, "n_pre_obs": 34274.0, "n_post_obs": 24398.0 }, "geometry": { "type": "MultiLineString", "coordinates": [ [ [ -74.094414029999939, 4.575787268000056 ], [ -74.093544993999956, 4.576963677000037 ], [ -74.092616949999979, 4.578225641000074 ], [ -74.091415319999953, 4.579792399000041 ], [ -74.090551648999963, 4.581032969000034 ], [ -74.08985963899994, 4.581995479000057 ] ] ] } },
{ "type": "Feature", "properties": { "camera_id": "DEI-018/CAM-02", "segment_id": "74", "distance_m": 1.41, "install_date": "2020-01-20T00:00:00", "accidents_pre": 80, "accidents_post": 236, "speed_pre_kph": 19.361, "speed_post_kph": 20.709, "n_pre_obs": 32856.0, "n_post_obs": 23564.0 }, "geometry": { "type": "MultiLineString", "coordinates": [ [ [ -74.098038364999979, 4.572286101000032 ], [ -74.097126413999945, 4.573259318000055 ], [ -74.096740175999969, 4.573687105000033 ], [ -74.096429039999975, 4.573997250000048 ], [ -74.095817495999938, 4.574681708000071 ], [ -74.094830442999978, 4.575761868000029 ] ], [ [ -74.094414029999939, 4.575787268000056 ], [ -74.093544993999956, 4.576963677000037 ], [ -74.092616949999979, 4.578225641000074 ], [ -74.091415319999953, 4.579792399000041 ], [ -74.090551648999963, 4.581032969000034 ], [ -74.08985963899994, 4.581995479000057 ] ], [ [ -74.089731563999976, 4.582162581000034 ], [ -74.087580431999982, 4.585098228000049 ], [ -74.085906733999934, 4.587568653000062 ], [ -74.08480166399994, 4.589204904000042 ] ], [ [ -74.073697317999972, 4.606855857000028 ], [ -74.072592247999978, 4.608780806000027 ], [ -74.071905602999948, 4.609818138000037 ], [ -74.071422804999941, 4.610695056000054 ] ] ] } },
{ "type": "Feature", "properties": { "camera_id": "DEI-018/CAM-02", "segment_id": "1000664", "distance_m": 1.41, "install_date": "2020-01-20T00:00:00", "accidents_pre": 80, "accidents_post": 236, "speed_pre_kph": 25.035, "speed_post_kph": 28.621, "n_pre_obs": 34274.0, "n_post_obs": 24398.0 }, "geometry": { "type": "MultiLineString", "coordinates": [ [ [ -74.094414029999939, 4.575787268000056 ], [ -74.093544993999956, 4.576963677000037 ], [ -74.092616949999979, 4.578225641000074 ], [ -74.091415319999953, 4.579792399000041 ], [ -74.090551648999963, 4.581032969000034 ], [ -74.08985963899994, 4.581995479000057 ] ] ] } },
{ "type": "Feature", "properties": { "camera_id": "DEI-018/CAM-02", "segment_id": "73", "distance_m": 26.68, "install_date": "2020-01-20T00:00:00", "accidents_pre": 80, "accidents_post": 236, "speed_pre_kph": 20.674, "speed_post_kph": 21.08, "n_pre_obs": 30795.0, "n_post_obs": 29191.0 }, "geometry": { "type": "MultiLineString", "coordinates": [ [ [ -74.071677614999942, 4.610818038000048 ], [ -74.07221405699994, 4.609919732000037 ], [ -74.073394228999973, 4.607984092000038 ], [ -74.073887754999987, 4.607053700000051 ] ], [ [ -74.085037697999951, 4.589236988000039 ], [ -74.088765968999951, 4.583846970000025 ], [ -74.089930046999939, 4.582264180000038 ] ], [ [ -74.090058122999949, 4.582081035000044 ], [ -74.090744767999979, 4.581150609000076 ], [ -74.091726456999936, 4.579829830000051 ], [ -74.092160974999956, 4.579241628000034 ], [ -74.094387207999944, 4.576188316000071 ], [ -74.094596419999959, 4.575920951000057 ] ], [ [ -74.094572950999975, 4.575515891000066 ], [ -74.095645834999971, 4.574328785000034 ], [ -74.09634320899994, 4.57354807400003 ], [ -74.097180057999935, 4.572671110000044 ], [ -74.097802330999968, 4.571975955000028 ] ] ] } },
{ "type": "Feature", "properties": { "camera_id": "DEI-018/CAM-02", "segment_id": "1000663", "distance_m": 26.68, "install_date": "2020-01-20T00:00:00", "accidents_pre": 80, "accidents_post": 236, "speed_pre_kph": 25.249, "speed_post_kph": 23.894, "n_pre_obs": 30705.0, "n_post_obs": 23131.0 }, "geometry": { "type": "MultiLineString", "coordinates": [ [ [ -74.090058122999949, 4.582081035000044 ], [ -74.090744767999979, 4.581150609000076 ], [ -74.091726456999936, 4.579829830000051 ], [ -74.092160974999956, 4.579241628000034 ], [ -74.094387207999944, 4.576188316000071 ], [ -74.094596419999959, 4.575920951000057 ] ] ] } },
{ "type": "Feature", "properties": { "camera_id": "DEI-019/CAM-01", "segment_id": "112", "distance_m": 52.592, "install_date": "2020-01-20T00:00:00", "accidents_pre": 357, "accidents_post": 1264, "speed_pre_kph": 30.311, "speed_post_kph": 32.252, "n_pre_obs": 31382.0, "n_post_obs": 27373.0 }, "geometry": { "type": "MultiLineString", "coordinates": [ [ [ -74.048924435999936, 4.685074067000073 ], [ -74.056026924999969, 4.680732701000068 ], [ -74.063129414999935, 4.676797646000068 ] ], [ [ -74.063504923999972, 4.676476852000064 ], [ -74.06715272799994, 4.674380998000061 ], [ -74.068912256999965, 4.673161978000053 ], [ -74.071615923999957, 4.670274816000074 ] ], [ [ -74.071959246999938, 4.670510067000066 ], [ -74.074963320999984, 4.667088231000037 ] ], [ [ -74.07484530399995, 4.667131004000055 ], [ -74.076132763999965, 4.665762265000069 ], [ -74.077591885999936, 4.66105720500002 ], [ -74.077978123999969, 4.658961305000048 ], [ -74.078106869999942, 4.657763644000056 ] ], [ [ -74.078203428999984, 4.657656710000026 ], [ -74.079190481999944, 4.645851091000054 ] ], [ [ -74.079190481999944, 4.645936640000059 ], [ -74.07970546599995, 4.637937794000038 ] ], [ [ -74.079619635999961, 4.637766694000049 ], [ -74.080113161999975, 4.630922688000055 ] ], [ [ -74.080123890999971, 4.630783669000039 ], [ -74.080531586999939, 4.628762535000021 ], [ -74.081143129999987, 4.62727608900002 ], [ -74.082548607999968, 4.62566131400007 ], [ -74.083439100999954, 4.624955517000046 ], [ -74.08419011999996, 4.623896819000038 ] ], [ [ -74.084265221999942, 4.623843350000072 ], [ -74.08984421699995, 4.617084761000058 ] ], [ [ -74.089865673999952, 4.616913657000055 ], [ -74.091496456999948, 4.614817625000057 ], [ -74.093427647999988, 4.612464930000044 ] ], [ [ -74.093728054999985, 4.612400765000075 ], [ -74.097161282999934, 4.607994786000063 ], [ -74.098834980999982, 4.605684844000052 ], [ -74.100637425999935, 4.603717110000048 ] ], [ [ -74.100931096999943, 4.603374355000028 ], [ -74.102100539999981, 4.602347708000025 ], [ -74.102787184999954, 4.601812996000035 ], [ -74.103784966999967, 4.600978844000053 ] ], [ [ -74.103870797999946, 4.600893290000045 ], [ -74.10566251299997, 4.599588588000074 ], [ -74.107261109999968, 4.598487076000026 ], [ -74.107743906999985, 4.59844429900005 ], [ -74.10872023099995, 4.59844429900005 ], [ -74.11094110099998, 4.597417646000054 ], [ -74.113451647999966, 4.596348213000056 ] ], [ [ -74.113892902999964, 4.59628458800006 ], [ -74.115459312999974, 4.595664316000068 ], [ -74.116918433999956, 4.595215154000073 ], [ -74.119772304999969, 4.594594881000035 ], [ -74.121832240999936, 4.594209884000065 ], [ -74.123055328999953, 4.594124329000067 ] ], [ [ -74.123221624999985, 4.594177801000058 ], [ -74.126311529999953, 4.593963914000028 ], [ -74.12953018099995, 4.594006691000061 ] ], [ [ -74.129728664999959, 4.594028080000044 ], [ -74.131445277999944, 4.593985303000068 ], [ -74.138097156999947, 4.595311403000039 ] ], [ [ -74.138209808999989, 4.595311403000039 ], [ -74.139347065999971, 4.595503901000029 ], [ -74.140398491999974, 4.595546678000062 ], [ -74.14147137599997, 4.595675011000026 ], [ -74.142286766999973, 4.595760565000035 ], [ -74.143316734999985, 4.59563223300006 ], [ -74.146084774999963, 4.595204459000058 ], [ -74.146814335999977, 4.595204459000058 ], [ -74.150848377999978, 4.59563223300006 ] ], [ [ -74.150961030999952, 4.59563223300006 ], [ -74.151588667999988, 4.595696399000076 ], [ -74.152570356999945, 4.596060007000062 ], [ -74.153632510999955, 4.596461044000023 ], [ -74.154249418999939, 4.596610765000037 ], [ -74.154624928999965, 4.596626806000074 ], [ -74.156599033999953, 4.59647708600005 ], [ -74.157972324999946, 4.596359448000044 ] ], [ [ -74.158095706999973, 4.596391531000052 ], [ -74.162773479999942, 4.596027924000055 ], [ -74.165841926999974, 4.596070701000031 ] ], [ [ -74.165820468999982, 4.595974452000064 ], [ -74.166684139999973, 4.595974452000064 ], [ -74.167470027999968, 4.59582473100005 ], [ -74.168628741999953, 4.595856814000058 ], [ -74.169779409999933, 4.595926328000076 ], [ -74.17110710299994, 4.596081395000056 ], [ -74.171807159999958, 4.596466391000035 ], [ -74.172212172999934, 4.596586703000071 ], [ -74.173572052999987, 4.596709687000043 ], [ -74.174982894999971, 4.596835346000034 ], [ -74.176466156999936, 4.597041211000032 ], [ -74.177029420999986, 4.59707596800007 ], [ -74.177182305999963, 4.597070621000057 ], [ -74.17732446399998, 4.59709200900005 ] ] ] } },
{ "type": "Feature", "properties": { "camera_id": "DEI-019/CAM-01", "segment_id": "1001977", "distance_m": 52.592, "install_date": "2020-01-20T00:00:00", "accidents_pre": 357, "accidents_post": 1264, "speed_pre_kph": 48.585, "speed_post_kph": 51.889, "n_pre_obs": 32451.0, "n_post_obs": 29318.0 }, "geometry": { "type": "MultiLineString", "coordinates": [ [ [ -74.071959246999938, 4.670510067000066 ], [ -74.074963320999984, 4.667088231000037 ] ] ] } },
{ "type": "Feature", "properties": { "camera_id": "DEI-019/CAM-02", "segment_id": "113", "distance_m": 7.642, "install_date": "2020-01-20T00:00:00", "accidents_pre": 658, "accidents_post": 1814, "speed_pre_kph": 33.682, "speed_post_kph": 35.983, "n_pre_obs": 33076.0, "n_post_obs": 28337.0 }, "geometry": { "type": "MultiLineString", "coordinates": [ [ [ -74.177372742999978, 4.596747118000053 ], [ -74.176181841999949, 4.59665086900003 ], [ -74.175323535999951, 4.596490454000048 ], [ -74.172834445999968, 4.596137541000076 ], [ -74.170570660999942, 4.59580601600004 ], [ -74.169090081999968, 4.595624212000075 ], [ -74.167663146999985, 4.595570741000074 ], [ -74.165828515999976, 4.595570741000074 ] ], [ [ -74.165799010999933, 4.595535984000037 ], [ -74.162022460999935, 4.595600150000053 ], [ -74.159361709999985, 4.595856814000058 ], [ -74.158095706999973, 4.596027924000055 ] ], [ [ -74.157945502999951, 4.595899592000023 ], [ -74.154705394999951, 4.596305976000053 ], [ -74.154126037999958, 4.59626319900002 ], [ -74.152752746999965, 4.595707094000034 ], [ -74.152087558999938, 4.595471818000021 ], [ -74.15099321799994, 4.595343486000047 ] ], [ [ -74.150944937999952, 4.595396958000038 ], [ -74.148595322999938, 4.595108210000035 ], [ -74.14688943799996, 4.594915712000045 ], [ -74.146288622999975, 4.594894323000062 ], [ -74.143681515999958, 4.595225848000041 ], [ -74.142866123999966, 4.595311403000039 ], [ -74.141739596999969, 4.59536487500003 ], [ -74.140537966999943, 4.595290014000057 ], [ -74.138252724999973, 4.594979878000061 ] ], [ [ -74.138182986999936, 4.594883629000037 ], [ -74.130973209999979, 4.593429195000056 ], [ -74.129771579999954, 4.593429195000056 ] ], [ [ -74.129616011999985, 4.593407806000073 ], [ -74.126569021999956, 4.59336502900004 ], [ -74.12493823899996, 4.593450584000038 ], [ -74.123350371999948, 4.593621694000035 ] ], [ [ -74.123055328999953, 4.593675166000025 ], [ -74.121038306999935, 4.593974608000053 ], [ -74.118227351999963, 4.594552104000059 ], [ -74.116510738999978, 4.594872934000023 ], [ -74.113528121999934, 4.595899592000023 ] ], [ [ -74.113194155999963, 4.59603807700006 ], [ -74.111187863999987, 4.596904318000043 ], [ -74.109288859999936, 4.597824029000037 ], [ -74.108602213999973, 4.598080693000043 ], [ -74.108205246999944, 4.59805930400006 ], [ -74.107722449999983, 4.597888195000053 ], [ -74.107261109999968, 4.598016527000027 ], [ -74.104986596999936, 4.599663448000058 ], [ -74.103516745999968, 4.600679404000061 ] ], [ [ -74.103398728999935, 4.600786347000053 ], [ -74.102121996999983, 4.601759525000034 ], [ -74.101349520999975, 4.60241187400004 ], [ -74.10056631599997, 4.603203247000067 ] ], [ [ -74.100379933999989, 4.603332118000026 ], [ -74.098834980999982, 4.605000416000053 ], [ -74.097075451999956, 4.607481466000024 ], [ -74.093341816999953, 4.611844672000075 ] ], [ [ -74.09308432499995, 4.612186883000049 ], [ -74.090981472999943, 4.614753461000021 ], [ -74.089500893999968, 4.616592836000052 ] ], [ [ -74.089243401999965, 4.616913657000055 ], [ -74.083664406999958, 4.623586696000075 ] ], [ [ -74.083707321999952, 4.623543920000031 ], [ -74.081475723999972, 4.626067681000052 ], [ -74.080359924999982, 4.627693150000027 ], [ -74.079716194999946, 4.629532492000067 ], [ -74.079544533999979, 4.630815750000068 ] ], [ [ -74.079619635999961, 4.630858525000065 ], [ -74.079018820999977, 4.637702532000048 ] ], [ [ -74.078975905999982, 4.637852244000044 ], [ -74.078375090999941, 4.645722768000041 ] ], [ [ -74.078418005999936, 4.645851091000054 ], [ -74.077430952999975, 4.657485616000031 ] ], [ [ -74.077334393999934, 4.657549776000053 ], [ -74.076347340999973, 4.661955446000036 ], [ -74.075574864999965, 4.664307977000021 ], [ -74.075274456999978, 4.665163441000061 ], [ -74.074158657999988, 4.66636108900002 ] ], [ [ -74.074115742999936, 4.666339702000073 ], [ -74.071336973999962, 4.669633223000062 ] ], [ [ -74.071143854999946, 4.669782928000075 ], [ -74.069083918999979, 4.672220978000041 ], [ -74.065757979999944, 4.674466543000051 ], [ -74.063075770999944, 4.676091900000074 ] ], [ [ -74.063172329999986, 4.676091900000074 ], [ -74.048452366999982, 4.684518032000028 ] ] ] } },
{ "type": "Feature", "properties": { "camera_id": "DEI-019/CAM-02", "segment_id": "1001972", "distance_m": 7.642, "install_date": "2020-01-20T00:00:00", "accidents_pre": 658, "accidents_post": 1814, "speed_pre_kph": 47.255, "speed_post_kph": 47.995, "n_pre_obs": 30113.0, "n_post_obs": 27416.0 }, "geometry": { "type": "MultiLineString", "coordinates": [ [ [ -74.074115742999936, 4.666339702000073 ], [ -74.071336973999962, 4.669633223000062 ] ] ] } },
{ "type": "Feature", "properties": { "camera_id": "DEI-020/CAM-01", "segment_id": "1000734", "distance_m": 10.572, "install_date": "2020-01-20T00:00:00", "accidents_pre": 699, "accidents_post": 2105, "speed_pre_kph": 35.447, "speed_post_kph": 35.912, "n_pre_obs": 34230.0, "n_post_obs": 30587.0 }, "geometry": { "type": "MultiLineString", "coordinates": [ [ [ -74.098067868999976, 4.706681588000038 ], [ -74.098904718999961, 4.705847560000052 ], [ -74.099591363999934, 4.70505630200006 ], [ -74.101565469999969, 4.702511440000023 ], [ -74.101973165999937, 4.702040960000033 ], [ -74.103625405999935, 4.699838254000042 ] ] ] } },
{ "type": "Feature", "properties": { "camera_id": "DEI-020/CAM-01", "segment_id": "75", "distance_m": 10.572, "install_date": "2020-01-20T00:00:00", "accidents_pre": 699, "accidents_post": 2105, "speed_pre_kph": 22.296, "speed_post_kph": 24.494, "n_pre_obs": 33558.0, "n_post_obs": 29585.0 }, "geometry": { "type": "MultiLineString", "coordinates": [ [ [ -74.099148799999966, 4.72504865600007 ], [ -74.098923493999962, 4.724342959000069 ], [ -74.098537255999986, 4.723541030000035 ], [ -74.098086644999967, 4.722878101000049 ], [ -74.097571660999961, 4.722193786000048 ], [ -74.096970845999977, 4.721627088000048 ], [ -74.096348572999943, 4.721145929000045 ], [ -74.095393706999971, 4.720386766000047 ], [ -74.09441738299995, 4.719306828000072 ], [ -74.093870211999956, 4.71865458700006 ], [ -74.093430329999933, 4.718152041000053 ], [ -74.093226481999977, 4.717799189000061 ], [ -74.093001176999962, 4.717168332000028 ] ], [ [ -74.092888523999989, 4.717042695000032 ], [ -74.092749048999963, 4.71640114500002 ], [ -74.092738319999967, 4.715984137000021 ], [ -74.092770506999955, 4.715470896000056 ], [ -74.092899252999985, 4.715000425000028 ], [ -74.09337132099995, 4.713909786000045 ], [ -74.093446422999989, 4.713225463000072 ], [ -74.093446422999989, 4.711824737000029 ], [ -74.093500066999979, 4.711461189000033 ], [ -74.09373610199998, 4.710990715000037 ], [ -74.094508577999989, 4.710146 ] ], [ [ -74.09463464199996, 4.710041747000048 ], [ -74.09663020499994, 4.708063613000036 ], [ -74.097450960999936, 4.707277703000045 ], [ -74.097729910999988, 4.706983656000034 ], [ -74.097960580999938, 4.70672703200006 ] ], [ [ -74.098067868999976, 4.706681588000038 ], [ -74.098904718999961, 4.705847560000052 ], [ -74.099591363999934, 4.70505630200006 ], [ -74.101565469999969, 4.702511440000023 ], [ -74.101973165999937, 4.702040960000033 ], [ -74.103625405999935, 4.699838254000042 ] ], [ [ -74.103668321999976, 4.699731327000052 ], [ -74.104762662999974, 4.698063254000033 ], [ -74.10538493599995, 4.697165059000042 ], [ -74.105588782999973, 4.696405869000046 ], [ -74.10583554699997, 4.695999542000038 ] ], [ [ -74.105918694999957, 4.695817764000026 ], [ -74.106117178999966, 4.695491633000074 ], [ -74.106390763999968, 4.695208273000048 ], [ -74.107415367999977, 4.693304946000069 ], [ -74.108305860999963, 4.691620819000036 ], [ -74.108504344999972, 4.691182410000067 ], [ -74.108713556999987, 4.690695883000046 ], [ -74.108922768999946, 4.690118466000058 ], [ -74.109089065999967, 4.689840451000066 ] ], [ [ -74.109300960999974, 4.689762927000061 ], [ -74.109923232999961, 4.689142737000054 ], [ -74.11316334199995, 4.685678221000046 ] ], [ [ -74.113412786999959, 4.685341392000055 ], [ -74.114571500999944, 4.684154470000067 ], [ -74.116556335999974, 4.682037252000043 ], [ -74.118219305999958, 4.680433295000057 ], [ -74.120912243999953, 4.677866957000049 ], [ -74.121405769999967, 4.67725745000007 ], [ -74.122671772999979, 4.675514471000042 ], [ -74.123079467999958, 4.675033280000036 ], [ -74.12351935099997, 4.674691099000029 ], [ -74.12384121599996, 4.674135055000022 ], [ -74.123916317999942, 4.673963965000041 ], [ -74.125321794999934, 4.672295830000053 ] ], [ [ -74.125496138999949, 4.672055234000027 ], [ -74.126687039999979, 4.670611652000048 ], [ -74.126965988999984, 4.670376401000055 ], [ -74.127362955999956, 4.669937980000043 ], [ -74.127566803999969, 4.669606490000035 ], [ -74.12902592599994, 4.667799333000062 ], [ -74.130190004999974, 4.666425248000053 ], [ -74.130356300999949, 4.666232769000032 ], [ -74.130436767999981, 4.666131183000061 ] ], [ [ -74.130816299999935, 4.665827762000049 ], [ -74.133348305999959, 4.662662543000067 ] ], [ [ -74.133562881999978, 4.662405903000035 ], [ -74.136051971999962, 4.659411763000037 ], [ -74.137167770999952, 4.658214104000024 ], [ -74.137296516999982, 4.65795746200007 ], [ -74.137983162999944, 4.657486952000056 ], [ -74.138884384999983, 4.656802574000039 ], [ -74.140558082999974, 4.655562136000071 ] ], [ [ -74.140736449999963, 4.65535227700002 ], [ -74.141079772999944, 4.655042168000023 ], [ -74.141830791999951, 4.654293626000026 ], [ -74.142635453999958, 4.653598551000073 ], [ -74.145682443999988, 4.650604374000068 ], [ -74.147570718999987, 4.648733006000043 ], [ -74.149700392999989, 4.646679843000072 ], [ -74.150623072999963, 4.64582970400005 ] ], [ [ -74.150711585999943, 4.645752175000041 ], [ -74.153476942999987, 4.643332747000045 ], [ -74.154592741999977, 4.642327546000047 ], [ -74.156116236999935, 4.640990840000029 ] ], [ [ -74.17096494599997, 4.628468454000028 ], [ -74.173239458999944, 4.627452538000057 ], [ -74.176093329999958, 4.626329682000062 ], [ -74.176865805999967, 4.626019559000042 ] ], [ [ -74.177026737999938, 4.625955396000052 ], [ -74.177241314999947, 4.625848457000075 ], [ -74.179311979999966, 4.624030493000021 ], [ -74.181790341999942, 4.62183823700002 ], [ -74.182240952999962, 4.621399785000051 ], [ -74.182476986999973, 4.620950639000057 ], [ -74.182670105999989, 4.620576350000022 ], [ -74.182970513999976, 4.620030958000029 ], [ -74.183421124999938, 4.619496259000073 ], [ -74.183528412999976, 4.619410707000043 ] ], [ [ -74.183634959999949, 4.619379030000061 ], [ -74.183795891999978, 4.619245356000022 ], [ -74.184037290999981, 4.619133069000043 ], [ -74.184520088999989, 4.619020782000064 ], [ -74.18505652999994, 4.618908495000028 ], [ -74.185592971999938, 4.618828290000067 ], [ -74.186000667999963, 4.618801555000061 ], [ -74.186306439999953, 4.618881760000022 ], [ -74.186542473999964, 4.61896196500004 ], [ -74.18673559299998, 4.618924536000065 ], [ -74.186853609999957, 4.618865719000041 ], [ -74.186971627999981, 4.618764126000031 ], [ -74.187154017999944, 4.618673227000045 ], [ -74.187840662999974, 4.618373795000025 ], [ -74.188033781999934, 4.618288243000052 ], [ -74.188527308999937, 4.617951382000058 ], [ -74.188774071999944, 4.617737502000068 ], [ -74.188977919999957, 4.617496886000026 ], [ -74.189407072999984, 4.61702635000006 ], [ -74.189750395999965, 4.616791081000031 ], [ -74.190072260999955, 4.616577201000041 ], [ -74.190329752999958, 4.616491648000022 ], [ -74.191123686999958, 4.616341932000068 ], [ -74.191788874999986, 4.616149439000026 ], [ -74.192368231999978, 4.615935559000036 ], [ -74.192904673999976, 4.615529185000071 ], [ -74.19382735399995, 4.614545332000034 ], [ -74.194556914999964, 4.61375397200004 ], [ -74.195007525999983, 4.613368985000022 ] ], [ [ -74.195079944999975, 4.613318188000051 ], [ -74.195310614999983, 4.613237983000033 ], [ -74.195632479999972, 4.613211247000038 ], [ -74.196281574999944, 4.613270065000052 ], [ -74.196603439999933, 4.613270065000052 ], [ -74.197397373999934, 4.613195206000057 ], [ -74.197542212999963, 4.61320055300007 ], [ -74.198427341999945, 4.613387700000033 ], [ -74.199891827999977, 4.613676440000063 ], [ -74.200165413999969, 4.613681787000075 ], [ -74.200310252999941, 4.61365505200007 ], [ -74.200605295999935, 4.613564152000038 ], [ -74.200835965999943, 4.613446517000057 ], [ -74.201088093999942, 4.613227289000065 ], [ -74.201624534999951, 4.61251078500004 ], [ -74.20293881799995, 4.610345229000075 ], [ -74.203330419999986, 4.609789134000039 ] ] ] } },
{ "type": "Feature", "properties": { "camera_id": "DEI-020/CAM-01", "segment_id": "1001720", "distance_m": 19.571, "install_date": "2020-01-20T00:00:00", "accidents_pre": 699, "accidents_post": 2105, "speed_pre_kph": 37.573, "speed_post_kph": 37.906, "n_pre_obs": 32440.0, "n_post_obs": 28162.0 }, "geometry": { "type": "MultiLineString", "coordinates": [ [ [ -74.103410829999973, 4.699688556000069 ], [ -74.101844419999964, 4.701741563000041 ], [ -74.101071942999965, 4.702832221000051 ], [ -74.099376786999983, 4.704821063000054 ], [ -74.098969091999948, 4.705355697000073 ], [ -74.097831834999965, 4.706596047000062 ] ] ] } },
{ "type": "Feature", "properties": { "camera_id": "DEI-020/CAM-01", "segment_id": "76", "distance_m": 19.571, "install_date": "2020-01-20T00:00:00", "accidents_pre": 699, "accidents_post": 2105, "speed_pre_kph": 21.943, "speed_post_kph": 23.995, "n_pre_obs": 32642.0, "n_post_obs": 28554.0 }, "geometry": { "type": "MultiLineString", "coordinates": [ [ [ -74.203072927999983, 4.609743684000023 ], [ -74.202260218999982, 4.610949446000063 ], [ -74.201890073999948, 4.611497519000068 ], [ -74.201544068999965, 4.612005489000069 ], [ -74.200916431999985, 4.612874384000065 ], [ -74.200779639999951, 4.613045489000058 ], [ -74.200624070999936, 4.613171145000024 ], [ -74.20045509199997, 4.613291453000045 ], [ -74.200248561999956, 4.613374332000035 ], [ -74.200111769999978, 4.613411761000066 ], [ -74.199948154999959, 4.613427802000047 ], [ -74.199805997999988, 4.613425129000063 ], [ -74.199390254999969, 4.613352944000042 ], [ -74.197609267999951, 4.612975978000065 ], [ -74.197370551999938, 4.612989345000074 ], [ -74.197094283999945, 4.61303212200005 ], [ -74.196769736999954, 4.613066877000051 ], [ -74.196225248999951, 4.613053510000043 ], [ -74.195707581999955, 4.613016080000023 ], [ -74.195578835999981, 4.613016080000023 ], [ -74.19544740799995, 4.613008060000027 ], [ -74.195214055999941, 4.613037469000062 ], [ -74.194948516999943, 4.613128368000048 ] ], [ [ -74.194935105999946, 4.613082918000032 ], [ -74.194613240999956, 4.613318188000051 ], [ -74.194291375999967, 4.613585540000031 ], [ -74.193647645999988, 4.614291349000041 ], [ -74.192810796999936, 4.615168261000065 ], [ -74.192467473999955, 4.615478388000042 ], [ -74.192183159999956, 4.61566018700006 ], [ -74.191839836999975, 4.615841986000021 ], [ -74.191324852999969, 4.615997049000043 ], [ -74.190321706999953, 4.616237665000028 ], [ -74.189919374999988, 4.616376688000059 ], [ -74.189635060999933, 4.616574527000068 ], [ -74.189366839999934, 4.616788408000048 ], [ -74.188953779999963, 4.617216168000027 ], [ -74.188674829999968, 4.617526295000062 ], [ -74.188245676999941, 4.617911279000054 ], [ -74.187548301999982, 4.618301611000049 ], [ -74.187226436999936, 4.618429939000066 ], [ -74.187001131999978, 4.618494103000046 ], [ -74.186861656999952, 4.618408551000073 ], [ -74.186630986999944, 4.618290917000024 ], [ -74.186346672999946, 4.61840320400006 ], [ -74.186223290999976, 4.618633124000041 ], [ -74.185842417999936, 4.618654512000035 ], [ -74.184823177999988, 4.618772146000026 ], [ -74.184184811999955, 4.618911168000068 ], [ -74.183825395999975, 4.618991373000028 ], [ -74.183519624999974, 4.619157130000076 ] ], [ [ -74.183410395999942, 4.61923960300004 ], [ -74.183077801999957, 4.619528341000034 ], [ -74.182734478999976, 4.619988182000043 ], [ -74.182552088999955, 4.620309001000066 ], [ -74.182326782999951, 4.620833006000055 ], [ -74.182144392999987, 4.621121742000071 ], [ -74.181908358999976, 4.621442561000038 ], [ -74.180266846999984, 4.62287555000006 ], [ -74.178571690999945, 4.624383393000073 ], [ -74.17755245099994, 4.625324456000044 ], [ -74.177091110999982, 4.625720130000047 ], [ -74.176951635999956, 4.625784293000038 ] ], [ [ -74.176930178999953, 4.625784293000038 ], [ -74.173722256999952, 4.627003396000021 ], [ -74.17152284499997, 4.627890986000068 ], [ -74.170943487999978, 4.628126251000026 ], [ -74.170718182999963, 4.628254577000064 ] ], [ [ -74.155917752999983, 4.640758253000058 ], [ -74.155789006999953, 4.641036288000066 ], [ -74.155070174999935, 4.641635133000023 ], [ -74.152806390999956, 4.643613455000036 ], [ -74.151594031999934, 4.644714897000028 ], [ -74.150606979999964, 4.645575731000065 ] ], [ [ -74.150513101999934, 4.645655933000057 ], [ -74.148321736999947, 4.647727813000074 ], [ -74.145655621999936, 4.650358423000057 ], [ -74.143037785999979, 4.652903475000073 ], [ -74.142040003999966, 4.653855194000073 ], [ -74.140516508999951, 4.655074248000062 ] ], [ [ -74.140472252999984, 4.655155785000034 ], [ -74.137639839999963, 4.657337245000065 ], [ -74.137167770999952, 4.657679434000045 ], [ -74.136910278999949, 4.657978849000074 ], [ -74.136652786999946, 4.658406585000023 ], [ -74.136395294999943, 4.658620453000026 ], [ -74.134206612999947, 4.660972995000066 ], [ -74.133305389999975, 4.662085103000038 ] ], [ [ -74.133047897999973, 4.662491450000061 ], [ -74.130515892999938, 4.665571123000063 ] ], [ [ -74.130281199999956, 4.665981477000059 ], [ -74.128934730999958, 4.667606854000041 ], [ -74.128081787999974, 4.668644099000062 ], [ -74.126896251999938, 4.669986099000027 ], [ -74.125764359999948, 4.671344136000073 ], [ -74.125308383999936, 4.671905529000071 ] ], [ [ -74.125158179999971, 4.672065927000062 ], [ -74.124165762999951, 4.673242176000031 ], [ -74.122765649999963, 4.675027933000024 ], [ -74.121859062999988, 4.676150712000037 ], [ -74.121483553999951, 4.676717448000034 ], [ -74.121204603999956, 4.677145172000053 ], [ -74.120904196999959, 4.677433886000074 ], [ -74.119756210999981, 4.678588740000066 ], [ -74.117610443999979, 4.680695275000062 ], [ -74.117363680999972, 4.680919829000061 ], [ -74.116913069999953, 4.681304779000072 ], [ -74.115604151999946, 4.682694874000049 ], [ -74.114681471999972, 4.683667938000042 ], [ -74.114069927999935, 4.684277439000027 ], [ -74.113659549999966, 4.684678427000051 ], [ -74.113477159999945, 4.684860208000032 ], [ -74.113273311999933, 4.685063374000038 ], [ -74.113069463999977, 4.685277234000068 ] ], [ [ -74.112983633999988, 4.685405550000041 ], [ -74.110859323999989, 4.687629687000026 ], [ -74.109754253999938, 4.688923532000047 ], [ -74.109325100999968, 4.689361942000062 ], [ -74.109099794999963, 4.689597187000061 ] ], [ [ -74.108965684999987, 4.689722828000072 ], [ -74.108815480999965, 4.689883222000049 ], [ -74.108391691999941, 4.690936473000022 ], [ -74.108069826999952, 4.691674283000054 ], [ -74.106755543999952, 4.694117603000052 ], [ -74.106203008999955, 4.695117384000071 ], [ -74.105950881999945, 4.695352626000044 ], [ -74.105728257999942, 4.695713509000029 ] ], [ [ -74.105679978999945, 4.695852516000059 ], [ -74.105422485999952, 4.696312307000028 ], [ -74.105207909999933, 4.697039418000031 ], [ -74.103491295999959, 4.699584301000073 ] ], [ [ -74.103410829999973, 4.699688556000069 ], [ -74.101844419999964, 4.701741563000041 ], [ -74.101071942999965, 4.702832221000051 ], [ -74.099376786999983, 4.704821063000054 ], [ -74.098969091999948, 4.705355697000073 ], [ -74.097831834999965, 4.706596047000062 ] ], [ [ -74.097853292999957, 4.706604066000068 ], [ -74.096984256999974, 4.707480864000047 ], [ -74.096061576999944, 4.708379045000072 ], [ -74.094905544999961, 4.70947503900004 ], [ -74.094650734999959, 4.709737008000047 ], [ -74.094564903999981, 4.709825222000063 ], [ -74.094476390999944, 4.709916109000062 ] ], [ [ -74.094334233999973, 4.710031055000059 ], [ -74.093690503999937, 4.710747459000061 ], [ -74.093411554999989, 4.711185855000053 ], [ -74.093293536999965, 4.711528018000024 ], [ -74.093218434999983, 4.712789741000051 ], [ -74.093132604999937, 4.71371999400003 ], [ -74.093143333999933, 4.713858997000045 ], [ -74.092724908999969, 4.714799940000034 ], [ -74.092488874999958, 4.715655342000048 ], [ -74.092488874999958, 4.716083043000026 ], [ -74.092488874999958, 4.71640381800006 ], [ -74.092639077999934, 4.717023983000047 ], [ -74.092703450999977, 4.717173678000051 ] ], [ [ -74.092732955999963, 4.717350104000047 ], [ -74.093033362999961, 4.718077193000056 ], [ -74.093623448999949, 4.718932591000055 ], [ -74.095264960999941, 4.72072892400007 ], [ -74.095951605999971, 4.721284930000024 ], [ -74.096960116999981, 4.722065477000058 ], [ -74.097625304999951, 4.722749792000059 ], [ -74.098161746999949, 4.723551722000025 ], [ -74.098612357999968, 4.724407113000041 ], [ -74.098912764999966, 4.725187657000049 ] ] ] } },
{ "type": "Feature", "properties": { "camera_id": "DEI-020/CAM-02", "segment_id": "1001720", "distance_m": 13.386, "install_date": "2020-01-20T00:00:00", "accidents_pre": 699, "accidents_post": 2105, "speed_pre_kph": 37.573, "speed_post_kph": 37.906, "n_pre_obs": 32440.0, "n_post_obs": 28162.0 }, "geometry": { "type": "MultiLineString", "coordinates": [ [ [ -74.103410829999973, 4.699688556000069 ], [ -74.101844419999964, 4.701741563000041 ], [ -74.101071942999965, 4.702832221000051 ], [ -74.099376786999983, 4.704821063000054 ], [ -74.098969091999948, 4.705355697000073 ], [ -74.097831834999965, 4.706596047000062 ] ] ] } },
{ "type": "Feature", "properties": { "camera_id": "DEI-020/CAM-02", "segment_id": "76", "distance_m": 13.386, "install_date": "2020-01-20T00:00:00", "accidents_pre": 699, "accidents_post": 2105, "speed_pre_kph": 21.943, "speed_post_kph": 23.995, "n_pre_obs": 32642.0, "n_post_obs": 28554.0 }, "geometry": { "type": "MultiLineString", "coordinates": [ [ [ -74.203072927999983, 4.609743684000023 ], [ -74.202260218999982, 4.610949446000063 ], [ -74.201890073999948, 4.611497519000068 ], [ -74.201544068999965, 4.612005489000069 ], [ -74.200916431999985, 4.612874384000065 ], [ -74.200779639999951, 4.613045489000058 ], [ -74.200624070999936, 4.613171145000024 ], [ -74.20045509199997, 4.613291453000045 ], [ -74.200248561999956, 4.613374332000035 ], [ -74.200111769999978, 4.613411761000066 ], [ -74.199948154999959, 4.613427802000047 ], [ -74.199805997999988, 4.613425129000063 ], [ -74.199390254999969, 4.613352944000042 ], [ -74.197609267999951, 4.612975978000065 ], [ -74.197370551999938, 4.612989345000074 ], [ -74.197094283999945, 4.61303212200005 ], [ -74.196769736999954, 4.613066877000051 ], [ -74.196225248999951, 4.613053510000043 ], [ -74.195707581999955, 4.613016080000023 ], [ -74.195578835999981, 4.613016080000023 ], [ -74.19544740799995, 4.613008060000027 ], [ -74.195214055999941, 4.613037469000062 ], [ -74.194948516999943, 4.613128368000048 ] ], [ [ -74.194935105999946, 4.613082918000032 ], [ -74.194613240999956, 4.613318188000051 ], [ -74.194291375999967, 4.613585540000031 ], [ -74.193647645999988, 4.614291349000041 ], [ -74.192810796999936, 4.615168261000065 ], [ -74.192467473999955, 4.615478388000042 ], [ -74.192183159999956, 4.61566018700006 ], [ -74.191839836999975, 4.615841986000021 ], [ -74.191324852999969, 4.615997049000043 ], [ -74.190321706999953, 4.616237665000028 ], [ -74.189919374999988, 4.616376688000059 ], [ -74.189635060999933, 4.616574527000068 ], [ -74.189366839999934, 4.616788408000048 ], [ -74.188953779999963, 4.617216168000027 ], [ -74.188674829999968, 4.617526295000062 ], [ -74.188245676999941, 4.617911279000054 ], [ -74.187548301999982, 4.618301611000049 ], [ -74.187226436999936, 4.618429939000066 ], [ -74.187001131999978, 4.618494103000046 ], [ -74.186861656999952, 4.618408551000073 ], [ -74.186630986999944, 4.618290917000024 ], [ -74.186346672999946, 4.61840320400006 ], [ -74.186223290999976, 4.618633124000041 ], [ -74.185842417999936, 4.618654512000035 ], [ -74.184823177999988, 4.618772146000026 ], [ -74.184184811999955, 4.618911168000068 ], [ -74.183825395999975, 4.618991373000028 ], [ -74.183519624999974, 4.619157130000076 ] ], [ [ -74.183410395999942, 4.61923960300004 ], [ -74.183077801999957, 4.619528341000034 ], [ -74.182734478999976, 4.619988182000043 ], [ -74.182552088999955, 4.620309001000066 ], [ -74.182326782999951, 4.620833006000055 ], [ -74.182144392999987, 4.621121742000071 ], [ -74.181908358999976, 4.621442561000038 ], [ -74.180266846999984, 4.62287555000006 ], [ -74.178571690999945, 4.624383393000073 ], [ -74.17755245099994, 4.625324456000044 ], [ -74.177091110999982, 4.625720130000047 ], [ -74.176951635999956, 4.625784293000038 ] ], [ [ -74.176930178999953, 4.625784293000038 ], [ -74.173722256999952, 4.627003396000021 ], [ -74.17152284499997, 4.627890986000068 ], [ -74.170943487999978, 4.628126251000026 ], [ -74.170718182999963, 4.628254577000064 ] ], [ [ -74.155917752999983, 4.640758253000058 ], [ -74.155789006999953, 4.641036288000066 ], [ -74.155070174999935, 4.641635133000023 ], [ -74.152806390999956, 4.643613455000036 ], [ -74.151594031999934, 4.644714897000028 ], [ -74.150606979999964, 4.645575731000065 ] ], [ [ -74.150513101999934, 4.645655933000057 ], [ -74.148321736999947, 4.647727813000074 ], [ -74.145655621999936, 4.650358423000057 ], [ -74.143037785999979, 4.652903475000073 ], [ -74.142040003999966, 4.653855194000073 ], [ -74.140516508999951, 4.655074248000062 ] ], [ [ -74.140472252999984, 4.655155785000034 ], [ -74.137639839999963, 4.657337245000065 ], [ -74.137167770999952, 4.657679434000045 ], [ -74.136910278999949, 4.657978849000074 ], [ -74.136652786999946, 4.658406585000023 ], [ -74.136395294999943, 4.658620453000026 ], [ -74.134206612999947, 4.660972995000066 ], [ -74.133305389999975, 4.662085103000038 ] ], [ [ -74.133047897999973, 4.662491450000061 ], [ -74.130515892999938, 4.665571123000063 ] ], [ [ -74.130281199999956, 4.665981477000059 ], [ -74.128934730999958, 4.667606854000041 ], [ -74.128081787999974, 4.668644099000062 ], [ -74.126896251999938, 4.669986099000027 ], [ -74.125764359999948, 4.671344136000073 ], [ -74.125308383999936, 4.671905529000071 ] ], [ [ -74.125158179999971, 4.672065927000062 ], [ -74.124165762999951, 4.673242176000031 ], [ -74.122765649999963, 4.675027933000024 ], [ -74.121859062999988, 4.676150712000037 ], [ -74.121483553999951, 4.676717448000034 ], [ -74.121204603999956, 4.677145172000053 ], [ -74.120904196999959, 4.677433886000074 ], [ -74.119756210999981, 4.678588740000066 ], [ -74.117610443999979, 4.680695275000062 ], [ -74.117363680999972, 4.680919829000061 ], [ -74.116913069999953, 4.681304779000072 ], [ -74.115604151999946, 4.682694874000049 ], [ -74.114681471999972, 4.683667938000042 ], [ -74.114069927999935, 4.684277439000027 ], [ -74.113659549999966, 4.684678427000051 ], [ -74.113477159999945, 4.684860208000032 ], [ -74.113273311999933, 4.685063374000038 ], [ -74.113069463999977, 4.685277234000068 ] ], [ [ -74.112983633999988, 4.685405550000041 ], [ -74.110859323999989, 4.687629687000026 ], [ -74.109754253999938, 4.688923532000047 ], [ -74.109325100999968, 4.689361942000062 ], [ -74.109099794999963, 4.689597187000061 ] ], [ [ -74.108965684999987, 4.689722828000072 ], [ -74.108815480999965, 4.689883222000049 ], [ -74.108391691999941, 4.690936473000022 ], [ -74.108069826999952, 4.691674283000054 ], [ -74.106755543999952, 4.694117603000052 ], [ -74.106203008999955, 4.695117384000071 ], [ -74.105950881999945, 4.695352626000044 ], [ -74.105728257999942, 4.695713509000029 ] ], [ [ -74.105679978999945, 4.695852516000059 ], [ -74.105422485999952, 4.696312307000028 ], [ -74.105207909999933, 4.697039418000031 ], [ -74.103491295999959, 4.699584301000073 ] ], [ [ -74.103410829999973, 4.699688556000069 ], [ -74.101844419999964, 4.701741563000041 ], [ -74.101071942999965, 4.702832221000051 ], [ -74.099376786999983, 4.704821063000054 ], [ -74.098969091999948, 4.705355697000073 ], [ -74.097831834999965, 4.706596047000062 ] ], [ [ -74.097853292999957, 4.706604066000068 ], [ -74.096984256999974, 4.707480864000047 ], [ -74.096061576999944, 4.708379045000072 ], [ -74.094905544999961, 4.70947503900004 ], [ -74.094650734999959, 4.709737008000047 ], [ -74.094564903999981, 4.709825222000063 ], [ -74.094476390999944, 4.709916109000062 ] ], [ [ -74.094334233999973, 4.710031055000059 ], [ -74.093690503999937, 4.710747459000061 ], [ -74.093411554999989, 4.711185855000053 ], [ -74.093293536999965, 4.711528018000024 ], [ -74.093218434999983, 4.712789741000051 ], [ -74.093132604999937, 4.71371999400003 ], [ -74.093143333999933, 4.713858997000045 ], [ -74.092724908999969, 4.714799940000034 ], [ -74.092488874999958, 4.715655342000048 ], [ -74.092488874999958, 4.716083043000026 ], [ -74.092488874999958, 4.71640381800006 ], [ -74.092639077999934, 4.717023983000047 ], [ -74.092703450999977, 4.717173678000051 ] ], [ [ -74.092732955999963, 4.717350104000047 ], [ -74.093033362999961, 4.718077193000056 ], [ -74.093623448999949, 4.718932591000055 ], [ -74.095264960999941, 4.72072892400007 ], [ -74.095951605999971, 4.721284930000024 ], [ -74.096960116999981, 4.722065477000058 ], [ -74.097625304999951, 4.722749792000059 ], [ -74.098161746999949, 4.723551722000025 ], [ -74.098612357999968, 4.724407113000041 ], [ -74.098912764999966, 4.725187657000049 ] ] ] } },
{ "type": "Feature", "properties": { "camera_id": "DEI-020/CAM-02", "segment_id": "1000734", "distance_m": 16.425, "install_date": "2020-01-20T00:00:00", "accidents_pre": 699, "accidents_post": 2105, "speed_pre_kph": 35.447, "speed_post_kph": 35.912, "n_pre_obs": 34230.0, "n_post_obs": 30587.0 }, "geometry": { "type": "MultiLineString", "coordinates": [ [ [ -74.098067868999976, 4.706681588000038 ], [ -74.098904718999961, 4.705847560000052 ], [ -74.099591363999934, 4.70505630200006 ], [ -74.101565469999969, 4.702511440000023 ], [ -74.101973165999937, 4.702040960000033 ], [ -74.103625405999935, 4.699838254000042 ] ] ] } },
{ "type": "Feature", "properties": { "camera_id": "DEI-020/CAM-02", "segment_id": "75", "distance_m": 16.425, "install_date": "2020-01-20T00:00:00", "accidents_pre": 699, "accidents_post": 2105, "speed_pre_kph": 22.296, "speed_post_kph": 24.494, "n_pre_obs": 33558.0, "n_post_obs": 29585.0 }, "geometry": { "type": "MultiLineString", "coordinates": [ [ [ -74.099148799999966, 4.72504865600007 ], [ -74.098923493999962, 4.724342959000069 ], [ -74.098537255999986, 4.723541030000035 ], [ -74.098086644999967, 4.722878101000049 ], [ -74.097571660999961, 4.722193786000048 ], [ -74.096970845999977, 4.721627088000048 ], [ -74.096348572999943, 4.721145929000045 ], [ -74.095393706999971, 4.720386766000047 ], [ -74.09441738299995, 4.719306828000072 ], [ -74.093870211999956, 4.71865458700006 ], [ -74.093430329999933, 4.718152041000053 ], [ -74.093226481999977, 4.717799189000061 ], [ -74.093001176999962, 4.717168332000028 ] ], [ [ -74.092888523999989, 4.717042695000032 ], [ -74.092749048999963, 4.71640114500002 ], [ -74.092738319999967, 4.715984137000021 ], [ -74.092770506999955, 4.715470896000056 ], [ -74.092899252999985, 4.715000425000028 ], [ -74.09337132099995, 4.713909786000045 ], [ -74.093446422999989, 4.713225463000072 ], [ -74.093446422999989, 4.711824737000029 ], [ -74.093500066999979, 4.711461189000033 ], [ -74.09373610199998, 4.710990715000037 ], [ -74.094508577999989, 4.710146 ] ], [ [ -74.09463464199996, 4.710041747000048 ], [ -74.09663020499994, 4.708063613000036 ], [ -74.097450960999936, 4.707277703000045 ], [ -74.097729910999988, 4.706983656000034 ], [ -74.097960580999938, 4.70672703200006 ] ], [ [ -74.098067868999976, 4.706681588000038 ], [ -74.098904718999961, 4.705847560000052 ], [ -74.099591363999934, 4.70505630200006 ], [ -74.101565469999969, 4.702511440000023 ], [ -74.101973165999937, 4.702040960000033 ], [ -74.103625405999935, 4.699838254000042 ] ], [ [ -74.103668321999976, 4.699731327000052 ], [ -74.104762662999974, 4.698063254000033 ], [ -74.10538493599995, 4.697165059000042 ], [ -74.105588782999973, 4.696405869000046 ], [ -74.10583554699997, 4.695999542000038 ] ], [ [ -74.105918694999957, 4.695817764000026 ], [ -74.106117178999966, 4.695491633000074 ], [ -74.106390763999968, 4.695208273000048 ], [ -74.107415367999977, 4.693304946000069 ], [ -74.108305860999963, 4.691620819000036 ], [ -74.108504344999972, 4.691182410000067 ], [ -74.108713556999987, 4.690695883000046 ], [ -74.108922768999946, 4.690118466000058 ], [ -74.109089065999967, 4.689840451000066 ] ], [ [ -74.109300960999974, 4.689762927000061 ], [ -74.109923232999961, 4.689142737000054 ], [ -74.11316334199995, 4.685678221000046 ] ], [ [ -74.113412786999959, 4.685341392000055 ], [ -74.114571500999944, 4.684154470000067 ], [ -74.116556335999974, 4.682037252000043 ], [ -74.118219305999958, 4.680433295000057 ], [ -74.120912243999953, 4.677866957000049 ], [ -74.121405769999967, 4.67725745000007 ], [ -74.122671772999979, 4.675514471000042 ], [ -74.123079467999958, 4.675033280000036 ], [ -74.12351935099997, 4.674691099000029 ], [ -74.12384121599996, 4.674135055000022 ], [ -74.123916317999942, 4.673963965000041 ], [ -74.125321794999934, 4.672295830000053 ] ], [ [ -74.125496138999949, 4.672055234000027 ], [ -74.126687039999979, 4.670611652000048 ], [ -74.126965988999984, 4.670376401000055 ], [ -74.127362955999956, 4.669937980000043 ], [ -74.127566803999969, 4.669606490000035 ], [ -74.12902592599994, 4.667799333000062 ], [ -74.130190004999974, 4.666425248000053 ], [ -74.130356300999949, 4.666232769000032 ], [ -74.130436767999981, 4.666131183000061 ] ], [ [ -74.130816299999935, 4.665827762000049 ], [ -74.133348305999959, 4.662662543000067 ] ], [ [ -74.133562881999978, 4.662405903000035 ], [ -74.136051971999962, 4.659411763000037 ], [ -74.137167770999952, 4.658214104000024 ], [ -74.137296516999982, 4.65795746200007 ], [ -74.137983162999944, 4.657486952000056 ], [ -74.138884384999983, 4.656802574000039 ], [ -74.140558082999974, 4.655562136000071 ] ], [ [ -74.140736449999963, 4.65535227700002 ], [ -74.141079772999944, 4.655042168000023 ], [ -74.141830791999951, 4.654293626000026 ], [ -74.142635453999958, 4.653598551000073 ], [ -74.145682443999988, 4.650604374000068 ], [ -74.147570718999987, 4.648733006000043 ], [ -74.149700392999989, 4.646679843000072 ], [ -74.150623072999963, 4.64582970400005 ] ], [ [ -74.150711585999943, 4.645752175000041 ], [ -74.153476942999987, 4.643332747000045 ], [ -74.154592741999977, 4.642327546000047 ], [ -74.156116236999935, 4.640990840000029 ] ], [ [ -74.17096494599997, 4.628468454000028 ], [ -74.173239458999944, 4.627452538000057 ], [ -74.176093329999958, 4.626329682000062 ], [ -74.176865805999967, 4.626019559000042 ] ], [ [ -74.177026737999938, 4.625955396000052 ], [ -74.177241314999947, 4.625848457000075 ], [ -74.179311979999966, 4.624030493000021 ], [ -74.181790341999942, 4.62183823700002 ], [ -74.182240952999962, 4.621399785000051 ], [ -74.182476986999973, 4.620950639000057 ], [ -74.182670105999989, 4.620576350000022 ], [ -74.182970513999976, 4.620030958000029 ], [ -74.183421124999938, 4.619496259000073 ], [ -74.183528412999976, 4.619410707000043 ] ], [ [ -74.183634959999949, 4.619379030000061 ], [ -74.183795891999978, 4.619245356000022 ], [ -74.184037290999981, 4.619133069000043 ], [ -74.184520088999989, 4.619020782000064 ], [ -74.18505652999994, 4.618908495000028 ], [ -74.185592971999938, 4.618828290000067 ], [ -74.186000667999963, 4.618801555000061 ], [ -74.186306439999953, 4.618881760000022 ], [ -74.186542473999964, 4.61896196500004 ], [ -74.18673559299998, 4.618924536000065 ], [ -74.186853609999957, 4.618865719000041 ], [ -74.186971627999981, 4.618764126000031 ], [ -74.187154017999944, 4.618673227000045 ], [ -74.187840662999974, 4.618373795000025 ], [ -74.188033781999934, 4.618288243000052 ], [ -74.188527308999937, 4.617951382000058 ], [ -74.188774071999944, 4.617737502000068 ], [ -74.188977919999957, 4.617496886000026 ], [ -74.189407072999984, 4.61702635000006 ], [ -74.189750395999965, 4.616791081000031 ], [ -74.190072260999955, 4.616577201000041 ], [ -74.190329752999958, 4.616491648000022 ], [ -74.191123686999958, 4.616341932000068 ], [ -74.191788874999986, 4.616149439000026 ], [ -74.192368231999978, 4.615935559000036 ], [ -74.192904673999976, 4.615529185000071 ], [ -74.19382735399995, 4.614545332000034 ], [ -74.194556914999964, 4.61375397200004 ], [ -74.195007525999983, 4.613368985000022 ] ], [ [ -74.195079944999975, 4.613318188000051 ], [ -74.195310614999983, 4.613237983000033 ], [ -74.195632479999972, 4.613211247000038 ], [ -74.196281574999944, 4.613270065000052 ], [ -74.196603439999933, 4.613270065000052 ], [ -74.197397373999934, 4.613195206000057 ], [ -74.197542212999963, 4.61320055300007 ], [ -74.198427341999945, 4.613387700000033 ], [ -74.199891827999977, 4.613676440000063 ], [ -74.200165413999969, 4.613681787000075 ], [ -74.200310252999941, 4.61365505200007 ], [ -74.200605295999935, 4.613564152000038 ], [ -74.200835965999943, 4.613446517000057 ], [ -74.201088093999942, 4.613227289000065 ], [ -74.201624534999951, 4.61251078500004 ], [ -74.20293881799995, 4.610345229000075 ], [ -74.203330419999986, 4.609789134000039 ] ] ] } },
{ "type": "Feature", "properties": { "camera_id": "DEI-021/CAM-01", "segment_id": "39", "distance_m": 1.29, "install_date": "2020-01-20T00:00:00", "accidents_pre": 350, "accidents_post": 921, "speed_pre_kph": 20.849, "speed_post_kph": 20.729, "n_pre_obs": 33503.0, "n_post_obs": 28348.0 }, "geometry": { "type": "MultiLineString", "coordinates": [ [ [ -74.125402049999934, 4.569028657000047 ], [ -74.124522284999955, 4.570932319000065 ], [ -74.124007300999949, 4.572237072000064 ], [ -74.123427943999957, 4.574055168000029 ], [ -74.122891501999959, 4.574632680000036 ], [ -74.122290686999975, 4.57501768700007 ], [ -74.121131972999933, 4.575274359000048 ], [ -74.119243697999934, 4.575766312000042 ], [ -74.11864288299995, 4.57591603700007 ], [ -74.117162303999976, 4.576108541000053 ], [ -74.114952163999988, 4.576493547000041 ], [ -74.112978057999953, 4.577006889000074 ], [ -74.110896663999938, 4.577627177000068 ], [ -74.107849673999965, 4.57850413500006 ], [ -74.107034282999962, 4.578846362000036 ], [ -74.105811194999944, 4.579445259000067 ], [ -74.102377967999985, 4.581092223000041 ], [ -74.102399424999987, 4.581092223000041 ] ], [ [ -74.102273572999934, 4.581258892000051 ], [ -74.100310195999953, 4.582317652000029 ], [ -74.09856139599998, 4.583322939000027 ], [ -74.097359765999954, 4.584071555000037 ], [ -74.096093763999988, 4.584702531000062 ], [ -74.095557321999934, 4.584916421000059 ], [ -74.09481703199998, 4.585301423000033 ], [ -74.094479073999935, 4.585579480000035 ] ], [ [ -74.094361056999958, 4.585675731000038 ], [ -74.094028462999972, 4.585969829000021 ], [ -74.09326671499997, 4.586830735000035 ], [ -74.092199195999967, 4.588172890000067 ], [ -74.091024387999937, 4.589616640000031 ], [ -74.089506257999972, 4.591488163000065 ], [ -74.089345325999943, 4.591605802000061 ], [ -74.088937629999975, 4.59179830100004 ] ], [ [ -74.088771332999954, 4.591889203000051 ], [ -74.088492382999959, 4.592092397000044 ], [ -74.087365854999973, 4.593482667000046 ], [ -74.08460854499998, 4.596926247000056 ] ], [ [ -74.084469069999955, 4.597108051000021 ], [ -74.082913387999952, 4.599129275000053 ], [ -74.081250418999957, 4.601482015000045 ], [ -74.079866398999968, 4.603439061000074 ] ], [ [ -74.079641092999964, 4.603738499000031 ], [ -74.076197136999951, 4.608561576000056 ] ], [ [ -74.076100577999966, 4.608732683000028 ], [ -74.074137200999985, 4.612464930000044 ] ], [ [ -74.070130147999976, 4.620306495000023 ], [ -74.069700993999959, 4.621311727000034 ], [ -74.069464959999948, 4.622060304000058 ], [ -74.069336213999975, 4.622659165000073 ] ], [ [ -74.069357671999967, 4.62289443100002 ], [ -74.068434991999936, 4.627685297000028 ] ], [ [ -74.068386711999949, 4.627941949000046 ], [ -74.06756059199995, 4.632433355000046 ] ], [ [ -74.067528404999962, 4.632593761000066 ], [ -74.067077793999943, 4.634978472000057 ], [ -74.066348232999985, 4.639063472000032 ], [ -74.066155113999969, 4.64031463300006 ] ], [ [ -74.066094428999975, 4.640453316000048 ], [ -74.065493613999934, 4.643896669000071 ] ], [ [ -74.065511383999933, 4.644164343000057 ], [ -74.064953485, 4.646998144000065 ], [ -74.064502872999981, 4.649511128000029 ] ], [ [ -74.064505555999972, 4.649631430000056 ], [ -74.063998617999971, 4.652168465000045 ], [ -74.063883282999939, 4.652679079000052 ], [ -74.063746489999971, 4.653152266000063 ], [ -74.063598968999941, 4.653523864000022 ], [ -74.063365616999988, 4.653964969000072 ] ], [ [ -74.063295878999952, 4.654077251000047 ], [ -74.062459029999957, 4.655585027000029 ], [ -74.062373198999978, 4.655756122000071 ], [ -74.061772384999983, 4.659199399000045 ] ], [ [ -74.061765762999983, 4.659425715000054 ], [ -74.061756039999977, 4.659488873000043 ], [ -74.061733240999956, 4.659645263000073 ], [ -74.061712453999974, 4.659782272000029 ], [ -74.061655791999954, 4.660154869000053 ], [ -74.061553532999937, 4.660710924000057 ], [ -74.061501900999986, 4.660995969000055 ], [ -74.061457308999934, 4.661244255000042 ], [ -74.06143450999997, 4.661364221000042 ], [ -74.061412716999939, 4.661482851000073 ], [ -74.061368795999954, 4.661722114000042 ], [ -74.061344236999958, 4.661865722000073 ], [ -74.06116293599996, 4.662901054000031 ], [ -74.061113650999971, 4.663148672000034 ], [ -74.061058665999951, 4.663427366000064 ], [ -74.061026813999945, 4.663594115000024 ], [ -74.060997644999986, 4.663738475000059 ], [ -74.060939977999965, 4.664030536000041 ], [ -74.060916172999953, 4.664131120000036 ], [ -74.060896391999961, 4.664215998000032 ], [ -74.060869234999984, 4.664298871000028 ], [ -74.060709307999957, 4.664752668000062 ], [ -74.060671085999957, 4.664968205000037 ], [ -74.060629846999973, 4.665189088000034 ], [ -74.060582908999947, 4.665454750000038 ], [ -74.060556211999938, 4.665625299000055 ] ] ] } },
{ "type": "Feature", "properties": { "camera_id": "DEI-021/CAM-01", "segment_id": "1001305", "distance_m": 1.29, "install_date": "2020-01-20T00:00:00", "accidents_pre": 350, "accidents_post": 921, "speed_pre_kph": 27.005, "speed_post_kph": 27.573, "n_pre_obs": 31830.0, "n_post_obs": 28576.0 }, "geometry": { "type": "MultiLineString", "coordinates": [ [ [ -74.065511383999933, 4.644164343000057 ], [ -74.064953485, 4.646998144000065 ], [ -74.064502872999981, 4.649511128000029 ] ] ] } },
{ "type": "Feature", "properties": { "camera_id": "DEI-021/CAM-01", "segment_id": "40", "distance_m": 33.545, "install_date": "2020-01-20T00:00:00", "accidents_pre": 350, "accidents_post": 921, "speed_pre_kph": 21.38, "speed_post_kph": 20.786, "n_pre_obs": 32916.0, "n_post_obs": 28643.0 }, "geometry": { "type": "MultiLineString", "coordinates": [ [ [ -74.061054390999971, 4.665839791000053 ], [ -74.061058078999963, 4.665779976000067 ], [ -74.061042990999965, 4.665607213000044 ], [ -74.061036620999971, 4.665550739000025 ], [ -74.061048355999958, 4.66540704800002 ], [ -74.061060089999955, 4.66523294700005 ], [ -74.061079536999955, 4.664975640000023 ], [ -74.061088923999989, 4.664846652000051 ], [ -74.061094958999945, 4.664722677000043 ], [ -74.06110769999998, 4.664430616000061 ], [ -74.06116134399997, 4.66414256500002 ], [ -74.061209623999957, 4.663896953000062 ], [ -74.061273996999944, 4.663578159000053 ], [ -74.061300482999968, 4.663444492000053 ], [ -74.061341051999989, 4.663213918000054 ], [ -74.061371226999938, 4.663046166000072 ], [ -74.061430821999977, 4.662713169000028 ], [ -74.061483124999938, 4.662413422000043 ], [ -74.061535762999938, 4.662115345000075 ], [ -74.061578007999969, 4.661875413000075 ], [ -74.061607847999937, 4.661694295000075 ], [ -74.061650762999989, 4.661423954000043 ], [ -74.06168361999994, 4.661222785000064 ], [ -74.061718153999948, 4.661005910000029 ], [ -74.06174028199996, 4.66087023800003 ], [ -74.061830135999969, 4.660437157000047 ], [ -74.061879756999986, 4.660200567000061 ], [ -74.061946140999964, 4.659800568000037 ], [ -74.061977656999943, 4.659609758000045 ], [ -74.061980003999963, 4.659592381000039 ] ], [ [ -74.062051333999989, 4.659375840000052 ], [ -74.062673606999965, 4.65588979000006 ], [ -74.06352654899996, 4.654173492000041 ] ], [ [ -74.063585557999943, 4.654061210000066 ], [ -74.063987888999975, 4.65332870800006 ], [ -74.064084448999949, 4.653050678000056 ], [ -74.064202465999983, 4.652681753000024 ], [ -74.064347304999956, 4.651965289000032 ], [ -74.064604796999959, 4.650671375000059 ], [ -74.064808644999971, 4.649730346000069 ] ], [ [ -74.064814009999964, 4.649521822000054 ], [ -74.065404095999952, 4.646142658000031 ], [ -74.065747417999944, 4.644185730000061 ] ], [ [ -74.065790333999985, 4.643961164000075 ], [ -74.066380419999973, 4.640528506000066 ] ], [ [ -74.066434063999964, 4.64031463300006 ], [ -74.066981234999957, 4.637117218000071 ], [ -74.067785896999965, 4.632647230000032 ] ], [ [ -74.067839540999955, 4.632444048000025 ], [ -74.068612017999953, 4.628155826000068 ] ], [ [ -74.068649568999945, 4.627877786000056 ], [ -74.069529332999934, 4.623044146000041 ] ], [ [ -74.069550790999983, 4.622723328000063 ], [ -74.069700993999959, 4.622038916000065 ], [ -74.069937028999959, 4.621247564000043 ], [ -74.070323266999935, 4.620456210000043 ] ], [ [ -74.074341047999951, 4.61265742300003 ], [ -74.076282967999987, 4.608893095000042 ] ], [ [ -74.076433170999962, 4.60870060000002 ], [ -74.079844940999976, 4.603856135000058 ] ], [ [ -74.080038059999936, 4.603631557000028 ], [ -74.082462776999989, 4.600198703000046 ], [ -74.082881201999953, 4.599621212000045 ], [ -74.084672917999967, 4.597236383000052 ] ], [ [ -74.084866036999983, 4.597001108000029 ], [ -74.086486090999983, 4.594915712000045 ], [ -74.08748387299994, 4.593717943000058 ], [ -74.088460196999961, 4.592498784000043 ], [ -74.088824976999945, 4.59210309100007 ], [ -74.089018095999961, 4.592006842000046 ] ], [ [ -74.089200485999982, 4.591915939000046 ], [ -74.089629639999941, 4.591723440000067 ], [ -74.090509403999988, 4.590632610000057 ], [ -74.093813885999964, 4.586525942000037 ], [ -74.093803156999968, 4.586525942000037 ], [ -74.094468344999939, 4.585841495000068 ] ], [ [ -74.094623912999964, 4.585734550000041 ], [ -74.095203269999956, 4.58537093800004 ], [ -74.096083034999936, 4.584953852000069 ], [ -74.096887696999943, 4.584600933000047 ], [ -74.098218072999941, 4.583852317000037 ], [ -74.099323142999935, 4.583167868000032 ], [ -74.10246669199995, 4.58134979600004 ] ], [ [ -74.102850036999939, 4.581327504000058 ], [ -74.105982856999958, 4.579766097000061 ], [ -74.107120112999951, 4.579274146000046 ], [ -74.107914046999952, 4.578889140000058 ], [ -74.109051303999934, 4.57850413500006 ], [ -74.11248453099995, 4.577498842000068 ], [ -74.114501551999979, 4.57692133300003 ], [ -74.115917758999956, 4.576664662000042 ], [ -74.117784575999963, 4.576429380000036 ], [ -74.119565562999981, 4.576129930000036 ], [ -74.121196345999977, 4.575723534000076 ], [ -74.122784213999978, 4.575274359000048 ], [ -74.123578147999979, 4.574632680000036 ], [ -74.123857097999974, 4.573969611000052 ], [ -74.124500827999952, 4.57217290400007 ], [ -74.125616626999943, 4.569221163000066 ] ] ] } },
{ "type": "Feature", "properties": { "camera_id": "DEI-021/CAM-01", "segment_id": "1000269", "distance_m": 33.545, "install_date": "2020-01-20T00:00:00", "accidents_pre": 350, "accidents_post": 921, "speed_pre_kph": 29.366, "speed_post_kph": 30.756, "n_pre_obs": 32469.0, "n_post_obs": 29318.0 }, "geometry": { "type": "MultiLineString", "coordinates": [ [ [ -74.064814009999964, 4.649521822000054 ], [ -74.065404095999952, 4.646142658000031 ], [ -74.065747417999944, 4.644185730000061 ] ] ] } },
{ "type": "Feature", "properties": { "camera_id": "DEI-021/CAM-02", "segment_id": "40", "distance_m": 2.959, "install_date": "2020-01-20T00:00:00", "accidents_pre": 350, "accidents_post": 921, "speed_pre_kph": 21.38, "speed_post_kph": 20.786, "n_pre_obs": 32916.0, "n_post_obs": 28643.0 }, "geometry": { "type": "MultiLineString", "coordinates": [ [ [ -74.061054390999971, 4.665839791000053 ], [ -74.061058078999963, 4.665779976000067 ], [ -74.061042990999965, 4.665607213000044 ], [ -74.061036620999971, 4.665550739000025 ], [ -74.061048355999958, 4.66540704800002 ], [ -74.061060089999955, 4.66523294700005 ], [ -74.061079536999955, 4.664975640000023 ], [ -74.061088923999989, 4.664846652000051 ], [ -74.061094958999945, 4.664722677000043 ], [ -74.06110769999998, 4.664430616000061 ], [ -74.06116134399997, 4.66414256500002 ], [ -74.061209623999957, 4.663896953000062 ], [ -74.061273996999944, 4.663578159000053 ], [ -74.061300482999968, 4.663444492000053 ], [ -74.061341051999989, 4.663213918000054 ], [ -74.061371226999938, 4.663046166000072 ], [ -74.061430821999977, 4.662713169000028 ], [ -74.061483124999938, 4.662413422000043 ], [ -74.061535762999938, 4.662115345000075 ], [ -74.061578007999969, 4.661875413000075 ], [ -74.061607847999937, 4.661694295000075 ], [ -74.061650762999989, 4.661423954000043 ], [ -74.06168361999994, 4.661222785000064 ], [ -74.061718153999948, 4.661005910000029 ], [ -74.06174028199996, 4.66087023800003 ], [ -74.061830135999969, 4.660437157000047 ], [ -74.061879756999986, 4.660200567000061 ], [ -74.061946140999964, 4.659800568000037 ], [ -74.061977656999943, 4.659609758000045 ], [ -74.061980003999963, 4.659592381000039 ] ], [ [ -74.062051333999989, 4.659375840000052 ], [ -74.062673606999965, 4.65588979000006 ], [ -74.06352654899996, 4.654173492000041 ] ], [ [ -74.063585557999943, 4.654061210000066 ], [ -74.063987888999975, 4.65332870800006 ], [ -74.064084448999949, 4.653050678000056 ], [ -74.064202465999983, 4.652681753000024 ], [ -74.064347304999956, 4.651965289000032 ], [ -74.064604796999959, 4.650671375000059 ], [ -74.064808644999971, 4.649730346000069 ] ], [ [ -74.064814009999964, 4.649521822000054 ], [ -74.065404095999952, 4.646142658000031 ], [ -74.065747417999944, 4.644185730000061 ] ], [ [ -74.065790333999985, 4.643961164000075 ], [ -74.066380419999973, 4.640528506000066 ] ], [ [ -74.066434063999964, 4.64031463300006 ], [ -74.066981234999957, 4.637117218000071 ], [ -74.067785896999965, 4.632647230000032 ] ], [ [ -74.067839540999955, 4.632444048000025 ], [ -74.068612017999953, 4.628155826000068 ] ], [ [ -74.068649568999945, 4.627877786000056 ], [ -74.069529332999934, 4.623044146000041 ] ], [ [ -74.069550790999983, 4.622723328000063 ], [ -74.069700993999959, 4.622038916000065 ], [ -74.069937028999959, 4.621247564000043 ], [ -74.070323266999935, 4.620456210000043 ] ], [ [ -74.074341047999951, 4.61265742300003 ], [ -74.076282967999987, 4.608893095000042 ] ], [ [ -74.076433170999962, 4.60870060000002 ], [ -74.079844940999976, 4.603856135000058 ] ], [ [ -74.080038059999936, 4.603631557000028 ], [ -74.082462776999989, 4.600198703000046 ], [ -74.082881201999953, 4.599621212000045 ], [ -74.084672917999967, 4.597236383000052 ] ], [ [ -74.084866036999983, 4.597001108000029 ], [ -74.086486090999983, 4.594915712000045 ], [ -74.08748387299994, 4.593717943000058 ], [ -74.088460196999961, 4.592498784000043 ], [ -74.088824976999945, 4.59210309100007 ], [ -74.089018095999961, 4.592006842000046 ] ], [ [ -74.089200485999982, 4.591915939000046 ], [ -74.089629639999941, 4.591723440000067 ], [ -74.090509403999988, 4.590632610000057 ], [ -74.093813885999964, 4.586525942000037 ], [ -74.093803156999968, 4.586525942000037 ], [ -74.094468344999939, 4.585841495000068 ] ], [ [ -74.094623912999964, 4.585734550000041 ], [ -74.095203269999956, 4.58537093800004 ], [ -74.096083034999936, 4.584953852000069 ], [ -74.096887696999943, 4.584600933000047 ], [ -74.098218072999941, 4.583852317000037 ], [ -74.099323142999935, 4.583167868000032 ], [ -74.10246669199995, 4.58134979600004 ] ], [ [ -74.102850036999939, 4.581327504000058 ], [ -74.105982856999958, 4.579766097000061 ], [ -74.107120112999951, 4.579274146000046 ], [ -74.107914046999952, 4.578889140000058 ], [ -74.109051303999934, 4.57850413500006 ], [ -74.11248453099995, 4.577498842000068 ], [ -74.114501551999979, 4.57692133300003 ], [ -74.115917758999956, 4.576664662000042 ], [ -74.117784575999963, 4.576429380000036 ], [ -74.119565562999981, 4.576129930000036 ], [ -74.121196345999977, 4.575723534000076 ], [ -74.122784213999978, 4.575274359000048 ], [ -74.123578147999979, 4.574632680000036 ], [ -74.123857097999974, 4.573969611000052 ], [ -74.124500827999952, 4.57217290400007 ], [ -74.125616626999943, 4.569221163000066 ] ] ] } },
{ "type": "Feature", "properties": { "camera_id": "DEI-021/CAM-02", "segment_id": "1000269", "distance_m": 2.959, "install_date": "2020-01-20T00:00:00", "accidents_pre": 350, "accidents_post": 921, "speed_pre_kph": 29.366, "speed_post_kph": 30.756, "n_pre_obs": 32469.0, "n_post_obs": 29318.0 }, "geometry": { "type": "MultiLineString", "coordinates": [ [ [ -74.064814009999964, 4.649521822000054 ], [ -74.065404095999952, 4.646142658000031 ], [ -74.065747417999944, 4.644185730000061 ] ] ] } },
{ "type": "Feature", "properties": { "camera_id": "DEI-021/CAM-02", "segment_id": "39", "distance_m": 36.084, "install_date": "2020-01-20T00:00:00", "accidents_pre": 350, "accidents_post": 921, "speed_pre_kph": 20.849, "speed_post_kph": 20.729, "n_pre_obs": 33503.0, "n_post_obs": 28348.0 }, "geometry": { "type": "MultiLineString", "coordinates": [ [ [ -74.125402049999934, 4.569028657000047 ], [ -74.124522284999955, 4.570932319000065 ], [ -74.124007300999949, 4.572237072000064 ], [ -74.123427943999957, 4.574055168000029 ], [ -74.122891501999959, 4.574632680000036 ], [ -74.122290686999975, 4.57501768700007 ], [ -74.121131972999933, 4.575274359000048 ], [ -74.119243697999934, 4.575766312000042 ], [ -74.11864288299995, 4.57591603700007 ], [ -74.117162303999976, 4.576108541000053 ], [ -74.114952163999988, 4.576493547000041 ], [ -74.112978057999953, 4.577006889000074 ], [ -74.110896663999938, 4.577627177000068 ], [ -74.107849673999965, 4.57850413500006 ], [ -74.107034282999962, 4.578846362000036 ], [ -74.105811194999944, 4.579445259000067 ], [ -74.102377967999985, 4.581092223000041 ], [ -74.102399424999987, 4.581092223000041 ] ], [ [ -74.102273572999934, 4.581258892000051 ], [ -74.100310195999953, 4.582317652000029 ], [ -74.09856139599998, 4.583322939000027 ], [ -74.097359765999954, 4.584071555000037 ], [ -74.096093763999988, 4.584702531000062 ], [ -74.095557321999934, 4.584916421000059 ], [ -74.09481703199998, 4.585301423000033 ], [ -74.094479073999935, 4.585579480000035 ] ], [ [ -74.094361056999958, 4.585675731000038 ], [ -74.094028462999972, 4.585969829000021 ], [ -74.09326671499997, 4.586830735000035 ], [ -74.092199195999967, 4.588172890000067 ], [ -74.091024387999937, 4.589616640000031 ], [ -74.089506257999972, 4.591488163000065 ], [ -74.089345325999943, 4.591605802000061 ], [ -74.088937629999975, 4.59179830100004 ] ], [ [ -74.088771332999954, 4.591889203000051 ], [ -74.088492382999959, 4.592092397000044 ], [ -74.087365854999973, 4.593482667000046 ], [ -74.08460854499998, 4.596926247000056 ] ], [ [ -74.084469069999955, 4.597108051000021 ], [ -74.082913387999952, 4.599129275000053 ], [ -74.081250418999957, 4.601482015000045 ], [ -74.079866398999968, 4.603439061000074 ] ], [ [ -74.079641092999964, 4.603738499000031 ], [ -74.076197136999951, 4.608561576000056 ] ], [ [ -74.076100577999966, 4.608732683000028 ], [ -74.074137200999985, 4.612464930000044 ] ], [ [ -74.070130147999976, 4.620306495000023 ], [ -74.069700993999959, 4.621311727000034 ], [ -74.069464959999948, 4.622060304000058 ], [ -74.069336213999975, 4.622659165000073 ] ], [ [ -74.069357671999967, 4.62289443100002 ], [ -74.068434991999936, 4.627685297000028 ] ], [ [ -74.068386711999949, 4.627941949000046 ], [ -74.06756059199995, 4.632433355000046 ] ], [ [ -74.067528404999962, 4.632593761000066 ], [ -74.067077793999943, 4.634978472000057 ], [ -74.066348232999985, 4.639063472000032 ], [ -74.066155113999969, 4.64031463300006 ] ], [ [ -74.066094428999975, 4.640453316000048 ], [ -74.065493613999934, 4.643896669000071 ] ], [ [ -74.065511383999933, 4.644164343000057 ], [ -74.064953485, 4.646998144000065 ], [ -74.064502872999981, 4.649511128000029 ] ], [ [ -74.064505555999972, 4.649631430000056 ], [ -74.063998617999971, 4.652168465000045 ], [ -74.063883282999939, 4.652679079000052 ], [ -74.063746489999971, 4.653152266000063 ], [ -74.063598968999941, 4.653523864000022 ], [ -74.063365616999988, 4.653964969000072 ] ], [ [ -74.063295878999952, 4.654077251000047 ], [ -74.062459029999957, 4.655585027000029 ], [ -74.062373198999978, 4.655756122000071 ], [ -74.061772384999983, 4.659199399000045 ] ], [ [ -74.061765762999983, 4.659425715000054 ], [ -74.061756039999977, 4.659488873000043 ], [ -74.061733240999956, 4.659645263000073 ], [ -74.061712453999974, 4.659782272000029 ], [ -74.061655791999954, 4.660154869000053 ], [ -74.061553532999937, 4.660710924000057 ], [ -74.061501900999986, 4.660995969000055 ], [ -74.061457308999934, 4.661244255000042 ], [ -74.06143450999997, 4.661364221000042 ], [ -74.061412716999939, 4.661482851000073 ], [ -74.061368795999954, 4.661722114000042 ], [ -74.061344236999958, 4.661865722000073 ], [ -74.06116293599996, 4.662901054000031 ], [ -74.061113650999971, 4.663148672000034 ], [ -74.061058665999951, 4.663427366000064 ], [ -74.061026813999945, 4.663594115000024 ], [ -74.060997644999986, 4.663738475000059 ], [ -74.060939977999965, 4.664030536000041 ], [ -74.060916172999953, 4.664131120000036 ], [ -74.060896391999961, 4.664215998000032 ], [ -74.060869234999984, 4.664298871000028 ], [ -74.060709307999957, 4.664752668000062 ], [ -74.060671085999957, 4.664968205000037 ], [ -74.060629846999973, 4.665189088000034 ], [ -74.060582908999947, 4.665454750000038 ], [ -74.060556211999938, 4.665625299000055 ] ] ] } },
{ "type": "Feature", "properties": { "camera_id": "DEI-021/CAM-02", "segment_id": "1001305", "distance_m": 36.084, "install_date": "2020-01-20T00:00:00", "accidents_pre": 350, "accidents_post": 921, "speed_pre_kph": 27.005, "speed_post_kph": 27.573, "n_pre_obs": 31830.0, "n_post_obs": 28576.0 }, "geometry": { "type": "MultiLineString", "coordinates": [ [ [ -74.065511383999933, 4.644164343000057 ], [ -74.064953485, 4.646998144000065 ], [ -74.064502872999981, 4.649511128000029 ] ] ] } },
{ "type": "Feature", "properties": { "camera_id": "DEI-022/CAM-01", "segment_id": "142", "distance_m": 14.095, "install_date": "2020-01-20T00:00:00", "accidents_pre": 486, "accidents_post": 953, "speed_pre_kph": 40.638, "speed_post_kph": 42.552, "n_pre_obs": 33386.0, "n_post_obs": 29926.0 }, "geometry": { "type": "MultiLineString", "coordinates": [ [ [ -74.044933308999987, 4.76340648300004 ], [ -74.045920361999947, 4.758317177000038 ], [ -74.046692837999956, 4.75463916800004 ], [ -74.046950329999959, 4.75378381400003 ], [ -74.046821583999986, 4.75220140700003 ], [ -74.047508228999959, 4.748181220000049 ] ], [ [ -74.04742239899997, 4.748181220000049 ], [ -74.048151959999984, 4.74356225400004 ] ], [ [ -74.048237789999973, 4.743519485000036 ], [ -74.050168980999956, 4.731843626000057 ] ], [ [ -74.050254810999945, 4.731715319000045 ], [ -74.051842678999947, 4.722092209000039 ] ], [ [ -74.051713932999974, 4.722006669000052 ], [ -74.052786816999969, 4.71533456700007 ] ], [ [ -74.053087223999967, 4.715206256000045 ], [ -74.054546345999938, 4.70571122900003 ] ], [ [ -74.054718006999963, 4.705197980000037 ], [ -74.055747975999964, 4.698953428000038 ] ], [ [ -74.055919636999988, 4.698354632000076 ], [ -74.058065403999933, 4.684838822000074 ] ], [ [ -74.058065403999933, 4.684432488000027 ], [ -74.059224117999975, 4.676776260000054 ] ], [ [ -74.059395779999988, 4.676434080000035 ], [ -74.060511578999979, 4.669847087000051 ] ], [ [ -74.060465980999936, 4.669671652000034 ], [ -74.06052968399996, 4.669333144000063 ], [ -74.060600091999959, 4.668981604000066 ], [ -74.060655746999942, 4.668700238000042 ], [ -74.060621548999961, 4.668478020000066 ], [ -74.060580309999978, 4.668220713000039 ], [ -74.060655076999979, 4.667812699000024 ], [ -74.060680557999945, 4.667708774000062 ], [ -74.060702015999937, 4.66760885900004 ], [ -74.060734201999935, 4.667424400000073 ], [ -74.060766723999961, 4.667243952000035 ], [ -74.06080293399998, 4.66706918400007 ], [ -74.060864288999937, 4.666796839000028 ], [ -74.060893122999971, 4.666698261000022 ], [ -74.060926650999988, 4.666520485000035 ], [ -74.060993034999967, 4.666216395000049 ], [ -74.061037626999962, 4.666009547000044 ], [ -74.061045002999947, 4.665919323000026 ], [ -74.061055731999943, 4.665847143000065 ] ] ] } },
{ "type": "Feature", "properties": { "camera_id": "DEI-022/CAM-01", "segment_id": "1002025", "distance_m": 14.095, "install_date": "2020-01-20T00:00:00", "accidents_pre": 486, "accidents_post": 953, "speed_pre_kph": 49.122, "speed_post_kph": 50.453, "n_pre_obs": 33240.0, "n_post_obs": 30626.0 }, "geometry": { "type": "MultiLineString", "coordinates": [ [ [ -74.044933308999987, 4.76340648300004 ], [ -74.045920361999947, 4.758317177000038 ], [ -74.046692837999956, 4.75463916800004 ], [ -74.046950329999959, 4.75378381400003 ], [ -74.046821583999986, 4.75220140700003 ], [ -74.047508228999959, 4.748181220000049 ] ] ] } },
{ "type": "Feature", "properties": { "camera_id": "DEI-022/CAM-01", "segment_id": "141", "distance_m": 57.562, "install_date": "2020-01-20T00:00:00", "accidents_pre": 486, "accidents_post": 953, "speed_pre_kph": 39.925, "speed_post_kph": 40.92, "n_pre_obs": 32405.0, "n_post_obs": 27554.0 }, "geometry": { "type": "MultiLineString", "coordinates": [ [ [ -74.060526162999963, 4.66572300100006 ], [ -74.06049481499997, 4.665904285000067 ], [ -74.060430441999983, 4.666201692000072 ], [ -74.060416359999977, 4.66627554300004 ], [ -74.060411330999955, 4.666319652000027 ], [ -74.060399260999986, 4.666436610000062 ], [ -74.060369421999951, 4.66658297400005 ], [ -74.060331199999951, 4.666774450000048 ], [ -74.060259115999941, 4.667133343000046 ], [ -74.060239334999949, 4.667235597000058 ], [ -74.060218211999938, 4.667340859000035 ], [ -74.060187366999969, 4.667500590000031 ], [ -74.060115617999941, 4.667861821000031 ], [ -74.060074042999986, 4.668071676000068 ], [ -74.060019728999976, 4.668255466000062 ], [ -74.059915122999939, 4.668628059000071 ], [ -74.059860807999939, 4.668998312000042 ], [ -74.059798445999945, 4.669420695000042 ] ], [ [ -74.05961035699994, 4.669590450000044 ], [ -74.058580387999939, 4.676305763000073 ] ], [ [ -74.058580387999939, 4.676476852000064 ], [ -74.057250012999987, 4.684346944000026 ] ], [ [ -74.057207096999946, 4.684325558000069 ], [ -74.054803837999941, 4.697841378000021 ] ], [ [ -74.054803837999941, 4.698269090000053 ], [ -74.053773869999986, 4.70485581500003 ] ], [ [ -74.053688038999951, 4.705026898000028 ], [ -74.052057255999955, 4.715035176000072 ] ], [ [ -74.051885594999987, 4.715035176000072 ], [ -74.05076979599994, 4.721835590000069 ] ], [ [ -74.05089854199997, 4.721750051000072 ], [ -74.049267758999974, 4.731373166000026 ] ], [ [ -74.049310673999969, 4.73154424300003 ], [ -74.04742239899997, 4.743262875000028 ] ], [ [ -74.047336567999935, 4.743305644000031 ], [ -74.046564091999983, 4.74775353900003 ] ], [ [ -74.046564091999983, 4.748010148000049 ], [ -74.04630659999998, 4.749421493000057 ], [ -74.046435345999953, 4.750747299000068 ], [ -74.046092022999972, 4.75220140700003 ], [ -74.045448292999936, 4.754938541000058 ], [ -74.04506205499996, 4.75759013000004 ], [ -74.044718731999978, 4.759600199000033 ], [ -74.04394625599997, 4.763320949000047 ] ] ] } },
{ "type": "Feature", "properties": { "camera_id": "DEI-022/CAM-01", "segment_id": "1002024", "distance_m": 57.562, "install_date": "2020-01-20T00:00:00", "accidents_pre": 486, "accidents_post": 953, "speed_pre_kph": 50.725, "speed_post_kph": 55.064, "n_pre_obs": 28014.0, "n_post_obs": 28129.0 }, "geometry": { "type": "MultiLineString", "coordinates": [ [ [ -74.046564091999983, 4.748010148000049 ], [ -74.04630659999998, 4.749421493000057 ], [ -74.046435345999953, 4.750747299000068 ], [ -74.046092022999972, 4.75220140700003 ], [ -74.045448292999936, 4.754938541000058 ], [ -74.04506205499996, 4.75759013000004 ], [ -74.044718731999978, 4.759600199000033 ], [ -74.04394625599997, 4.763320949000047 ] ] ] } },
{ "type": "Feature", "properties": { "camera_id": "DEI-022/CAM-02", "segment_id": "142", "distance_m": 14.095, "install_date": "2020-01-20T00:00:00", "accidents_pre": 486, "accidents_post": 953, "speed_pre_kph": 40.638, "speed_post_kph": 42.552, "n_pre_obs": 33386.0, "n_post_obs": 29926.0 }, "geometry": { "type": "MultiLineString", "coordinates": [ [ [ -74.044933308999987, 4.76340648300004 ], [ -74.045920361999947, 4.758317177000038 ], [ -74.046692837999956, 4.75463916800004 ], [ -74.046950329999959, 4.75378381400003 ], [ -74.046821583999986, 4.75220140700003 ], [ -74.047508228999959, 4.748181220000049 ] ], [ [ -74.04742239899997, 4.748181220000049 ], [ -74.048151959999984, 4.74356225400004 ] ], [ [ -74.048237789999973, 4.743519485000036 ], [ -74.050168980999956, 4.731843626000057 ] ], [ [ -74.050254810999945, 4.731715319000045 ], [ -74.051842678999947, 4.722092209000039 ] ], [ [ -74.051713932999974, 4.722006669000052 ], [ -74.052786816999969, 4.71533456700007 ] ], [ [ -74.053087223999967, 4.715206256000045 ], [ -74.054546345999938, 4.70571122900003 ] ], [ [ -74.054718006999963, 4.705197980000037 ], [ -74.055747975999964, 4.698953428000038 ] ], [ [ -74.055919636999988, 4.698354632000076 ], [ -74.058065403999933, 4.684838822000074 ] ], [ [ -74.058065403999933, 4.684432488000027 ], [ -74.059224117999975, 4.676776260000054 ] ], [ [ -74.059395779999988, 4.676434080000035 ], [ -74.060511578999979, 4.669847087000051 ] ], [ [ -74.060465980999936, 4.669671652000034 ], [ -74.06052968399996, 4.669333144000063 ], [ -74.060600091999959, 4.668981604000066 ], [ -74.060655746999942, 4.668700238000042 ], [ -74.060621548999961, 4.668478020000066 ], [ -74.060580309999978, 4.668220713000039 ], [ -74.060655076999979, 4.667812699000024 ], [ -74.060680557999945, 4.667708774000062 ], [ -74.060702015999937, 4.66760885900004 ], [ -74.060734201999935, 4.667424400000073 ], [ -74.060766723999961, 4.667243952000035 ], [ -74.06080293399998, 4.66706918400007 ], [ -74.060864288999937, 4.666796839000028 ], [ -74.060893122999971, 4.666698261000022 ], [ -74.060926650999988, 4.666520485000035 ], [ -74.060993034999967, 4.666216395000049 ], [ -74.061037626999962, 4.666009547000044 ], [ -74.061045002999947, 4.665919323000026 ], [ -74.061055731999943, 4.665847143000065 ] ] ] } },
{ "type": "Feature", "properties": { "camera_id": "DEI-022/CAM-02", "segment_id": "1002025", "distance_m": 14.095, "install_date": "2020-01-20T00:00:00", "accidents_pre": 486, "accidents_post": 953, "speed_pre_kph": 49.122, "speed_post_kph": 50.453, "n_pre_obs": 33240.0, "n_post_obs": 30626.0 }, "geometry": { "type": "MultiLineString", "coordinates": [ [ [ -74.044933308999987, 4.76340648300004 ], [ -74.045920361999947, 4.758317177000038 ], [ -74.046692837999956, 4.75463916800004 ], [ -74.046950329999959, 4.75378381400003 ], [ -74.046821583999986, 4.75220140700003 ], [ -74.047508228999959, 4.748181220000049 ] ] ] } },
{ "type": "Feature", "properties": { "camera_id": "DEI-022/CAM-02", "segment_id": "141", "distance_m": 57.562, "install_date": "2020-01-20T00:00:00", "accidents_pre": 486, "accidents_post": 953, "speed_pre_kph": 39.925, "speed_post_kph": 40.92, "n_pre_obs": 32405.0, "n_post_obs": 27554.0 }, "geometry": { "type": "MultiLineString", "coordinates": [ [ [ -74.060526162999963, 4.66572300100006 ], [ -74.06049481499997, 4.665904285000067 ], [ -74.060430441999983, 4.666201692000072 ], [ -74.060416359999977, 4.66627554300004 ], [ -74.060411330999955, 4.666319652000027 ], [ -74.060399260999986, 4.666436610000062 ], [ -74.060369421999951, 4.66658297400005 ], [ -74.060331199999951, 4.666774450000048 ], [ -74.060259115999941, 4.667133343000046 ], [ -74.060239334999949, 4.667235597000058 ], [ -74.060218211999938, 4.667340859000035 ], [ -74.060187366999969, 4.667500590000031 ], [ -74.060115617999941, 4.667861821000031 ], [ -74.060074042999986, 4.668071676000068 ], [ -74.060019728999976, 4.668255466000062 ], [ -74.059915122999939, 4.668628059000071 ], [ -74.059860807999939, 4.668998312000042 ], [ -74.059798445999945, 4.669420695000042 ] ], [ [ -74.05961035699994, 4.669590450000044 ], [ -74.058580387999939, 4.676305763000073 ] ], [ [ -74.058580387999939, 4.676476852000064 ], [ -74.057250012999987, 4.684346944000026 ] ], [ [ -74.057207096999946, 4.684325558000069 ], [ -74.054803837999941, 4.697841378000021 ] ], [ [ -74.054803837999941, 4.698269090000053 ], [ -74.053773869999986, 4.70485581500003 ] ], [ [ -74.053688038999951, 4.705026898000028 ], [ -74.052057255999955, 4.715035176000072 ] ], [ [ -74.051885594999987, 4.715035176000072 ], [ -74.05076979599994, 4.721835590000069 ] ], [ [ -74.05089854199997, 4.721750051000072 ], [ -74.049267758999974, 4.731373166000026 ] ], [ [ -74.049310673999969, 4.73154424300003 ], [ -74.04742239899997, 4.743262875000028 ] ], [ [ -74.047336567999935, 4.743305644000031 ], [ -74.046564091999983, 4.74775353900003 ] ], [ [ -74.046564091999983, 4.748010148000049 ], [ -74.04630659999998, 4.749421493000057 ], [ -74.046435345999953, 4.750747299000068 ], [ -74.046092022999972, 4.75220140700003 ], [ -74.045448292999936, 4.754938541000058 ], [ -74.04506205499996, 4.75759013000004 ], [ -74.044718731999978, 4.759600199000033 ], [ -74.04394625599997, 4.763320949000047 ] ] ] } },
{ "type": "Feature", "properties": { "camera_id": "DEI-022/CAM-02", "segment_id": "1002024", "distance_m": 57.562, "install_date": "2020-01-20T00:00:00", "accidents_pre": 486, "accidents_post": 953, "speed_pre_kph": 50.725, "speed_post_kph": 55.064, "n_pre_obs": 28014.0, "n_post_obs": 28129.0 }, "geometry": { "type": "MultiLineString", "coordinates": [ [ [ -74.046564091999983, 4.748010148000049 ], [ -74.04630659999998, 4.749421493000057 ], [ -74.046435345999953, 4.750747299000068 ], [ -74.046092022999972, 4.75220140700003 ], [ -74.045448292999936, 4.754938541000058 ], [ -74.04506205499996, 4.75759013000004 ], [ -74.044718731999978, 4.759600199000033 ], [ -74.04394625599997, 4.763320949000047 ] ] ] } },
{ "type": "Feature", "properties": { "camera_id": "DEI-022/CAM-03", "segment_id": "141", "distance_m": 6.241, "install_date": "2020-01-20T00:00:00", "accidents_pre": 303, "accidents_post": 537, "speed_pre_kph": 39.925, "speed_post_kph": 40.92, "n_pre_obs": 32405.0, "n_post_obs": 27554.0 }, "geometry": { "type": "MultiLineString", "coordinates": [ [ [ -74.060526162999963, 4.66572300100006 ], [ -74.06049481499997, 4.665904285000067 ], [ -74.060430441999983, 4.666201692000072 ], [ -74.060416359999977, 4.66627554300004 ], [ -74.060411330999955, 4.666319652000027 ], [ -74.060399260999986, 4.666436610000062 ], [ -74.060369421999951, 4.66658297400005 ], [ -74.060331199999951, 4.666774450000048 ], [ -74.060259115999941, 4.667133343000046 ], [ -74.060239334999949, 4.667235597000058 ], [ -74.060218211999938, 4.667340859000035 ], [ -74.060187366999969, 4.667500590000031 ], [ -74.060115617999941, 4.667861821000031 ], [ -74.060074042999986, 4.668071676000068 ], [ -74.060019728999976, 4.668255466000062 ], [ -74.059915122999939, 4.668628059000071 ], [ -74.059860807999939, 4.668998312000042 ], [ -74.059798445999945, 4.669420695000042 ] ], [ [ -74.05961035699994, 4.669590450000044 ], [ -74.058580387999939, 4.676305763000073 ] ], [ [ -74.058580387999939, 4.676476852000064 ], [ -74.057250012999987, 4.684346944000026 ] ], [ [ -74.057207096999946, 4.684325558000069 ], [ -74.054803837999941, 4.697841378000021 ] ], [ [ -74.054803837999941, 4.698269090000053 ], [ -74.053773869999986, 4.70485581500003 ] ], [ [ -74.053688038999951, 4.705026898000028 ], [ -74.052057255999955, 4.715035176000072 ] ], [ [ -74.051885594999987, 4.715035176000072 ], [ -74.05076979599994, 4.721835590000069 ] ], [ [ -74.05089854199997, 4.721750051000072 ], [ -74.049267758999974, 4.731373166000026 ] ], [ [ -74.049310673999969, 4.73154424300003 ], [ -74.04742239899997, 4.743262875000028 ] ], [ [ -74.047336567999935, 4.743305644000031 ], [ -74.046564091999983, 4.74775353900003 ] ], [ [ -74.046564091999983, 4.748010148000049 ], [ -74.04630659999998, 4.749421493000057 ], [ -74.046435345999953, 4.750747299000068 ], [ -74.046092022999972, 4.75220140700003 ], [ -74.045448292999936, 4.754938541000058 ], [ -74.04506205499996, 4.75759013000004 ], [ -74.044718731999978, 4.759600199000033 ], [ -74.04394625599997, 4.763320949000047 ] ] ] } },
{ "type": "Feature", "properties": { "camera_id": "DEI-022/CAM-03", "segment_id": "1002024", "distance_m": 6.241, "install_date": "2020-01-20T00:00:00", "accidents_pre": 303, "accidents_post": 537, "speed_pre_kph": 50.725, "speed_post_kph": 55.064, "n_pre_obs": 28014.0, "n_post_obs": 28129.0 }, "geometry": { "type": "MultiLineString", "coordinates": [ [ [ -74.046564091999983, 4.748010148000049 ], [ -74.04630659999998, 4.749421493000057 ], [ -74.046435345999953, 4.750747299000068 ], [ -74.046092022999972, 4.75220140700003 ], [ -74.045448292999936, 4.754938541000058 ], [ -74.04506205499996, 4.75759013000004 ], [ -74.044718731999978, 4.759600199000033 ], [ -74.04394625599997, 4.763320949000047 ] ] ] } },
{ "type": "Feature", "properties": { "camera_id": "DEI-022/CAM-04", "segment_id": "141", "distance_m": 6.241, "install_date": "2020-01-20T00:00:00", "accidents_pre": 303, "accidents_post": 537, "speed_pre_kph": 39.925, "speed_post_kph": 40.92, "n_pre_obs": 32405.0, "n_post_obs": 27554.0 }, "geometry": { "type": "MultiLineString", "coordinates": [ [ [ -74.060526162999963, 4.66572300100006 ], [ -74.06049481499997, 4.665904285000067 ], [ -74.060430441999983, 4.666201692000072 ], [ -74.060416359999977, 4.66627554300004 ], [ -74.060411330999955, 4.666319652000027 ], [ -74.060399260999986, 4.666436610000062 ], [ -74.060369421999951, 4.66658297400005 ], [ -74.060331199999951, 4.666774450000048 ], [ -74.060259115999941, 4.667133343000046 ], [ -74.060239334999949, 4.667235597000058 ], [ -74.060218211999938, 4.667340859000035 ], [ -74.060187366999969, 4.667500590000031 ], [ -74.060115617999941, 4.667861821000031 ], [ -74.060074042999986, 4.668071676000068 ], [ -74.060019728999976, 4.668255466000062 ], [ -74.059915122999939, 4.668628059000071 ], [ -74.059860807999939, 4.668998312000042 ], [ -74.059798445999945, 4.669420695000042 ] ], [ [ -74.05961035699994, 4.669590450000044 ], [ -74.058580387999939, 4.676305763000073 ] ], [ [ -74.058580387999939, 4.676476852000064 ], [ -74.057250012999987, 4.684346944000026 ] ], [ [ -74.057207096999946, 4.684325558000069 ], [ -74.054803837999941, 4.697841378000021 ] ], [ [ -74.054803837999941, 4.698269090000053 ], [ -74.053773869999986, 4.70485581500003 ] ], [ [ -74.053688038999951, 4.705026898000028 ], [ -74.052057255999955, 4.715035176000072 ] ], [ [ -74.051885594999987, 4.715035176000072 ], [ -74.05076979599994, 4.721835590000069 ] ], [ [ -74.05089854199997, 4.721750051000072 ], [ -74.049267758999974, 4.731373166000026 ] ], [ [ -74.049310673999969, 4.73154424300003 ], [ -74.04742239899997, 4.743262875000028 ] ], [ [ -74.047336567999935, 4.743305644000031 ], [ -74.046564091999983, 4.74775353900003 ] ], [ [ -74.046564091999983, 4.748010148000049 ], [ -74.04630659999998, 4.749421493000057 ], [ -74.046435345999953, 4.750747299000068 ], [ -74.046092022999972, 4.75220140700003 ], [ -74.045448292999936, 4.754938541000058 ], [ -74.04506205499996, 4.75759013000004 ], [ -74.044718731999978, 4.759600199000033 ], [ -74.04394625599997, 4.763320949000047 ] ] ] } },
{ "type": "Feature", "properties": { "camera_id": "DEI-022/CAM-04", "segment_id": "1002024", "distance_m": 6.241, "install_date": "2020-01-20T00:00:00", "accidents_pre": 303, "accidents_post": 537, "speed_pre_kph": 50.725, "speed_post_kph": 55.064, "n_pre_obs": 28014.0, "n_post_obs": 28129.0 }, "geometry": { "type": "MultiLineString", "coordinates": [ [ [ -74.046564091999983, 4.748010148000049 ], [ -74.04630659999998, 4.749421493000057 ], [ -74.046435345999953, 4.750747299000068 ], [ -74.046092022999972, 4.75220140700003 ], [ -74.045448292999936, 4.754938541000058 ], [ -74.04506205499996, 4.75759013000004 ], [ -74.044718731999978, 4.759600199000033 ], [ -74.04394625599997, 4.763320949000047 ] ] ] } },
{ "type": "Feature", "properties": { "camera_id": "DEI-023/CAM-01", "segment_id": "35", "distance_m": 34.015, "install_date": "2020-01-20T00:00:00", "accidents_pre": 1732, "accidents_post": 3569, "speed_pre_kph": 28.106, "speed_post_kph": 32.229, "n_pre_obs": 33352.0, "n_post_obs": 29115.0 }, "geometry": { "type": "MultiLineString", "coordinates": [ [ [ -74.065944118999937, 4.760351180000043 ], [ -74.066190881999944, 4.759966274000021 ], [ -74.066255254999987, 4.759656211000049 ], [ -74.066394729999956, 4.759014701000069 ], [ -74.066416187999948, 4.758672561000026 ], [ -74.066233797999985, 4.757977590000053 ], [ -74.065901203999942, 4.756534187000057 ], [ -74.065729541999985, 4.755497074000061 ] ], [ [ -74.065731156999959, 4.755366218000063 ], [ -74.065216172999953, 4.751581273000056 ], [ -74.065065969999978, 4.749528413000064 ], [ -74.064958680999951, 4.748223988000063 ], [ -74.064980138999942, 4.747261706000074 ] ], [ [ -74.064964045999943, 4.747189535000075 ], [ -74.065071333999981, 4.745842338000045 ], [ -74.06515716499996, 4.744986973000039 ], [ -74.065178621999962, 4.744131607000043 ], [ -74.065242994999949, 4.743201396000075 ], [ -74.065267134999942, 4.742546505000064 ] ], [ [ -74.06537442399997, 4.742485025000065 ], [ -74.065524626999945, 4.74141581400005 ], [ -74.06603961199994, 4.738614473000041 ], [ -74.066812087999949, 4.735150203000046 ], [ -74.06736998699995, 4.733204216000047 ], [ -74.068743277999943, 4.729889611000033 ] ], [ [ -74.068882752999968, 4.729579535000028 ], [ -74.069483567999953, 4.728553073000057 ], [ -74.070556450999959, 4.727184455000042 ], [ -74.071200181999984, 4.726329067000052 ] ], [ [ -74.071353067999951, 4.726077796000027 ], [ -74.074013818999958, 4.722870082000043 ], [ -74.075129617999949, 4.72107375500002 ], [ -74.075365651999959, 4.720154205000028 ], [ -74.075537313999973, 4.718657260000043 ], [ -74.075558770999976, 4.71848618100006 ], [ -74.076052297999979, 4.716540148000036 ], [ -74.076395620999961, 4.715684747000068 ], [ -74.077039350999939, 4.714636879000068 ], [ -74.078176606999989, 4.712776376000022 ], [ -74.078906167999946, 4.711749889000032 ], [ -74.079442609999944, 4.711129719000041 ], [ -74.080000508999944, 4.710210156000073 ] ], [ [ -74.080080975999977, 4.710076498000035 ], [ -74.081194091999976, 4.70805559300004 ], [ -74.081880737999938, 4.706606739000051 ], [ -74.081982661999973, 4.706013297000027 ], [ -74.081923652999933, 4.705521434000048 ], [ -74.081456948999971, 4.704077921000021 ], [ -74.081285287999947, 4.703548633000025 ], [ -74.081215549999968, 4.703153002000022 ], [ -74.081242371999963, 4.702618367000071 ], [ -74.081574965999948, 4.701404742000022 ], [ -74.081918288999987, 4.70006814900006 ], [ -74.082368899999949, 4.698309188000053 ], [ -74.082556654999962, 4.69788147600002 ], [ -74.082862425999963, 4.69755 ], [ -74.083441783999945, 4.697170405000065 ], [ -74.085850406999953, 4.696544876000075 ], [ -74.088301945999945, 4.695833804000074 ], [ -74.088870574999987, 4.695625293000035 ], [ -74.089439202999984, 4.695304509000039 ], [ -74.089750338999977, 4.695122730000037 ], [ -74.089954186999989, 4.694999763000055 ], [ -74.090442348999943, 4.694695017000072 ], [ -74.090748120999933, 4.694352846000072 ], [ -74.091289926999934, 4.693294253000033 ], [ -74.09180491099994, 4.692273084000021 ], [ -74.092448640999976, 4.691091520000043 ], [ -74.092588115999945, 4.690840237000032 ] ], [ [ -74.092765141999962, 4.690840237000032 ], [ -74.096992303999968, 4.684830802000022 ], [ -74.098816205999981, 4.682093391000024 ], [ -74.099438477999968, 4.681323492000047 ] ], [ [ -74.099599410999986, 4.681098938000048 ], [ -74.101509143999976, 4.678596760000062 ], [ -74.103161383999975, 4.676372595000032 ], [ -74.103762198999959, 4.675581303000058 ], [ -74.10386948699994, 4.675068033000059 ] ], [ [ -74.104244996999967, 4.674287433000075 ], [ -74.105081845999962, 4.673389207000071 ], [ -74.106873561999976, 4.671560674000034 ] ], [ [ -74.107187379999971, 4.671459088000063 ], [ -74.112251390999973, 4.666283563000036 ], [ -74.118559945999948, 4.658926551000036 ], [ -74.125683892999973, 4.650585660000047 ], [ -74.127057183999966, 4.649302437000074 ], [ -74.131177056999945, 4.646051596000063 ], [ -74.131777871999986, 4.645495529000073 ] ], [ [ -74.131946850999952, 4.645147988000076 ], [ -74.132740784999953, 4.644185563000065 ], [ -74.133813668999949, 4.64268845600003 ], [ -74.134993840999982, 4.641063022000026 ], [ -74.135852147999969, 4.639608683000063 ] ], [ [ -74.135959435999951, 4.639352035000059 ], [ -74.13651733599994, 4.638218503000076 ], [ -74.136882115999981, 4.63710635800004 ], [ -74.137289811999949, 4.635823110000047 ], [ -74.137611676999938, 4.633491872000036 ], [ -74.137869168999941, 4.631096463000063 ], [ -74.138362694999955, 4.62585647700007 ] ], [ [ -74.138427067999942, 4.625663987000053 ], [ -74.138684559999945, 4.623140224000053 ], [ -74.138942052999937, 4.621407806000036 ], [ -74.139521409999986, 4.618841252000038 ] ], [ [ -74.139735985999948, 4.618520432000025 ], [ -74.140487004999954, 4.615440554000031 ], [ -74.141152192999982, 4.612317886000028 ], [ -74.141259480999963, 4.611013205000063 ] ], [ [ -74.141345311999942, 4.610831406000045 ], [ -74.141624261999937, 4.608157872000049 ], [ -74.143791485999941, 4.602254674000051 ], [ -74.144113351999977, 4.601399134000076 ] ], [ [ -74.144185770999968, 4.60133229500002 ], [ -74.145258654999964, 4.598252342000023 ], [ -74.145430315999988, 4.597482352000043 ], [ -74.145559061999961, 4.596199033000062 ], [ -74.145559061999961, 4.59465904700005 ], [ -74.145559061999961, 4.589739626000039 ], [ -74.145301569999958, 4.588584627000046 ], [ -74.143670786999962, 4.584477947000039 ], [ -74.143499125999938, 4.583879054000022 ], [ -74.143263090999938, 4.582146540000053 ], [ -74.143027056999983, 4.581184030000031 ], [ -74.141761053999971, 4.578275104000056 ], [ -74.140301932999989, 4.575301998000043 ], [ -74.139679659999956, 4.573098897000023 ] ], [ [ -74.139778159999935, 4.572976314000073 ], [ -74.138876937999953, 4.569211776000031 ], [ -74.138576529999966, 4.567671732000065 ], [ -74.138662360999945, 4.566559476000066 ], [ -74.139520667999989, 4.560099802000025 ], [ -74.139477752999937, 4.559415329000046 ], [ -74.137031577999949, 4.552399451000042 ] ], [ [ -74.136935017999974, 4.552239026000052 ], [ -74.136666796999975, 4.551265781000041 ], [ -74.136677525999971, 4.550656166000067 ], [ -74.137299798999948, 4.548367429000052 ], [ -74.137342713999942, 4.547640166000065 ], [ -74.13726761199996, 4.546902206000027 ], [ -74.135229132999939, 4.543009190000021 ], [ -74.133812926999951, 4.540314013000057 ] ], [ [ -74.133668087999979, 4.540094762000024 ], [ -74.133131645999981, 4.539367490000075 ], [ -74.132015846999934, 4.53851187500004 ], [ -74.130857132999949, 4.537592088000054 ], [ -74.129719875999967, 4.536779251000041 ], [ -74.128968857999951, 4.536094757000058 ], [ -74.128432415999953, 4.535495824000066 ], [ -74.128024719999985, 4.534789938000074 ], [ -74.127724312999987, 4.533592069000065 ], [ -74.127295158999971, 4.530233747000068 ], [ -74.126908920999938, 4.527025145000039 ], [ -74.12660851399994, 4.525442229000021 ], [ -74.126157902999978, 4.524222954000038 ], [ -74.125170849999961, 4.523025067000049 ], [ -74.122939251999981, 4.520500943000059 ] ], [ [ -74.122856312999943, 4.520461668000053 ], [ -74.122212582999964, 4.518964302000029 ], [ -74.121998005999956, 4.51661129200005 ], [ -74.121869259999983, 4.515071136000074 ], [ -74.122212582999964, 4.513488194000047 ], [ -74.122384243999988, 4.512760895000042 ], [ -74.122083836999934, 4.511776902000065 ], [ -74.121096783999974, 4.510750124000026 ], [ -74.119208508999975, 4.510108388000049 ], [ -74.115946941999937, 4.508867695000049 ], [ -74.114359074999982, 4.507883697000068 ], [ -74.114101582999979, 4.507584218000034 ] ], [ [ -74.113980673999947, 4.507377494000025 ], [ -74.112929247999944, 4.506671581000035 ], [ -74.112328432999959, 4.506479059000071 ], [ -74.110418699999968, 4.506500450000033 ], [ -74.10672797999996, 4.506457667000063 ] ] ] } },
{ "type": "Feature", "properties": { "camera_id": "DEI-023/CAM-01", "segment_id": "1001875", "distance_m": 34.015, "install_date": "2020-01-20T00:00:00", "accidents_pre": 1732, "accidents_post": 3569, "speed_pre_kph": 35.404, "speed_post_kph": 38.235, "n_pre_obs": 33807.0, "n_post_obs": 30002.0 }, "geometry": { "type": "MultiLineString", "coordinates": [ [ [ -74.107187379999971, 4.671459088000063 ], [ -74.112251390999973, 4.666283563000036 ], [ -74.118559945999948, 4.658926551000036 ], [ -74.125683892999973, 4.650585660000047 ], [ -74.127057183999966, 4.649302437000074 ], [ -74.131177056999945, 4.646051596000063 ], [ -74.131777871999986, 4.645495529000073 ] ] ] } },
{ "type": "Feature", "properties": { "camera_id": "DEI-023/CAM-01", "segment_id": "36", "distance_m": 38.903, "install_date": "2020-01-20T00:00:00", "accidents_pre": 1732, "accidents_post": 3569, "speed_pre_kph": 25.632, "speed_post_kph": 31.095, "n_pre_obs": 33105.0, "n_post_obs": 28006.0 }, "geometry": { "type": "MultiLineString", "coordinates": [ [ [ -74.106749437999952, 4.506778537000059 ], [ -74.109410188999959, 4.506735755000022 ], [ -74.111706159999983, 4.506757146000041 ], [ -74.112543009999968, 4.506842711000047 ], [ -74.113015077999989, 4.507078016000037 ], [ -74.113873384999977, 4.507655581000051 ] ], [ [ -74.11390309899997, 4.50809761000005 ], [ -74.114434176999964, 4.50856821800005 ], [ -74.114997439999968, 4.508937217000039 ], [ -74.115753822999977, 4.509316912000031 ], [ -74.117406063999965, 4.509980040000073 ], [ -74.120560341999976, 4.511220731000037 ], [ -74.120984130999943, 4.511439990000042 ], [ -74.121332817999985, 4.511691337000059 ], [ -74.12155275899994, 4.511985466000056 ], [ -74.121692233999966, 4.512274246000061 ], [ -74.121745877999956, 4.512488158000053 ], [ -74.121761971999945, 4.512766243000044 ], [ -74.121660047999967, 4.513279630000056 ], [ -74.121338182999978, 4.51464866200007 ], [ -74.121311359999936, 4.515392002000056 ], [ -74.121563487999936, 4.517215588000056 ], [ -74.12178879399994, 4.518835956000032 ], [ -74.121976547999964, 4.519670204000022 ], [ -74.122330599999941, 4.520450973000038 ], [ -74.122518353999965, 4.520729055000061 ] ], [ [ -74.122467182999969, 4.520672070000046 ], [ -74.123389862999943, 4.521805788000052 ], [ -74.124484203999941, 4.523025067000049 ], [ -74.125557087999937, 4.524201563000076 ], [ -74.12594332599997, 4.524886069000047 ], [ -74.126200817999973, 4.52610534300004 ], [ -74.126715801999978, 4.530319310000039 ], [ -74.127273701999968, 4.534169613000074 ], [ -74.127745769999933, 4.535453043000075 ], [ -74.128260753999939, 4.536201709000068 ], [ -74.12909760399998, 4.536971765000033 ], [ -74.131930015999956, 4.539110806000053 ], [ -74.13265957699997, 4.539752516000021 ], [ -74.13321747699996, 4.540330056000073 ] ], [ [ -74.133300624999947, 4.540412943000035 ], [ -74.133847795999941, 4.541434331000062 ], [ -74.134411059999934, 4.542509193000058 ], [ -74.135607324999967, 4.544824686000027 ], [ -74.136572919999935, 4.546813972000052 ], [ -74.136787496999943, 4.547605407000049 ], [ -74.136680208999962, 4.548418231000028 ], [ -74.136229596999954, 4.55025777700007 ], [ -74.136122308999973, 4.551177548000055 ], [ -74.136229596999954, 4.551862028000073 ], [ -74.136508546999949, 4.552546507000045 ] ], [ [ -74.136473677999959, 4.552559876000032 ], [ -74.137439273999973, 4.555169448000072 ], [ -74.138404868999942, 4.558078468000076 ], [ -74.138876937999953, 4.559404634000032 ], [ -74.13894131099994, 4.559896599000069 ], [ -74.138791106999975, 4.561030255000048 ], [ -74.138254664999977, 4.564538160000041 ], [ -74.137975714999982, 4.566677119000076 ], [ -74.137975714999982, 4.567746596000063 ], [ -74.138190291999933, 4.568880239000066 ], [ -74.139284632999988, 4.573115345000076 ] ], [ [ -74.139327548999972, 4.573265070000048 ], [ -74.139756701999943, 4.575093858000059 ], [ -74.140250228999946, 4.576377215000036 ], [ -74.140786670999944, 4.577307647000055 ], [ -74.142514012999982, 4.581414368000026 ], [ -74.142717860999937, 4.582002569000053 ], [ -74.142835877999971, 4.582473128000061 ], [ -74.142910979999954, 4.583189662000052 ], [ -74.143061183999976, 4.584141475000024 ], [ -74.143275759999938, 4.584783145000074 ], [ -74.144284270999947, 4.587189405000061 ], [ -74.144938729999978, 4.58895399000005 ], [ -74.145035289999953, 4.589264129000071 ], [ -74.145110390999946, 4.589670518000048 ], [ -74.145088933999943, 4.590387044000067 ], [ -74.145164035999983, 4.592932312000073 ], [ -74.145185492999985, 4.593809251000039 ], [ -74.145174763999989, 4.59580909500005 ], [ -74.145185492999985, 4.596675336000033 ], [ -74.144820712999945, 4.598311566000064 ], [ -74.144531033999954, 4.599081556000044 ], [ -74.143780015999937, 4.601188328000035 ] ], [ [ -74.143705655999952, 4.601292192000074 ], [ -74.141774464999969, 4.606382640000049 ], [ -74.141216565999969, 4.607901212000058 ], [ -74.140851784999938, 4.611109452000051 ] ], [ [ -74.14081959899994, 4.611323335000066 ], [ -74.140347529999985, 4.614028939000036 ], [ -74.139660884999955, 4.617055353000069 ], [ -74.13932829099997, 4.618434880000052 ] ], [ [ -74.139221001999942, 4.618670148000035 ], [ -74.138427067999942, 4.62179278800005 ], [ -74.138191033999988, 4.624209617000076 ], [ -74.138062287999958, 4.625685375000046 ] ], [ [ -74.137997914999971, 4.625920640000061 ], [ -74.137547303999952, 4.630262345000062 ], [ -74.137075234999941, 4.634646798000063 ], [ -74.136688996999965, 4.636486122000065 ], [ -74.135916520999956, 4.638582089000067 ], [ -74.135551739999983, 4.639159548000066 ] ], [ [ -74.13553028299998, 4.639352035000059 ], [ -74.134028245999957, 4.641704641000047 ], [ -74.132740784999953, 4.643223138000053 ], [ -74.13160352899996, 4.644506372000023 ] ], [ [ -74.131391633999954, 4.644688163000069 ], [ -74.129675019999979, 4.646302895000076 ], [ -74.126338351999948, 4.648922817000027 ], [ -74.121746410999947, 4.654119857000069 ], [ -74.12018, 4.656033984000032 ], [ -74.111285794999958, 4.666395842000043 ], [ -74.10676895499995, 4.671026014000063 ] ], [ [ -74.106532920999939, 4.671245224000074 ], [ -74.105283011999973, 4.672485634000054 ], [ -74.10390972099998, 4.67397733100006 ], [ -74.10365759299998, 4.67450664200004 ] ], [ [ -74.103633452999986, 4.674661693000076 ], [ -74.102946807999956, 4.675880711000048 ], [ -74.101101447999952, 4.678382898000052 ], [ -74.09951357999995, 4.680500127000073 ], [ -74.099277545999939, 4.680799533000027 ] ], [ [ -74.099159527999973, 4.680949235000071 ], [ -74.098687459999951, 4.681526660000031 ], [ -74.094159890999947, 4.688006613000027 ], [ -74.092400361999978, 4.690615686000058 ] ], [ [ -74.092314530999943, 4.690808159000028 ], [ -74.091220189999945, 4.692882578000024 ], [ -74.09061937499996, 4.694016021000039 ], [ -74.090190220999943, 4.694486507000022 ], [ -74.089814711999963, 4.694817985000043 ], [ -74.089278269999966, 4.695181541000068 ], [ -74.088484336999954, 4.69556648300005 ], [ -74.087497283999937, 4.695833804000074 ], [ -74.084643412999981, 4.696646458000032 ], [ -74.083334494999974, 4.696967242000028 ], [ -74.08284096899996, 4.69715971200003 ], [ -74.082508374999975, 4.697405647000039 ], [ -74.082089949999954, 4.697918901000037 ], [ -74.081821728999955, 4.698688781000044 ], [ -74.081059981999942, 4.70182175900004 ], [ -74.080877591999979, 4.702794797000024 ], [ -74.080931235999969, 4.703243891000056 ], [ -74.081231642999967, 4.704131385000039 ], [ -74.081746627999962, 4.705660439000042 ], [ -74.081714440999974, 4.706184379000035 ], [ -74.081532050999954, 4.706793861000051 ], [ -74.080287505999934, 4.709263860000021 ], [ -74.080030013999988, 4.709627409000063 ] ], [ [ -74.07988785699996, 4.70989739700002 ], [ -74.079775203999986, 4.710143327000026 ], [ -74.079228032999936, 4.710950618000027 ], [ -74.078723777999983, 4.711618905000023 ], [ -74.078074682999954, 4.712383424000052 ], [ -74.077087629999937, 4.714120964000074 ], [ -74.076556552999989, 4.715072600000042 ], [ -74.076282967999987, 4.715323874000035 ], [ -74.07597719599994, 4.71596007900007 ], [ -74.075424660999943, 4.717895421000037 ], [ -74.075059879999969, 4.719440483000028 ], [ -74.074882854999942, 4.720033915000045 ], [ -74.074705828999981, 4.721151275000068 ], [ -74.074566353999955, 4.721525510000049 ], [ -74.07418011599998, 4.722263287000033 ], [ -74.072340119999978, 4.724391075000028 ], [ -74.071363795999957, 4.725545851000049 ], [ -74.071095575999948, 4.725877315000048 ] ], [ [ -74.070902455999942, 4.726108537000073 ], [ -74.070290912999951, 4.726899771000035 ], [ -74.069743741999957, 4.727562696000064 ], [ -74.069250215999944, 4.728343236000057 ], [ -74.068488467999941, 4.729551467000022 ] ], [ [ -74.068389226999955, 4.729771996000068 ], [ -74.067230511999981, 4.732509220000054 ], [ -74.066458035999972, 4.735075357000028 ], [ -74.065814305999936, 4.737898097000027 ], [ -74.065342236999982, 4.74016483500003 ], [ -74.064998913999943, 4.742260491000025 ] ], [ [ -74.065084744999979, 4.742482352000025 ], [ -74.064998913999943, 4.743399199000066 ], [ -74.064950634999946, 4.744214471000021 ], [ -74.06487016799997, 4.745842338000045 ], [ -74.064746786999933, 4.747152113000027 ] ], [ [ -74.064744104999988, 4.747240322000039 ], [ -74.064829934999977, 4.748865509000041 ], [ -74.065302003999989, 4.753334753000047 ], [ -74.065580953999984, 4.755430369000067 ] ], [ [ -74.065579338999953, 4.755497074000061 ], [ -74.065772457999969, 4.756812176000039 ], [ -74.065976305999982, 4.757763753000063 ], [ -74.066180152999948, 4.758587026000043 ], [ -74.066233797999985, 4.758939858000076 ], [ -74.066158695999945, 4.75942099100007 ], [ -74.065987033999988, 4.759987658000057 ], [ -74.065793914999972, 4.760244262000072 ] ] ] } },
{ "type": "Feature", "properties": { "camera_id": "DEI-023/CAM-01", "segment_id": "1001023", "distance_m": 38.903, "install_date": "2020-01-20T00:00:00", "accidents_pre": 1732, "accidents_post": 3569, "speed_pre_kph": 34.396, "speed_post_kph": 40.547, "n_pre_obs": 33922.0, "n_post_obs": 29138.0 }, "geometry": { "type": "MultiLineString", "coordinates": [ [ [ -74.131391633999954, 4.644688163000069 ], [ -74.129675019999979, 4.646302895000076 ], [ -74.126338351999948, 4.648922817000027 ], [ -74.121746410999947, 4.654119857000069 ], [ -74.12018, 4.656033984000032 ], [ -74.111285794999958, 4.666395842000043 ], [ -74.10676895499995, 4.671026014000063 ] ] ] } },
{ "type": "Feature", "properties": { "camera_id": "DEI-023/CAM-02", "segment_id": "36", "distance_m": 33.143, "install_date": "2020-01-20T00:00:00", "accidents_pre": 1732, "accidents_post": 3569, "speed_pre_kph": 25.632, "speed_post_kph": 31.095, "n_pre_obs": 33105.0, "n_post_obs": 28006.0 }, "geometry": { "type": "MultiLineString", "coordinates": [ [ [ -74.106749437999952, 4.506778537000059 ], [ -74.109410188999959, 4.506735755000022 ], [ -74.111706159999983, 4.506757146000041 ], [ -74.112543009999968, 4.506842711000047 ], [ -74.113015077999989, 4.507078016000037 ], [ -74.113873384999977, 4.507655581000051 ] ], [ [ -74.11390309899997, 4.50809761000005 ], [ -74.114434176999964, 4.50856821800005 ], [ -74.114997439999968, 4.508937217000039 ], [ -74.115753822999977, 4.509316912000031 ], [ -74.117406063999965, 4.509980040000073 ], [ -74.120560341999976, 4.511220731000037 ], [ -74.120984130999943, 4.511439990000042 ], [ -74.121332817999985, 4.511691337000059 ], [ -74.12155275899994, 4.511985466000056 ], [ -74.121692233999966, 4.512274246000061 ], [ -74.121745877999956, 4.512488158000053 ], [ -74.121761971999945, 4.512766243000044 ], [ -74.121660047999967, 4.513279630000056 ], [ -74.121338182999978, 4.51464866200007 ], [ -74.121311359999936, 4.515392002000056 ], [ -74.121563487999936, 4.517215588000056 ], [ -74.12178879399994, 4.518835956000032 ], [ -74.121976547999964, 4.519670204000022 ], [ -74.122330599999941, 4.520450973000038 ], [ -74.122518353999965, 4.520729055000061 ] ], [ [ -74.122467182999969, 4.520672070000046 ], [ -74.123389862999943, 4.521805788000052 ], [ -74.124484203999941, 4.523025067000049 ], [ -74.125557087999937, 4.524201563000076 ], [ -74.12594332599997, 4.524886069000047 ], [ -74.126200817999973, 4.52610534300004 ], [ -74.126715801999978, 4.530319310000039 ], [ -74.127273701999968, 4.534169613000074 ], [ -74.127745769999933, 4.535453043000075 ], [ -74.128260753999939, 4.536201709000068 ], [ -74.12909760399998, 4.536971765000033 ], [ -74.131930015999956, 4.539110806000053 ], [ -74.13265957699997, 4.539752516000021 ], [ -74.13321747699996, 4.540330056000073 ] ], [ [ -74.133300624999947, 4.540412943000035 ], [ -74.133847795999941, 4.541434331000062 ], [ -74.134411059999934, 4.542509193000058 ], [ -74.135607324999967, 4.544824686000027 ], [ -74.136572919999935, 4.546813972000052 ], [ -74.136787496999943, 4.547605407000049 ], [ -74.136680208999962, 4.548418231000028 ], [ -74.136229596999954, 4.55025777700007 ], [ -74.136122308999973, 4.551177548000055 ], [ -74.136229596999954, 4.551862028000073 ], [ -74.136508546999949, 4.552546507000045 ] ], [ [ -74.136473677999959, 4.552559876000032 ], [ -74.137439273999973, 4.555169448000072 ], [ -74.138404868999942, 4.558078468000076 ], [ -74.138876937999953, 4.559404634000032 ], [ -74.13894131099994, 4.559896599000069 ], [ -74.138791106999975, 4.561030255000048 ], [ -74.138254664999977, 4.564538160000041 ], [ -74.137975714999982, 4.566677119000076 ], [ -74.137975714999982, 4.567746596000063 ], [ -74.138190291999933, 4.568880239000066 ], [ -74.139284632999988, 4.573115345000076 ] ], [ [ -74.139327548999972, 4.573265070000048 ], [ -74.139756701999943, 4.575093858000059 ], [ -74.140250228999946, 4.576377215000036 ], [ -74.140786670999944, 4.577307647000055 ], [ -74.142514012999982, 4.581414368000026 ], [ -74.142717860999937, 4.582002569000053 ], [ -74.142835877999971, 4.582473128000061 ], [ -74.142910979999954, 4.583189662000052 ], [ -74.143061183999976, 4.584141475000024 ], [ -74.143275759999938, 4.584783145000074 ], [ -74.144284270999947, 4.587189405000061 ], [ -74.144938729999978, 4.58895399000005 ], [ -74.145035289999953, 4.589264129000071 ], [ -74.145110390999946, 4.589670518000048 ], [ -74.145088933999943, 4.590387044000067 ], [ -74.145164035999983, 4.592932312000073 ], [ -74.145185492999985, 4.593809251000039 ], [ -74.145174763999989, 4.59580909500005 ], [ -74.145185492999985, 4.596675336000033 ], [ -74.144820712999945, 4.598311566000064 ], [ -74.144531033999954, 4.599081556000044 ], [ -74.143780015999937, 4.601188328000035 ] ], [ [ -74.143705655999952, 4.601292192000074 ], [ -74.141774464999969, 4.606382640000049 ], [ -74.141216565999969, 4.607901212000058 ], [ -74.140851784999938, 4.611109452000051 ] ], [ [ -74.14081959899994, 4.611323335000066 ], [ -74.140347529999985, 4.614028939000036 ], [ -74.139660884999955, 4.617055353000069 ], [ -74.13932829099997, 4.618434880000052 ] ], [ [ -74.139221001999942, 4.618670148000035 ], [ -74.138427067999942, 4.62179278800005 ], [ -74.138191033999988, 4.624209617000076 ], [ -74.138062287999958, 4.625685375000046 ] ], [ [ -74.137997914999971, 4.625920640000061 ], [ -74.137547303999952, 4.630262345000062 ], [ -74.137075234999941, 4.634646798000063 ], [ -74.136688996999965, 4.636486122000065 ], [ -74.135916520999956, 4.638582089000067 ], [ -74.135551739999983, 4.639159548000066 ] ], [ [ -74.13553028299998, 4.639352035000059 ], [ -74.134028245999957, 4.641704641000047 ], [ -74.132740784999953, 4.643223138000053 ], [ -74.13160352899996, 4.644506372000023 ] ], [ [ -74.131391633999954, 4.644688163000069 ], [ -74.129675019999979, 4.646302895000076 ], [ -74.126338351999948, 4.648922817000027 ], [ -74.121746410999947, 4.654119857000069 ], [ -74.12018, 4.656033984000032 ], [ -74.111285794999958, 4.666395842000043 ], [ -74.10676895499995, 4.671026014000063 ] ], [ [ -74.106532920999939, 4.671245224000074 ], [ -74.105283011999973, 4.672485634000054 ], [ -74.10390972099998, 4.67397733100006 ], [ -74.10365759299998, 4.67450664200004 ] ], [ [ -74.103633452999986, 4.674661693000076 ], [ -74.102946807999956, 4.675880711000048 ], [ -74.101101447999952, 4.678382898000052 ], [ -74.09951357999995, 4.680500127000073 ], [ -74.099277545999939, 4.680799533000027 ] ], [ [ -74.099159527999973, 4.680949235000071 ], [ -74.098687459999951, 4.681526660000031 ], [ -74.094159890999947, 4.688006613000027 ], [ -74.092400361999978, 4.690615686000058 ] ], [ [ -74.092314530999943, 4.690808159000028 ], [ -74.091220189999945, 4.692882578000024 ], [ -74.09061937499996, 4.694016021000039 ], [ -74.090190220999943, 4.694486507000022 ], [ -74.089814711999963, 4.694817985000043 ], [ -74.089278269999966, 4.695181541000068 ], [ -74.088484336999954, 4.69556648300005 ], [ -74.087497283999937, 4.695833804000074 ], [ -74.084643412999981, 4.696646458000032 ], [ -74.083334494999974, 4.696967242000028 ], [ -74.08284096899996, 4.69715971200003 ], [ -74.082508374999975, 4.697405647000039 ], [ -74.082089949999954, 4.697918901000037 ], [ -74.081821728999955, 4.698688781000044 ], [ -74.081059981999942, 4.70182175900004 ], [ -74.080877591999979, 4.702794797000024 ], [ -74.080931235999969, 4.703243891000056 ], [ -74.081231642999967, 4.704131385000039 ], [ -74.081746627999962, 4.705660439000042 ], [ -74.081714440999974, 4.706184379000035 ], [ -74.081532050999954, 4.706793861000051 ], [ -74.080287505999934, 4.709263860000021 ], [ -74.080030013999988, 4.709627409000063 ] ], [ [ -74.07988785699996, 4.70989739700002 ], [ -74.079775203999986, 4.710143327000026 ], [ -74.079228032999936, 4.710950618000027 ], [ -74.078723777999983, 4.711618905000023 ], [ -74.078074682999954, 4.712383424000052 ], [ -74.077087629999937, 4.714120964000074 ], [ -74.076556552999989, 4.715072600000042 ], [ -74.076282967999987, 4.715323874000035 ], [ -74.07597719599994, 4.71596007900007 ], [ -74.075424660999943, 4.717895421000037 ], [ -74.075059879999969, 4.719440483000028 ], [ -74.074882854999942, 4.720033915000045 ], [ -74.074705828999981, 4.721151275000068 ], [ -74.074566353999955, 4.721525510000049 ], [ -74.07418011599998, 4.722263287000033 ], [ -74.072340119999978, 4.724391075000028 ], [ -74.071363795999957, 4.725545851000049 ], [ -74.071095575999948, 4.725877315000048 ] ], [ [ -74.070902455999942, 4.726108537000073 ], [ -74.070290912999951, 4.726899771000035 ], [ -74.069743741999957, 4.727562696000064 ], [ -74.069250215999944, 4.728343236000057 ], [ -74.068488467999941, 4.729551467000022 ] ], [ [ -74.068389226999955, 4.729771996000068 ], [ -74.067230511999981, 4.732509220000054 ], [ -74.066458035999972, 4.735075357000028 ], [ -74.065814305999936, 4.737898097000027 ], [ -74.065342236999982, 4.74016483500003 ], [ -74.064998913999943, 4.742260491000025 ] ], [ [ -74.065084744999979, 4.742482352000025 ], [ -74.064998913999943, 4.743399199000066 ], [ -74.064950634999946, 4.744214471000021 ], [ -74.06487016799997, 4.745842338000045 ], [ -74.064746786999933, 4.747152113000027 ] ], [ [ -74.064744104999988, 4.747240322000039 ], [ -74.064829934999977, 4.748865509000041 ], [ -74.065302003999989, 4.753334753000047 ], [ -74.065580953999984, 4.755430369000067 ] ], [ [ -74.065579338999953, 4.755497074000061 ], [ -74.065772457999969, 4.756812176000039 ], [ -74.065976305999982, 4.757763753000063 ], [ -74.066180152999948, 4.758587026000043 ], [ -74.066233797999985, 4.758939858000076 ], [ -74.066158695999945, 4.75942099100007 ], [ -74.065987033999988, 4.759987658000057 ], [ -74.065793914999972, 4.760244262000072 ] ] ] } },
{ "type": "Feature", "properties": { "camera_id": "DEI-023/CAM-02", "segment_id": "1001023", "distance_m": 33.143, "install_date": "2020-01-20T00:00:00", "accidents_pre": 1732, "accidents_post": 3569, "speed_pre_kph": 34.396, "speed_post_kph": 40.547, "n_pre_obs": 33922.0, "n_post_obs": 29138.0 }, "geometry": { "type": "MultiLineString", "coordinates": [ [ [ -74.131391633999954, 4.644688163000069 ], [ -74.129675019999979, 4.646302895000076 ], [ -74.126338351999948, 4.648922817000027 ], [ -74.121746410999947, 4.654119857000069 ], [ -74.12018, 4.656033984000032 ], [ -74.111285794999958, 4.666395842000043 ], [ -74.10676895499995, 4.671026014000063 ] ] ] } },
{ "type": "Feature", "properties": { "camera_id": "DEI-023/CAM-02", "segment_id": "35", "distance_m": 39.772, "install_date": "2020-01-20T00:00:00", "accidents_pre": 1732, "accidents_post": 3569, "speed_pre_kph": 28.106, "speed_post_kph": 32.229, "n_pre_obs": 33352.0, "n_post_obs": 29115.0 }, "geometry": { "type": "MultiLineString", "coordinates": [ [ [ -74.065944118999937, 4.760351180000043 ], [ -74.066190881999944, 4.759966274000021 ], [ -74.066255254999987, 4.759656211000049 ], [ -74.066394729999956, 4.759014701000069 ], [ -74.066416187999948, 4.758672561000026 ], [ -74.066233797999985, 4.757977590000053 ], [ -74.065901203999942, 4.756534187000057 ], [ -74.065729541999985, 4.755497074000061 ] ], [ [ -74.065731156999959, 4.755366218000063 ], [ -74.065216172999953, 4.751581273000056 ], [ -74.065065969999978, 4.749528413000064 ], [ -74.064958680999951, 4.748223988000063 ], [ -74.064980138999942, 4.747261706000074 ] ], [ [ -74.064964045999943, 4.747189535000075 ], [ -74.065071333999981, 4.745842338000045 ], [ -74.06515716499996, 4.744986973000039 ], [ -74.065178621999962, 4.744131607000043 ], [ -74.065242994999949, 4.743201396000075 ], [ -74.065267134999942, 4.742546505000064 ] ], [ [ -74.06537442399997, 4.742485025000065 ], [ -74.065524626999945, 4.74141581400005 ], [ -74.06603961199994, 4.738614473000041 ], [ -74.066812087999949, 4.735150203000046 ], [ -74.06736998699995, 4.733204216000047 ], [ -74.068743277999943, 4.729889611000033 ] ], [ [ -74.068882752999968, 4.729579535000028 ], [ -74.069483567999953, 4.728553073000057 ], [ -74.070556450999959, 4.727184455000042 ], [ -74.071200181999984, 4.726329067000052 ] ], [ [ -74.071353067999951, 4.726077796000027 ], [ -74.074013818999958, 4.722870082000043 ], [ -74.075129617999949, 4.72107375500002 ], [ -74.075365651999959, 4.720154205000028 ], [ -74.075537313999973, 4.718657260000043 ], [ -74.075558770999976, 4.71848618100006 ], [ -74.076052297999979, 4.716540148000036 ], [ -74.076395620999961, 4.715684747000068 ], [ -74.077039350999939, 4.714636879000068 ], [ -74.078176606999989, 4.712776376000022 ], [ -74.078906167999946, 4.711749889000032 ], [ -74.079442609999944, 4.711129719000041 ], [ -74.080000508999944, 4.710210156000073 ] ], [ [ -74.080080975999977, 4.710076498000035 ], [ -74.081194091999976, 4.70805559300004 ], [ -74.081880737999938, 4.706606739000051 ], [ -74.081982661999973, 4.706013297000027 ], [ -74.081923652999933, 4.705521434000048 ], [ -74.081456948999971, 4.704077921000021 ], [ -74.081285287999947, 4.703548633000025 ], [ -74.081215549999968, 4.703153002000022 ], [ -74.081242371999963, 4.702618367000071 ], [ -74.081574965999948, 4.701404742000022 ], [ -74.081918288999987, 4.70006814900006 ], [ -74.082368899999949, 4.698309188000053 ], [ -74.082556654999962, 4.69788147600002 ], [ -74.082862425999963, 4.69755 ], [ -74.083441783999945, 4.697170405000065 ], [ -74.085850406999953, 4.696544876000075 ], [ -74.088301945999945, 4.695833804000074 ], [ -74.088870574999987, 4.695625293000035 ], [ -74.089439202999984, 4.695304509000039 ], [ -74.089750338999977, 4.695122730000037 ], [ -74.089954186999989, 4.694999763000055 ], [ -74.090442348999943, 4.694695017000072 ], [ -74.090748120999933, 4.694352846000072 ], [ -74.091289926999934, 4.693294253000033 ], [ -74.09180491099994, 4.692273084000021 ], [ -74.092448640999976, 4.691091520000043 ], [ -74.092588115999945, 4.690840237000032 ] ], [ [ -74.092765141999962, 4.690840237000032 ], [ -74.096992303999968, 4.684830802000022 ], [ -74.098816205999981, 4.682093391000024 ], [ -74.099438477999968, 4.681323492000047 ] ], [ [ -74.099599410999986, 4.681098938000048 ], [ -74.101509143999976, 4.678596760000062 ], [ -74.103161383999975, 4.676372595000032 ], [ -74.103762198999959, 4.675581303000058 ], [ -74.10386948699994, 4.675068033000059 ] ], [ [ -74.104244996999967, 4.674287433000075 ], [ -74.105081845999962, 4.673389207000071 ], [ -74.106873561999976, 4.671560674000034 ] ], [ [ -74.107187379999971, 4.671459088000063 ], [ -74.112251390999973, 4.666283563000036 ], [ -74.118559945999948, 4.658926551000036 ], [ -74.125683892999973, 4.650585660000047 ], [ -74.127057183999966, 4.649302437000074 ], [ -74.131177056999945, 4.646051596000063 ], [ -74.131777871999986, 4.645495529000073 ] ], [ [ -74.131946850999952, 4.645147988000076 ], [ -74.132740784999953, 4.644185563000065 ], [ -74.133813668999949, 4.64268845600003 ], [ -74.134993840999982, 4.641063022000026 ], [ -74.135852147999969, 4.639608683000063 ] ], [ [ -74.135959435999951, 4.639352035000059 ], [ -74.13651733599994, 4.638218503000076 ], [ -74.136882115999981, 4.63710635800004 ], [ -74.137289811999949, 4.635823110000047 ], [ -74.137611676999938, 4.633491872000036 ], [ -74.137869168999941, 4.631096463000063 ], [ -74.138362694999955, 4.62585647700007 ] ], [ [ -74.138427067999942, 4.625663987000053 ], [ -74.138684559999945, 4.623140224000053 ], [ -74.138942052999937, 4.621407806000036 ], [ -74.139521409999986, 4.618841252000038 ] ], [ [ -74.139735985999948, 4.618520432000025 ], [ -74.140487004999954, 4.615440554000031 ], [ -74.141152192999982, 4.612317886000028 ], [ -74.141259480999963, 4.611013205000063 ] ], [ [ -74.141345311999942, 4.610831406000045 ], [ -74.141624261999937, 4.608157872000049 ], [ -74.143791485999941, 4.602254674000051 ], [ -74.144113351999977, 4.601399134000076 ] ], [ [ -74.144185770999968, 4.60133229500002 ], [ -74.145258654999964, 4.598252342000023 ], [ -74.145430315999988, 4.597482352000043 ], [ -74.145559061999961, 4.596199033000062 ], [ -74.145559061999961, 4.59465904700005 ], [ -74.145559061999961, 4.589739626000039 ], [ -74.145301569999958, 4.588584627000046 ], [ -74.143670786999962, 4.584477947000039 ], [ -74.143499125999938, 4.583879054000022 ], [ -74.143263090999938, 4.582146540000053 ], [ -74.143027056999983, 4.581184030000031 ], [ -74.141761053999971, 4.578275104000056 ], [ -74.140301932999989, 4.575301998000043 ], [ -74.139679659999956, 4.573098897000023 ] ], [ [ -74.139778159999935, 4.572976314000073 ], [ -74.138876937999953, 4.569211776000031 ], [ -74.138576529999966, 4.567671732000065 ], [ -74.138662360999945, 4.566559476000066 ], [ -74.139520667999989, 4.560099802000025 ], [ -74.139477752999937, 4.559415329000046 ], [ -74.137031577999949, 4.552399451000042 ] ], [ [ -74.136935017999974, 4.552239026000052 ], [ -74.136666796999975, 4.551265781000041 ], [ -74.136677525999971, 4.550656166000067 ], [ -74.137299798999948, 4.548367429000052 ], [ -74.137342713999942, 4.547640166000065 ], [ -74.13726761199996, 4.546902206000027 ], [ -74.135229132999939, 4.543009190000021 ], [ -74.133812926999951, 4.540314013000057 ] ], [ [ -74.133668087999979, 4.540094762000024 ], [ -74.133131645999981, 4.539367490000075 ], [ -74.132015846999934, 4.53851187500004 ], [ -74.130857132999949, 4.537592088000054 ], [ -74.129719875999967, 4.536779251000041 ], [ -74.128968857999951, 4.536094757000058 ], [ -74.128432415999953, 4.535495824000066 ], [ -74.128024719999985, 4.534789938000074 ], [ -74.127724312999987, 4.533592069000065 ], [ -74.127295158999971, 4.530233747000068 ], [ -74.126908920999938, 4.527025145000039 ], [ -74.12660851399994, 4.525442229000021 ], [ -74.126157902999978, 4.524222954000038 ], [ -74.125170849999961, 4.523025067000049 ], [ -74.122939251999981, 4.520500943000059 ] ], [ [ -74.122856312999943, 4.520461668000053 ], [ -74.122212582999964, 4.518964302000029 ], [ -74.121998005999956, 4.51661129200005 ], [ -74.121869259999983, 4.515071136000074 ], [ -74.122212582999964, 4.513488194000047 ], [ -74.122384243999988, 4.512760895000042 ], [ -74.122083836999934, 4.511776902000065 ], [ -74.121096783999974, 4.510750124000026 ], [ -74.119208508999975, 4.510108388000049 ], [ -74.115946941999937, 4.508867695000049 ], [ -74.114359074999982, 4.507883697000068 ], [ -74.114101582999979, 4.507584218000034 ] ], [ [ -74.113980673999947, 4.507377494000025 ], [ -74.112929247999944, 4.506671581000035 ], [ -74.112328432999959, 4.506479059000071 ], [ -74.110418699999968, 4.506500450000033 ], [ -74.10672797999996, 4.506457667000063 ] ] ] } },
{ "type": "Feature", "properties": { "camera_id": "DEI-023/CAM-02", "segment_id": "1001875", "distance_m": 39.772, "install_date": "2020-01-20T00:00:00", "accidents_pre": 1732, "accidents_post": 3569, "speed_pre_kph": 35.404, "speed_post_kph": 38.235, "n_pre_obs": 33807.0, "n_post_obs": 30002.0 }, "geometry": { "type": "MultiLineString", "coordinates": [ [ [ -74.107187379999971, 4.671459088000063 ], [ -74.112251390999973, 4.666283563000036 ], [ -74.118559945999948, 4.658926551000036 ], [ -74.125683892999973, 4.650585660000047 ], [ -74.127057183999966, 4.649302437000074 ], [ -74.131177056999945, 4.646051596000063 ], [ -74.131777871999986, 4.645495529000073 ] ] ] } },
{ "type": "Feature", "properties": { "camera_id": "DEI-024/CAM-01", "segment_id": "123", "distance_m": 4.331, "install_date": "2020-01-20T00:00:00", "accidents_pre": 372, "accidents_post": 750, "speed_pre_kph": 28.852, "speed_post_kph": 31.59, "n_pre_obs": 34326.0, "n_post_obs": 30568.0 }, "geometry": { "type": "MultiLineString", "coordinates": [ [ [ -74.156497110999965, 4.640031083000054 ], [ -74.156110871999942, 4.639196976000051 ], [ -74.15566026099998, 4.638619517000052 ], [ -74.155295480999939, 4.638084832000061 ], [ -74.154887784999971, 4.637314885000023 ], [ -74.15441571599996, 4.636352450000061 ], [ -74.153943647999938, 4.635539726000047 ] ], [ [ -74.153615618999936, 4.635233767000045 ], [ -74.151298189999977, 4.632966689000057 ], [ -74.150525713999969, 4.63266726300003 ], [ -74.150118017999944, 4.632282287000066 ], [ -74.149731779999968, 4.631533721000039 ], [ -74.149088049999989, 4.630892093000057 ], [ -74.148530149999942, 4.630592666000041 ], [ -74.14795079299995, 4.630678216000035 ], [ -74.147414350999952, 4.630956255000058 ], [ -74.14707102899996, 4.631191519000026 ], [ -74.143251562999978, 4.630742379000026 ] ] ] } },
{ "type": "Feature", "properties": { "camera_id": "DEI-024/CAM-01", "segment_id": "1001705", "distance_m": 4.331, "install_date": "2020-01-20T00:00:00", "accidents_pre": 372, "accidents_post": 750, "speed_pre_kph": 40.348, "speed_post_kph": 41.016, "n_pre_obs": 34943.0, "n_post_obs": 30587.0 }, "geometry": { "type": "MultiLineString", "coordinates": [ [ [ -74.153615618999936, 4.635233767000045 ], [ -74.151298189999977, 4.632966689000057 ], [ -74.150525713999969, 4.63266726300003 ], [ -74.150118017999944, 4.632282287000066 ], [ -74.149731779999968, 4.631533721000039 ], [ -74.149088049999989, 4.630892093000057 ], [ -74.148530149999942, 4.630592666000041 ], [ -74.14795079299995, 4.630678216000035 ], [ -74.147414350999952, 4.630956255000058 ], [ -74.14707102899996, 4.631191519000026 ], [ -74.143251562999978, 4.630742379000026 ] ] ] } },
{ "type": "Feature", "properties": { "camera_id": "DEI-024/CAM-01", "segment_id": "32", "distance_m": 11.162, "install_date": "2020-01-20T00:00:00", "accidents_pre": 372, "accidents_post": 750, "speed_pre_kph": 28.025, "speed_post_kph": 30.713, "n_pre_obs": 31442.0, "n_post_obs": 28833.0 }, "geometry": { "type": "MultiLineString", "coordinates": [ [ [ -74.15472148799995, 4.631500154000037 ], [ -74.151009310999939, 4.631222115000071 ], [ -74.149507273999973, 4.631136565000077 ], [ -74.148713339999972, 4.63068742400003 ], [ -74.148112524999988, 4.630623262000029 ], [ -74.147211302999949, 4.631157952000024 ], [ -74.146846522999965, 4.631264890000068 ], [ -74.143241633999935, 4.63075158700002 ] ], [ [ -74.143069971999978, 4.630644649000033 ], [ -74.140495051999949, 4.630345222000074 ], [ -74.138520945999971, 4.630345222000074 ], [ -74.136117685999977, 4.630131346000042 ], [ -74.134272326999962, 4.629874694000023 ], [ -74.131997812999941, 4.629575267000064 ] ], [ [ -74.131997812999941, 4.629575267000064 ], [ -74.128779162999933, 4.629104738000024 ], [ -74.125474680999957, 4.628933637000046 ], [ -74.12392972899994, 4.629061963000026 ], [ -74.120711077999943, 4.628676984000037 ], [ -74.117921579999972, 4.628163680000057 ] ], [ [ -74.117760647999944, 4.628195761000029 ], [ -74.112754304999953, 4.627642354000045 ], [ -74.111461479999946, 4.627499324000041 ], [ -74.110817749999967, 4.627435161000051 ], [ -74.110179383999935, 4.627377681000041 ], [ -74.108748425999977, 4.62723999800005 ], [ -74.108036298999934, 4.627169151000032 ], [ -74.107305396999948, 4.627129049000075 ], [ -74.105985749999945, 4.627072906000024 ], [ -74.103730012999961, 4.626845661000061 ], [ -74.101495731999989, 4.626597028000049 ], [ -74.100337017999948, 4.626466028000038 ], [ -74.09915416399997, 4.626236110000036 ], [ -74.097933758999943, 4.626083722000033 ], [ -74.095189858999959, 4.625778946000025 ], [ -74.093610037999952, 4.625487538000073 ], [ -74.092408407999983, 4.625396640000076 ], [ -74.091630567999971, 4.625311089000036 ], [ -74.09115849899996, 4.625252272000068 ] ], [ [ -74.090934533999985, 4.625542344000053 ], [ -74.089303750999989, 4.625307078000048 ], [ -74.088080663999961, 4.62498626100006 ], [ -74.087029237999957, 4.624836547000029 ], [ -74.085870523999972, 4.62490071000002 ], [ -74.085140962999958, 4.624943486000063 ], [ -74.084475774999987, 4.624879322000027 ], [ -74.081793565999988, 4.624344627000028 ], [ -74.08011986799994, 4.62408797300003 ], [ -74.079497594999964, 4.623852707000026 ], [ -74.079197187999966, 4.623809931000039 ], [ -74.078810949999934, 4.623895483000069 ], [ -74.078145761999963, 4.624344627000028 ], [ -74.077845353999976, 4.624387403000071 ], [ -74.076343316999953, 4.624066585000037 ] ], [ [ -74.076119352999967, 4.624065249000068 ], [ -74.073753644999954, 4.623656206000021 ] ], [ [ -74.073677201999942, 4.623654870000053 ], [ -74.072641868999938, 4.623457032000033 ], [ -74.071869392999986, 4.623315337000065 ], [ -74.070780415999934, 4.623125520000031 ], [ -74.070142049999959, 4.623015907000024 ], [ -74.069973070999936, 4.622986499000035 ], [ -74.069578785999965, 4.622807376000026 ] ], [ [ -74.069314755999983, 4.622669859000041 ], [ -74.067168988999981, 4.621418667000057 ] ], [ [ -74.066984815999945, 4.621327481000037 ], [ -74.066282076999983, 4.621044091000044 ], [ -74.066153330999953, 4.620830212000044 ], [ -74.065911932999938, 4.62053078100007 ], [ -74.065815372999964, 4.620477311000059 ], [ -74.065627617999951, 4.620423841000047 ], [ -74.065370125999948, 4.62042918800006 ], [ -74.06521455799998, 4.62050939300002 ], [ -74.065144820999933, 4.620520087000045 ], [ -74.065083129999948, 4.620506720000037 ], [ -74.065061671999956, 4.620466617000034 ], [ -74.065056307999953, 4.62038106600005 ], [ -74.065056307999953, 4.620367698000052 ] ] ] } },
{ "type": "Feature", "properties": { "camera_id": "DEI-024/CAM-01", "segment_id": "1001043", "distance_m": 11.162, "install_date": "2020-01-20T00:00:00", "accidents_pre": 372, "accidents_post": 750, "speed_pre_kph": 37.048, "speed_post_kph": 36.537, "n_pre_obs": 34328.0, "n_post_obs": 30459.0 }, "geometry": { "type": "MultiLineString", "coordinates": [ [ [ -74.15472148799995, 4.631500154000037 ], [ -74.151009310999939, 4.631222115000071 ], [ -74.149507273999973, 4.631136565000077 ], [ -74.148713339999972, 4.63068742400003 ], [ -74.148112524999988, 4.630623262000029 ], [ -74.147211302999949, 4.631157952000024 ], [ -74.146846522999965, 4.631264890000068 ], [ -74.143241633999935, 4.63075158700002 ] ] ] } },
{ "type": "Feature", "properties": { "camera_id": "DEI-024/CAM-02", "segment_id": "81", "distance_m": 5.632, "install_date": "2020-01-20T00:00:00", "accidents_pre": 380, "accidents_post": 754, "speed_pre_kph": 27.628, "speed_post_kph": 28.344, "n_pre_obs": 30523.0, "n_post_obs": 27045.0 }, "geometry": { "type": "MultiLineString", "coordinates": [ [ [ -74.069602925999959, 4.622979815000065 ], [ -74.070010621999984, 4.623108143000024 ], [ -74.073661107999953, 4.623747105000064 ] ], [ [ -74.073694635999971, 4.623787207000021 ], [ -74.07624809899994, 4.624268433000054 ] ], [ [ -74.07650022699994, 4.624394086000052 ], [ -74.077701855999976, 4.624618659000021 ], [ -74.078259755999966, 4.624661434000075 ], [ -74.078817654999966, 4.62442616800007 ], [ -74.079096604999961, 4.624233678000053 ], [ -74.079815436999979, 4.62427645300005 ], [ -74.081456948999971, 4.624565189000066 ], [ -74.083924580999962, 4.62508919000004 ], [ -74.086413670999946, 4.625495558000068 ], [ -74.087271977999933, 4.625538334000055 ], [ -74.088881302999937, 4.625602497000045 ], [ -74.090876866999963, 4.625816375000056 ] ], [ [ -74.091153134999956, 4.625677354000061 ], [ -74.092934120999985, 4.625955396000052 ], [ -74.094114292999961, 4.626083722000033 ], [ -74.096388806999983, 4.626468702000068 ], [ -74.099307049999936, 4.62681090600006 ], [ -74.103255261999948, 4.627260049000029 ], [ -74.105422485999952, 4.62747392600005 ], [ -74.107418049999978, 4.627709191000065 ], [ -74.108469475999982, 4.627687803000072 ], [ -74.109735478999937, 4.627880293000032 ], [ -74.112589348999961, 4.628179720000048 ], [ -74.115808, 4.628564699000037 ], [ -74.117524613999933, 4.628714413000068 ] ], [ [ -74.11777137699994, 4.628848086000062 ], [ -74.120002974999977, 4.628976412000043 ], [ -74.123908270999948, 4.629404166000029 ], [ -74.130130995999934, 4.630131346000042 ], [ -74.131697405999944, 4.630302447000076 ] ], [ [ -74.131783236999979, 4.630345222000074 ], [ -74.13457273399996, 4.630559099000038 ], [ -74.136503924999943, 4.630601874000035 ], [ -74.138907183999947, 4.63077297500007 ], [ -74.141181696999979, 4.631286278000061 ], [ -74.142898310999954, 4.63145737900004 ] ], [ [ -74.143171895999956, 4.631347767000022 ], [ -74.145188916999984, 4.631583031000048 ], [ -74.14701281899994, 4.631732744000033 ], [ -74.147871125999984, 4.631968008000058 ], [ -74.149201501999983, 4.63222465900003 ], [ -74.149652112999945, 4.632374372000072 ], [ -74.151926625999977, 4.63464145100005 ], [ -74.153214086999981, 4.635903313000028 ] ], [ [ -74.15335356199995, 4.63605302600007 ], [ -74.15404020699998, 4.636737424000046 ], [ -74.15547787099996, 4.639453625000044 ], [ -74.155735362999962, 4.639881372000048 ], [ -74.155885566999984, 4.640330506000055 ] ] ] } },
{ "type": "Feature", "properties": { "camera_id": "DEI-024/CAM-02", "segment_id": "1001342", "distance_m": 5.632, "install_date": "2020-01-20T00:00:00", "accidents_pre": 380, "accidents_post": 754, "speed_pre_kph": 37.049, "speed_post_kph": 36.595, "n_pre_obs": 31795.0, "n_post_obs": 30200.0 }, "geometry": { "type": "MultiLineString", "coordinates": [ [ [ -74.143171895999956, 4.631347767000022 ], [ -74.145188916999984, 4.631583031000048 ], [ -74.14701281899994, 4.631732744000033 ], [ -74.147871125999984, 4.631968008000058 ], [ -74.149201501999983, 4.63222465900003 ], [ -74.149652112999945, 4.632374372000072 ], [ -74.151926625999977, 4.63464145100005 ], [ -74.153214086999981, 4.635903313000028 ] ] ] } },
{ "type": "Feature", "properties": { "camera_id": "DEI-024/CAM-02", "segment_id": "123", "distance_m": 44.932, "install_date": "2020-01-20T00:00:00", "accidents_pre": 380, "accidents_post": 754, "speed_pre_kph": 28.852, "speed_post_kph": 31.59, "n_pre_obs": 34326.0, "n_post_obs": 30568.0 }, "geometry": { "type": "MultiLineString", "coordinates": [ [ [ -74.156497110999965, 4.640031083000054 ], [ -74.156110871999942, 4.639196976000051 ], [ -74.15566026099998, 4.638619517000052 ], [ -74.155295480999939, 4.638084832000061 ], [ -74.154887784999971, 4.637314885000023 ], [ -74.15441571599996, 4.636352450000061 ], [ -74.153943647999938, 4.635539726000047 ] ], [ [ -74.153615618999936, 4.635233767000045 ], [ -74.151298189999977, 4.632966689000057 ], [ -74.150525713999969, 4.63266726300003 ], [ -74.150118017999944, 4.632282287000066 ], [ -74.149731779999968, 4.631533721000039 ], [ -74.149088049999989, 4.630892093000057 ], [ -74.148530149999942, 4.630592666000041 ], [ -74.14795079299995, 4.630678216000035 ], [ -74.147414350999952, 4.630956255000058 ], [ -74.14707102899996, 4.631191519000026 ], [ -74.143251562999978, 4.630742379000026 ] ] ] } },
{ "type": "Feature", "properties": { "camera_id": "DEI-024/CAM-02", "segment_id": "1001705", "distance_m": 44.932, "install_date": "2020-01-20T00:00:00", "accidents_pre": 380, "accidents_post": 754, "speed_pre_kph": 40.348, "speed_post_kph": 41.016, "n_pre_obs": 34943.0, "n_post_obs": 30587.0 }, "geometry": { "type": "MultiLineString", "coordinates": [ [ [ -74.153615618999936, 4.635233767000045 ], [ -74.151298189999977, 4.632966689000057 ], [ -74.150525713999969, 4.63266726300003 ], [ -74.150118017999944, 4.632282287000066 ], [ -74.149731779999968, 4.631533721000039 ], [ -74.149088049999989, 4.630892093000057 ], [ -74.148530149999942, 4.630592666000041 ], [ -74.14795079299995, 4.630678216000035 ], [ -74.147414350999952, 4.630956255000058 ], [ -74.14707102899996, 4.631191519000026 ], [ -74.143251562999978, 4.630742379000026 ] ] ] } },
{ "type": "Feature", "properties": { "camera_id": "DEI-025/CAM-01", "segment_id": "142", "distance_m": 45.991, "install_date": "2020-01-20T00:00:00", "accidents_pre": 183, "accidents_post": 416, "speed_pre_kph": 40.638, "speed_post_kph": 42.552, "n_pre_obs": 33386.0, "n_post_obs": 29926.0 }, "geometry": { "type": "MultiLineString", "coordinates": [ [ [ -74.044933308999987, 4.76340648300004 ], [ -74.045920361999947, 4.758317177000038 ], [ -74.046692837999956, 4.75463916800004 ], [ -74.046950329999959, 4.75378381400003 ], [ -74.046821583999986, 4.75220140700003 ], [ -74.047508228999959, 4.748181220000049 ] ], [ [ -74.04742239899997, 4.748181220000049 ], [ -74.048151959999984, 4.74356225400004 ] ], [ [ -74.048237789999973, 4.743519485000036 ], [ -74.050168980999956, 4.731843626000057 ] ], [ [ -74.050254810999945, 4.731715319000045 ], [ -74.051842678999947, 4.722092209000039 ] ], [ [ -74.051713932999974, 4.722006669000052 ], [ -74.052786816999969, 4.71533456700007 ] ], [ [ -74.053087223999967, 4.715206256000045 ], [ -74.054546345999938, 4.70571122900003 ] ], [ [ -74.054718006999963, 4.705197980000037 ], [ -74.055747975999964, 4.698953428000038 ] ], [ [ -74.055919636999988, 4.698354632000076 ], [ -74.058065403999933, 4.684838822000074 ] ], [ [ -74.058065403999933, 4.684432488000027 ], [ -74.059224117999975, 4.676776260000054 ] ], [ [ -74.059395779999988, 4.676434080000035 ], [ -74.060511578999979, 4.669847087000051 ] ], [ [ -74.060465980999936, 4.669671652000034 ], [ -74.06052968399996, 4.669333144000063 ], [ -74.060600091999959, 4.668981604000066 ], [ -74.060655746999942, 4.668700238000042 ], [ -74.060621548999961, 4.668478020000066 ], [ -74.060580309999978, 4.668220713000039 ], [ -74.060655076999979, 4.667812699000024 ], [ -74.060680557999945, 4.667708774000062 ], [ -74.060702015999937, 4.66760885900004 ], [ -74.060734201999935, 4.667424400000073 ], [ -74.060766723999961, 4.667243952000035 ], [ -74.06080293399998, 4.66706918400007 ], [ -74.060864288999937, 4.666796839000028 ], [ -74.060893122999971, 4.666698261000022 ], [ -74.060926650999988, 4.666520485000035 ], [ -74.060993034999967, 4.666216395000049 ], [ -74.061037626999962, 4.666009547000044 ], [ -74.061045002999947, 4.665919323000026 ], [ -74.061055731999943, 4.665847143000065 ] ] ] } },
{ "type": "Feature", "properties": { "camera_id": "DEI-025/CAM-01", "segment_id": "1002025", "distance_m": 45.991, "install_date": "2020-01-20T00:00:00", "accidents_pre": 183, "accidents_post": 416, "speed_pre_kph": 49.122, "speed_post_kph": 50.453, "n_pre_obs": 33240.0, "n_post_obs": 30626.0 }, "geometry": { "type": "MultiLineString", "coordinates": [ [ [ -74.044933308999987, 4.76340648300004 ], [ -74.045920361999947, 4.758317177000038 ], [ -74.046692837999956, 4.75463916800004 ], [ -74.046950329999959, 4.75378381400003 ], [ -74.046821583999986, 4.75220140700003 ], [ -74.047508228999959, 4.748181220000049 ] ] ] } },
{ "type": "Feature", "properties": { "camera_id": "DEI-025/CAM-02", "segment_id": "142", "distance_m": 45.991, "install_date": "2020-01-20T00:00:00", "accidents_pre": 183, "accidents_post": 416, "speed_pre_kph": 40.638, "speed_post_kph": 42.552, "n_pre_obs": 33386.0, "n_post_obs": 29926.0 }, "geometry": { "type": "MultiLineString", "coordinates": [ [ [ -74.044933308999987, 4.76340648300004 ], [ -74.045920361999947, 4.758317177000038 ], [ -74.046692837999956, 4.75463916800004 ], [ -74.046950329999959, 4.75378381400003 ], [ -74.046821583999986, 4.75220140700003 ], [ -74.047508228999959, 4.748181220000049 ] ], [ [ -74.04742239899997, 4.748181220000049 ], [ -74.048151959999984, 4.74356225400004 ] ], [ [ -74.048237789999973, 4.743519485000036 ], [ -74.050168980999956, 4.731843626000057 ] ], [ [ -74.050254810999945, 4.731715319000045 ], [ -74.051842678999947, 4.722092209000039 ] ], [ [ -74.051713932999974, 4.722006669000052 ], [ -74.052786816999969, 4.71533456700007 ] ], [ [ -74.053087223999967, 4.715206256000045 ], [ -74.054546345999938, 4.70571122900003 ] ], [ [ -74.054718006999963, 4.705197980000037 ], [ -74.055747975999964, 4.698953428000038 ] ], [ [ -74.055919636999988, 4.698354632000076 ], [ -74.058065403999933, 4.684838822000074 ] ], [ [ -74.058065403999933, 4.684432488000027 ], [ -74.059224117999975, 4.676776260000054 ] ], [ [ -74.059395779999988, 4.676434080000035 ], [ -74.060511578999979, 4.669847087000051 ] ], [ [ -74.060465980999936, 4.669671652000034 ], [ -74.06052968399996, 4.669333144000063 ], [ -74.060600091999959, 4.668981604000066 ], [ -74.060655746999942, 4.668700238000042 ], [ -74.060621548999961, 4.668478020000066 ], [ -74.060580309999978, 4.668220713000039 ], [ -74.060655076999979, 4.667812699000024 ], [ -74.060680557999945, 4.667708774000062 ], [ -74.060702015999937, 4.66760885900004 ], [ -74.060734201999935, 4.667424400000073 ], [ -74.060766723999961, 4.667243952000035 ], [ -74.06080293399998, 4.66706918400007 ], [ -74.060864288999937, 4.666796839000028 ], [ -74.060893122999971, 4.666698261000022 ], [ -74.060926650999988, 4.666520485000035 ], [ -74.060993034999967, 4.666216395000049 ], [ -74.061037626999962, 4.666009547000044 ], [ -74.061045002999947, 4.665919323000026 ], [ -74.061055731999943, 4.665847143000065 ] ] ] } },
{ "type": "Feature", "properties": { "camera_id": "DEI-025/CAM-02", "segment_id": "1002025", "distance_m": 45.991, "install_date": "2020-01-20T00:00:00", "accidents_pre": 183, "accidents_post": 416, "speed_pre_kph": 49.122, "speed_post_kph": 50.453, "n_pre_obs": 33240.0, "n_post_obs": 30626.0 }, "geometry": { "type": "MultiLineString", "coordinates": [ [ [ -74.044933308999987, 4.76340648300004 ], [ -74.045920361999947, 4.758317177000038 ], [ -74.046692837999956, 4.75463916800004 ], [ -74.046950329999959, 4.75378381400003 ], [ -74.046821583999986, 4.75220140700003 ], [ -74.047508228999959, 4.748181220000049 ] ] ] } },
{ "type": "Feature", "properties": { "camera_id": "DEI-025/CAM-03", "segment_id": "141", "distance_m": 35.032, "install_date": "2020-01-20T00:00:00", "accidents_pre": 303, "accidents_post": 537, "speed_pre_kph": 39.925, "speed_post_kph": 40.92, "n_pre_obs": 32405.0, "n_post_obs": 27554.0 }, "geometry": { "type": "MultiLineString", "coordinates": [ [ [ -74.060526162999963, 4.66572300100006 ], [ -74.06049481499997, 4.665904285000067 ], [ -74.060430441999983, 4.666201692000072 ], [ -74.060416359999977, 4.66627554300004 ], [ -74.060411330999955, 4.666319652000027 ], [ -74.060399260999986, 4.666436610000062 ], [ -74.060369421999951, 4.66658297400005 ], [ -74.060331199999951, 4.666774450000048 ], [ -74.060259115999941, 4.667133343000046 ], [ -74.060239334999949, 4.667235597000058 ], [ -74.060218211999938, 4.667340859000035 ], [ -74.060187366999969, 4.667500590000031 ], [ -74.060115617999941, 4.667861821000031 ], [ -74.060074042999986, 4.668071676000068 ], [ -74.060019728999976, 4.668255466000062 ], [ -74.059915122999939, 4.668628059000071 ], [ -74.059860807999939, 4.668998312000042 ], [ -74.059798445999945, 4.669420695000042 ] ], [ [ -74.05961035699994, 4.669590450000044 ], [ -74.058580387999939, 4.676305763000073 ] ], [ [ -74.058580387999939, 4.676476852000064 ], [ -74.057250012999987, 4.684346944000026 ] ], [ [ -74.057207096999946, 4.684325558000069 ], [ -74.054803837999941, 4.697841378000021 ] ], [ [ -74.054803837999941, 4.698269090000053 ], [ -74.053773869999986, 4.70485581500003 ] ], [ [ -74.053688038999951, 4.705026898000028 ], [ -74.052057255999955, 4.715035176000072 ] ], [ [ -74.051885594999987, 4.715035176000072 ], [ -74.05076979599994, 4.721835590000069 ] ], [ [ -74.05089854199997, 4.721750051000072 ], [ -74.049267758999974, 4.731373166000026 ] ], [ [ -74.049310673999969, 4.73154424300003 ], [ -74.04742239899997, 4.743262875000028 ] ], [ [ -74.047336567999935, 4.743305644000031 ], [ -74.046564091999983, 4.74775353900003 ] ], [ [ -74.046564091999983, 4.748010148000049 ], [ -74.04630659999998, 4.749421493000057 ], [ -74.046435345999953, 4.750747299000068 ], [ -74.046092022999972, 4.75220140700003 ], [ -74.045448292999936, 4.754938541000058 ], [ -74.04506205499996, 4.75759013000004 ], [ -74.044718731999978, 4.759600199000033 ], [ -74.04394625599997, 4.763320949000047 ] ] ] } },
{ "type": "Feature", "properties": { "camera_id": "DEI-025/CAM-03", "segment_id": "1002024", "distance_m": 35.032, "install_date": "2020-01-20T00:00:00", "accidents_pre": 303, "accidents_post": 537, "speed_pre_kph": 50.725, "speed_post_kph": 55.064, "n_pre_obs": 28014.0, "n_post_obs": 28129.0 }, "geometry": { "type": "MultiLineString", "coordinates": [ [ [ -74.046564091999983, 4.748010148000049 ], [ -74.04630659999998, 4.749421493000057 ], [ -74.046435345999953, 4.750747299000068 ], [ -74.046092022999972, 4.75220140700003 ], [ -74.045448292999936, 4.754938541000058 ], [ -74.04506205499996, 4.75759013000004 ], [ -74.044718731999978, 4.759600199000033 ], [ -74.04394625599997, 4.763320949000047 ] ] ] } },
{ "type": "Feature", "properties": { "camera_id": "DEI-025/CAM-04", "segment_id": "141", "distance_m": 35.032, "install_date": "2020-01-20T00:00:00", "accidents_pre": 303, "accidents_post": 537, "speed_pre_kph": 39.925, "speed_post_kph": 40.92, "n_pre_obs": 32405.0, "n_post_obs": 27554.0 }, "geometry": { "type": "MultiLineString", "coordinates": [ [ [ -74.060526162999963, 4.66572300100006 ], [ -74.06049481499997, 4.665904285000067 ], [ -74.060430441999983, 4.666201692000072 ], [ -74.060416359999977, 4.66627554300004 ], [ -74.060411330999955, 4.666319652000027 ], [ -74.060399260999986, 4.666436610000062 ], [ -74.060369421999951, 4.66658297400005 ], [ -74.060331199999951, 4.666774450000048 ], [ -74.060259115999941, 4.667133343000046 ], [ -74.060239334999949, 4.667235597000058 ], [ -74.060218211999938, 4.667340859000035 ], [ -74.060187366999969, 4.667500590000031 ], [ -74.060115617999941, 4.667861821000031 ], [ -74.060074042999986, 4.668071676000068 ], [ -74.060019728999976, 4.668255466000062 ], [ -74.059915122999939, 4.668628059000071 ], [ -74.059860807999939, 4.668998312000042 ], [ -74.059798445999945, 4.669420695000042 ] ], [ [ -74.05961035699994, 4.669590450000044 ], [ -74.058580387999939, 4.676305763000073 ] ], [ [ -74.058580387999939, 4.676476852000064 ], [ -74.057250012999987, 4.684346944000026 ] ], [ [ -74.057207096999946, 4.684325558000069 ], [ -74.054803837999941, 4.697841378000021 ] ], [ [ -74.054803837999941, 4.698269090000053 ], [ -74.053773869999986, 4.70485581500003 ] ], [ [ -74.053688038999951, 4.705026898000028 ], [ -74.052057255999955, 4.715035176000072 ] ], [ [ -74.051885594999987, 4.715035176000072 ], [ -74.05076979599994, 4.721835590000069 ] ], [ [ -74.05089854199997, 4.721750051000072 ], [ -74.049267758999974, 4.731373166000026 ] ], [ [ -74.049310673999969, 4.73154424300003 ], [ -74.04742239899997, 4.743262875000028 ] ], [ [ -74.047336567999935, 4.743305644000031 ], [ -74.046564091999983, 4.74775353900003 ] ], [ [ -74.046564091999983, 4.748010148000049 ], [ -74.04630659999998, 4.749421493000057 ], [ -74.046435345999953, 4.750747299000068 ], [ -74.046092022999972, 4.75220140700003 ], [ -74.045448292999936, 4.754938541000058 ], [ -74.04506205499996, 4.75759013000004 ], [ -74.044718731999978, 4.759600199000033 ], [ -74.04394625599997, 4.763320949000047 ] ] ] } },
{ "type": "Feature", "properties": { "camera_id": "DEI-025/CAM-04", "segment_id": "1002024", "distance_m": 35.032, "install_date": "2020-01-20T00:00:00", "accidents_pre": 303, "accidents_post": 537, "speed_pre_kph": 50.725, "speed_post_kph": 55.064, "n_pre_obs": 28014.0, "n_post_obs": 28129.0 }, "geometry": { "type": "MultiLineString", "coordinates": [ [ [ -74.046564091999983, 4.748010148000049 ], [ -74.04630659999998, 4.749421493000057 ], [ -74.046435345999953, 4.750747299000068 ], [ -74.046092022999972, 4.75220140700003 ], [ -74.045448292999936, 4.754938541000058 ], [ -74.04506205499996, 4.75759013000004 ], [ -74.044718731999978, 4.759600199000033 ], [ -74.04394625599997, 4.763320949000047 ] ] ] } },
{ "type": "Feature", "properties": { "camera_id": "DEI-026/CAM-01", "segment_id": "129", "distance_m": 8.34, "install_date": "2020-03-27T00:00:00", "accidents_pre": 161, "accidents_post": 604, "speed_pre_kph": 18.74, "speed_post_kph": 22.467, "n_pre_obs": 38963.0, "n_post_obs": 23470.0 }, "geometry": { "type": "MultiLineString", "coordinates": [ [ [ -74.17071281799997, 4.628185067000061 ], [ -74.170047629999942, 4.627115681000021 ], [ -74.169489730999942, 4.625746865000053 ], [ -74.169189323999944, 4.62504106800003 ], [ -74.168996204999985, 4.624720251000042 ], [ -74.168609965999963, 4.624420821000058 ], [ -74.168009151999968, 4.624014453000029 ], [ -74.166206706999958, 4.621062926000036 ] ], [ [ -74.166088689999981, 4.620752801000037 ], [ -74.162848580999935, 4.615427186000034 ] ], [ [ -74.162591088999989, 4.615032236000047 ], [ -74.161764968999989, 4.613609925000048 ], [ -74.161475289999942, 4.612882728000045 ], [ -74.161357272999965, 4.612091366000072 ], [ -74.161357272999965, 4.611353473000065 ], [ -74.161443103999943, 4.609663802000057 ] ], [ [ -74.161464561999935, 4.609578249000037 ], [ -74.161754239999937, 4.606156118000058 ], [ -74.162187416999984, 4.600100510000061 ], [ -74.16219412199996, 4.599969505000047 ], [ -74.162211556999978, 4.599746262000053 ] ], [ [ -74.162290681999934, 4.599521074000052 ], [ -74.162333596999986, 4.598981012000024 ], [ -74.162360418999981, 4.598392826000065 ], [ -74.162333596999986, 4.59782068100003 ], [ -74.162231672999951, 4.597216452000055 ], [ -74.162231672999951, 4.596852845000058 ], [ -74.162296045999938, 4.596601528000065 ], [ -74.162462342999959, 4.596371600000055 ], [ -74.162558902999933, 4.596179102000065 ], [ -74.16262863999998, 4.595927785000072 ], [ -74.162574995999989, 4.595462582000039 ], [ -74.162301410999987, 4.595109668000021 ], [ -74.161958087999949, 4.594553562000044 ], [ -74.161421645999951, 4.589869417000045 ] ], [ [ -74.161416281999948, 4.589703653000072 ], [ -74.161308993999967, 4.58833476500007 ], [ -74.161233891999984, 4.587906987000054 ], [ -74.160946894999938, 4.587222541000074 ], [ -74.158581186999982, 4.582415361000074 ], [ -74.157626320999952, 4.580559856000036 ] ], [ [ -74.157530975999975, 4.580187 ], [ -74.155277920999936, 4.57608027200007 ], [ -74.154033375999973, 4.574240792000069 ], [ -74.153003407999961, 4.573278272000039 ], [ -74.151458454999954, 4.572187414000041 ] ], [ [ -74.151303850999966, 4.572132440000075 ], [ -74.150225602999967, 4.571394506000047 ], [ -74.149152718999972, 4.570624487000032 ], [ -74.14781697899997, 4.569710088000022 ], [ -74.146497331999967, 4.568833119000033 ], [ -74.144550048999974, 4.567496275000053 ], [ -74.143391333999944, 4.566726252000024 ], [ -74.142946087999974, 4.566603262000058 ] ], [ [ -74.142865620999942, 4.566555135000044 ], [ -74.14196439899996, 4.566555135000044 ], [ -74.141181193999955, 4.566736947000038 ], [ -74.139904462999937, 4.567015011000024 ], [ -74.139013968999961, 4.566982926000037 ], [ -74.137511931999938, 4.567004316000066 ], [ -74.136739455999987, 4.567346548000046 ], [ -74.135677300999987, 4.567891981000059 ], [ -74.134615145999987, 4.568287687000065 ], [ -74.13418599299996, 4.568480193000028 ] ], [ [ -74.134100161999982, 4.568501582000067 ], [ -74.131611071999941, 4.569464109000023 ], [ -74.129454575999944, 4.570319687000051 ], [ -74.128961049999987, 4.57039455000006 ], [ -74.128328048999947, 4.570287603000054 ], [ -74.127920352999979, 4.570073709000042 ], [ -74.126707993999958, 4.569442719000051 ], [ -74.12579604299998, 4.568993540000065 ] ] ] } },
{ "type": "Feature", "properties": { "camera_id": "DEI-026/CAM-01", "segment_id": "1002287", "distance_m": 8.34, "install_date": "2020-03-27T00:00:00", "accidents_pre": 161, "accidents_post": 604, "speed_pre_kph": 20.338, "speed_post_kph": 21.395, "n_pre_obs": 13408.0, "n_post_obs": 21994.0 }, "geometry": { "type": "MultiLineString", "coordinates": [ [ [ -74.151303850999966, 4.572132440000075 ], [ -74.150225602999967, 4.571394506000047 ], [ -74.149152718999972, 4.570624487000032 ], [ -74.14781697899997, 4.569710088000022 ], [ -74.146497331999967, 4.568833119000033 ], [ -74.144550048999974, 4.567496275000053 ], [ -74.143391333999944, 4.566726252000024 ], [ -74.142946087999974, 4.566603262000058 ] ] ] } },
{ "type": "Feature", "properties": { "camera_id": "DEI-026/CAM-01", "segment_id": "130", "distance_m": 27.118, "install_date": "2020-03-27T00:00:00", "accidents_pre": 161, "accidents_post": 604, "speed_pre_kph": 17.856, "speed_post_kph": 23.089, "n_pre_obs": 39056.0, "n_post_obs": 22858.0 }, "geometry": { "type": "MultiLineString", "coordinates": [ [ [ -74.125549279999973, 4.569399941000029 ], [ -74.127244435999955, 4.570298298000068 ], [ -74.128574811999954, 4.570897202000026 ], [ -74.129325829999971, 4.57096137000002 ], [ -74.130227052999942, 4.570758171000023 ], [ -74.132179700999984, 4.569956067000021 ], [ -74.133778296999935, 4.56932507700003 ], [ -74.134529315999941, 4.569025625000052 ] ], [ [ -74.134658061999971, 4.568976526000029 ], [ -74.135548554999957, 4.568644989000063 ], [ -74.136439048999989, 4.568174420000048 ], [ -74.137458287999948, 4.567725240000073 ], [ -74.137919627999963, 4.567618293000066 ], [ -74.138423882999973, 4.567618293000066 ], [ -74.139346562999947, 4.567511345000071 ], [ -74.140129767999952, 4.567297450000069 ], [ -74.140794955999979, 4.567147723000062 ], [ -74.141470872999946, 4.566965912000057 ], [ -74.142264806999947, 4.566858964000062 ], [ -74.142715417999966, 4.566912438000031 ] ], [ [ -74.142903171999933, 4.566886673000056 ], [ -74.143149935999986, 4.566961537000054 ], [ -74.143407427999989, 4.567095221000045 ], [ -74.143879495999954, 4.567405370000074 ], [ -74.146508060999963, 4.569196741000042 ], [ -74.149667702999977, 4.571373116000075 ], [ -74.151142917999948, 4.572373071000072 ] ], [ [ -74.151281001999962, 4.572454356000037 ], [ -74.152445507999971, 4.573299661000021 ], [ -74.153947544999937, 4.574775525000064 ], [ -74.154762936999987, 4.57588776800003 ], [ -74.156415176999985, 4.579031985000029 ], [ -74.157209110999986, 4.580486448000045 ] ], [ [ -74.157356632999949, 4.58063665800006 ], [ -74.158649457999957, 4.583181961000037 ], [ -74.159902048999982, 4.585780727000042 ], [ -74.160873008999943, 4.58780198300002 ], [ -74.160980296999981, 4.588235108000049 ], [ -74.161012483999968, 4.588534553000045 ], [ -74.161060762999966, 4.589117400000021 ], [ -74.161109042999954, 4.589753719000043 ] ], [ [ -74.161168177999969, 4.589848028000063 ], [ -74.161288876999947, 4.591176810000036 ], [ -74.161439080999969, 4.592548367000063 ], [ -74.161661703999982, 4.594393146000073 ], [ -74.161683161999974, 4.594644464000055 ], [ -74.161685843999976, 4.594914496000058 ], [ -74.161656339999979, 4.59507491100004 ], [ -74.16158123799994, 4.595229980000056 ], [ -74.161374707999983, 4.595459908000066 ], [ -74.161267418999955, 4.595644385000071 ], [ -74.161256689999959, 4.595983931000035 ], [ -74.161321062999946, 4.596155040000042 ], [ -74.161428351999973, 4.596318129000053 ], [ -74.161629516999938, 4.59643576600007 ], [ -74.16183336499995, 4.596652326000026 ], [ -74.161943335999979, 4.596815415000037 ], [ -74.16198088699997, 4.596983851000061 ], [ -74.162106950999942, 4.598149531000047 ], [ -74.162114996999946, 4.598593344000051 ], [ -74.162064034999958, 4.59955048300003 ] ], [ [ -74.16205464799998, 4.599782112000071 ], [ -74.161866892999967, 4.602134850000027 ], [ -74.161748875999933, 4.603984952000076 ], [ -74.161448467999946, 4.607626324000023 ], [ -74.161266077999983, 4.609583353000062 ] ], [ [ -74.161258701999941, 4.609592285000076 ], [ -74.161183599999958, 4.610741903000076 ], [ -74.161146048999967, 4.611570697000047 ], [ -74.161156777999963, 4.611961031000021 ], [ -74.161237243999949, 4.612709618000054 ], [ -74.161419634999959, 4.613303139000038 ], [ -74.161698583999964, 4.613869925000074 ], [ -74.161988262999955, 4.614388587000064 ], [ -74.162390593999987, 4.615067660000022 ] ], [ [ -74.16249989399995, 4.615379063000034 ], [ -74.165702451999948, 4.620902516000058 ] ], [ [ -74.165917028999957, 4.621191253000063 ], [ -74.167397607999987, 4.623693635000052 ], [ -74.167676557999982, 4.624089310000045 ], [ -74.168481219999933, 4.624773720000064 ], [ -74.168717254999933, 4.624955517000046 ], [ -74.168888915999958, 4.625158701000032 ], [ -74.169275153999934, 4.626089069000045 ], [ -74.169575561999977, 4.626965967000046 ], [ -74.17002617299994, 4.627607599000044 ], [ -74.170508969999958, 4.628292006000038 ] ] ] } },
{ "type": "Feature", "properties": { "camera_id": "DEI-026/CAM-01", "segment_id": "1002325", "distance_m": 27.118, "install_date": "2020-03-27T00:00:00", "accidents_pre": 161, "accidents_post": 604, "speed_pre_kph": 24.075, "speed_post_kph": 26.57, "n_pre_obs": 12053.0, "n_post_obs": 22284.0 }, "geometry": { "type": "MultiLineString", "coordinates": [ [ [ -74.142903171999933, 4.566886673000056 ], [ -74.143149935999986, 4.566961537000054 ], [ -74.143407427999989, 4.567095221000045 ], [ -74.143879495999954, 4.567405370000074 ], [ -74.146508060999963, 4.569196741000042 ], [ -74.149667702999977, 4.571373116000075 ], [ -74.151142917999948, 4.572373071000072 ] ] ] } },
{ "type": "Feature", "properties": { "camera_id": "DEI-026/CAM-02", "segment_id": "129", "distance_m": 17.369, "install_date": "2020-03-27T00:00:00", "accidents_pre": 161, "accidents_post": 604, "speed_pre_kph": 18.74, "speed_post_kph": 22.467, "n_pre_obs": 38963.0, "n_post_obs": 23470.0 }, "geometry": { "type": "MultiLineString", "coordinates": [ [ [ -74.17071281799997, 4.628185067000061 ], [ -74.170047629999942, 4.627115681000021 ], [ -74.169489730999942, 4.625746865000053 ], [ -74.169189323999944, 4.62504106800003 ], [ -74.168996204999985, 4.624720251000042 ], [ -74.168609965999963, 4.624420821000058 ], [ -74.168009151999968, 4.624014453000029 ], [ -74.166206706999958, 4.621062926000036 ] ], [ [ -74.166088689999981, 4.620752801000037 ], [ -74.162848580999935, 4.615427186000034 ] ], [ [ -74.162591088999989, 4.615032236000047 ], [ -74.161764968999989, 4.613609925000048 ], [ -74.161475289999942, 4.612882728000045 ], [ -74.161357272999965, 4.612091366000072 ], [ -74.161357272999965, 4.611353473000065 ], [ -74.161443103999943, 4.609663802000057 ] ], [ [ -74.161464561999935, 4.609578249000037 ], [ -74.161754239999937, 4.606156118000058 ], [ -74.162187416999984, 4.600100510000061 ], [ -74.16219412199996, 4.599969505000047 ], [ -74.162211556999978, 4.599746262000053 ] ], [ [ -74.162290681999934, 4.599521074000052 ], [ -74.162333596999986, 4.598981012000024 ], [ -74.162360418999981, 4.598392826000065 ], [ -74.162333596999986, 4.59782068100003 ], [ -74.162231672999951, 4.597216452000055 ], [ -74.162231672999951, 4.596852845000058 ], [ -74.162296045999938, 4.596601528000065 ], [ -74.162462342999959, 4.596371600000055 ], [ -74.162558902999933, 4.596179102000065 ], [ -74.16262863999998, 4.595927785000072 ], [ -74.162574995999989, 4.595462582000039 ], [ -74.162301410999987, 4.595109668000021 ], [ -74.161958087999949, 4.594553562000044 ], [ -74.161421645999951, 4.589869417000045 ] ], [ [ -74.161416281999948, 4.589703653000072 ], [ -74.161308993999967, 4.58833476500007 ], [ -74.161233891999984, 4.587906987000054 ], [ -74.160946894999938, 4.587222541000074 ], [ -74.158581186999982, 4.582415361000074 ], [ -74.157626320999952, 4.580559856000036 ] ], [ [ -74.157530975999975, 4.580187 ], [ -74.155277920999936, 4.57608027200007 ], [ -74.154033375999973, 4.574240792000069 ], [ -74.153003407999961, 4.573278272000039 ], [ -74.151458454999954, 4.572187414000041 ] ], [ [ -74.151303850999966, 4.572132440000075 ], [ -74.150225602999967, 4.571394506000047 ], [ -74.149152718999972, 4.570624487000032 ], [ -74.14781697899997, 4.569710088000022 ], [ -74.146497331999967, 4.568833119000033 ], [ -74.144550048999974, 4.567496275000053 ], [ -74.143391333999944, 4.566726252000024 ], [ -74.142946087999974, 4.566603262000058 ] ], [ [ -74.142865620999942, 4.566555135000044 ], [ -74.14196439899996, 4.566555135000044 ], [ -74.141181193999955, 4.566736947000038 ], [ -74.139904462999937, 4.567015011000024 ], [ -74.139013968999961, 4.566982926000037 ], [ -74.137511931999938, 4.567004316000066 ], [ -74.136739455999987, 4.567346548000046 ], [ -74.135677300999987, 4.567891981000059 ], [ -74.134615145999987, 4.568287687000065 ], [ -74.13418599299996, 4.568480193000028 ] ], [ [ -74.134100161999982, 4.568501582000067 ], [ -74.131611071999941, 4.569464109000023 ], [ -74.129454575999944, 4.570319687000051 ], [ -74.128961049999987, 4.57039455000006 ], [ -74.128328048999947, 4.570287603000054 ], [ -74.127920352999979, 4.570073709000042 ], [ -74.126707993999958, 4.569442719000051 ], [ -74.12579604299998, 4.568993540000065 ] ] ] } },
{ "type": "Feature", "properties": { "camera_id": "DEI-026/CAM-02", "segment_id": "1002287", "distance_m": 17.369, "install_date": "2020-03-27T00:00:00", "accidents_pre": 161, "accidents_post": 604, "speed_pre_kph": 20.338, "speed_post_kph": 21.395, "n_pre_obs": 13408.0, "n_post_obs": 21994.0 }, "geometry": { "type": "MultiLineString", "coordinates": [ [ [ -74.151303850999966, 4.572132440000075 ], [ -74.150225602999967, 4.571394506000047 ], [ -74.149152718999972, 4.570624487000032 ], [ -74.14781697899997, 4.569710088000022 ], [ -74.146497331999967, 4.568833119000033 ], [ -74.144550048999974, 4.567496275000053 ], [ -74.143391333999944, 4.566726252000024 ], [ -74.142946087999974, 4.566603262000058 ] ] ] } },
{ "type": "Feature", "properties": { "camera_id": "DEI-026/CAM-02", "segment_id": "130", "distance_m": 18.438, "install_date": "2020-03-27T00:00:00", "accidents_pre": 161, "accidents_post": 604, "speed_pre_kph": 17.856, "speed_post_kph": 23.089, "n_pre_obs": 39056.0, "n_post_obs": 22858.0 }, "geometry": { "type": "MultiLineString", "coordinates": [ [ [ -74.125549279999973, 4.569399941000029 ], [ -74.127244435999955, 4.570298298000068 ], [ -74.128574811999954, 4.570897202000026 ], [ -74.129325829999971, 4.57096137000002 ], [ -74.130227052999942, 4.570758171000023 ], [ -74.132179700999984, 4.569956067000021 ], [ -74.133778296999935, 4.56932507700003 ], [ -74.134529315999941, 4.569025625000052 ] ], [ [ -74.134658061999971, 4.568976526000029 ], [ -74.135548554999957, 4.568644989000063 ], [ -74.136439048999989, 4.568174420000048 ], [ -74.137458287999948, 4.567725240000073 ], [ -74.137919627999963, 4.567618293000066 ], [ -74.138423882999973, 4.567618293000066 ], [ -74.139346562999947, 4.567511345000071 ], [ -74.140129767999952, 4.567297450000069 ], [ -74.140794955999979, 4.567147723000062 ], [ -74.141470872999946, 4.566965912000057 ], [ -74.142264806999947, 4.566858964000062 ], [ -74.142715417999966, 4.566912438000031 ] ], [ [ -74.142903171999933, 4.566886673000056 ], [ -74.143149935999986, 4.566961537000054 ], [ -74.143407427999989, 4.567095221000045 ], [ -74.143879495999954, 4.567405370000074 ], [ -74.146508060999963, 4.569196741000042 ], [ -74.149667702999977, 4.571373116000075 ], [ -74.151142917999948, 4.572373071000072 ] ], [ [ -74.151281001999962, 4.572454356000037 ], [ -74.152445507999971, 4.573299661000021 ], [ -74.153947544999937, 4.574775525000064 ], [ -74.154762936999987, 4.57588776800003 ], [ -74.156415176999985, 4.579031985000029 ], [ -74.157209110999986, 4.580486448000045 ] ], [ [ -74.157356632999949, 4.58063665800006 ], [ -74.158649457999957, 4.583181961000037 ], [ -74.159902048999982, 4.585780727000042 ], [ -74.160873008999943, 4.58780198300002 ], [ -74.160980296999981, 4.588235108000049 ], [ -74.161012483999968, 4.588534553000045 ], [ -74.161060762999966, 4.589117400000021 ], [ -74.161109042999954, 4.589753719000043 ] ], [ [ -74.161168177999969, 4.589848028000063 ], [ -74.161288876999947, 4.591176810000036 ], [ -74.161439080999969, 4.592548367000063 ], [ -74.161661703999982, 4.594393146000073 ], [ -74.161683161999974, 4.594644464000055 ], [ -74.161685843999976, 4.594914496000058 ], [ -74.161656339999979, 4.59507491100004 ], [ -74.16158123799994, 4.595229980000056 ], [ -74.161374707999983, 4.595459908000066 ], [ -74.161267418999955, 4.595644385000071 ], [ -74.161256689999959, 4.595983931000035 ], [ -74.161321062999946, 4.596155040000042 ], [ -74.161428351999973, 4.596318129000053 ], [ -74.161629516999938, 4.59643576600007 ], [ -74.16183336499995, 4.596652326000026 ], [ -74.161943335999979, 4.596815415000037 ], [ -74.16198088699997, 4.596983851000061 ], [ -74.162106950999942, 4.598149531000047 ], [ -74.162114996999946, 4.598593344000051 ], [ -74.162064034999958, 4.59955048300003 ] ], [ [ -74.16205464799998, 4.599782112000071 ], [ -74.161866892999967, 4.602134850000027 ], [ -74.161748875999933, 4.603984952000076 ], [ -74.161448467999946, 4.607626324000023 ], [ -74.161266077999983, 4.609583353000062 ] ], [ [ -74.161258701999941, 4.609592285000076 ], [ -74.161183599999958, 4.610741903000076 ], [ -74.161146048999967, 4.611570697000047 ], [ -74.161156777999963, 4.611961031000021 ], [ -74.161237243999949, 4.612709618000054 ], [ -74.161419634999959, 4.613303139000038 ], [ -74.161698583999964, 4.613869925000074 ], [ -74.161988262999955, 4.614388587000064 ], [ -74.162390593999987, 4.615067660000022 ] ], [ [ -74.16249989399995, 4.615379063000034 ], [ -74.165702451999948, 4.620902516000058 ] ], [ [ -74.165917028999957, 4.621191253000063 ], [ -74.167397607999987, 4.623693635000052 ], [ -74.167676557999982, 4.624089310000045 ], [ -74.168481219999933, 4.624773720000064 ], [ -74.168717254999933, 4.624955517000046 ], [ -74.168888915999958, 4.625158701000032 ], [ -74.169275153999934, 4.626089069000045 ], [ -74.169575561999977, 4.626965967000046 ], [ -74.17002617299994, 4.627607599000044 ], [ -74.170508969999958, 4.628292006000038 ] ] ] } },
{ "type": "Feature", "properties": { "camera_id": "DEI-026/CAM-02", "segment_id": "1002325", "distance_m": 18.438, "install_date": "2020-03-27T00:00:00", "accidents_pre": 161, "accidents_post": 604, "speed_pre_kph": 24.075, "speed_post_kph": 26.57, "n_pre_obs": 12053.0, "n_post_obs": 22284.0 }, "geometry": { "type": "MultiLineString", "coordinates": [ [ [ -74.142903171999933, 4.566886673000056 ], [ -74.143149935999986, 4.566961537000054 ], [ -74.143407427999989, 4.567095221000045 ], [ -74.143879495999954, 4.567405370000074 ], [ -74.146508060999963, 4.569196741000042 ], [ -74.149667702999977, 4.571373116000075 ], [ -74.151142917999948, 4.572373071000072 ] ] ] } },
{ "type": "Feature", "properties": { "camera_id": "DEI-027/CAM-01", "segment_id": "61", "distance_m": 41.901, "install_date": "2020-03-27T00:00:00", "accidents_pre": 160, "accidents_post": 270, "speed_pre_kph": 20.08, "speed_post_kph": 21.817, "n_pre_obs": 39973.0, "n_post_obs": 22931.0 }, "geometry": { "type": "MultiLineString", "coordinates": [ [ [ -74.093041409999955, 4.622602854000036 ], [ -74.089221943999974, 4.619052458000056 ], [ -74.085981835999974, 4.616143687000033 ] ], [ [ -74.085777987999961, 4.615953868000076 ], [ -74.081014383999957, 4.611975675000053 ], [ -74.079920042999959, 4.611013205000063 ], [ -74.079254854999988, 4.610606829000062 ] ], [ [ -74.079061735999971, 4.610467806000031 ], [ -74.076497543999949, 4.608735356000068 ] ], [ [ -74.076186407999955, 4.608561576000056 ], [ -74.073976267999967, 4.606871899000055 ] ], [ [ -74.073756326999955, 4.606695445000071 ], [ -74.071701754999935, 4.60525173000002 ], [ -74.07025336199996, 4.60435876300005 ] ] ] } },
{ "type": "Feature", "properties": { "camera_id": "DEI-027/CAM-01", "segment_id": "1000315", "distance_m": 41.901, "install_date": "2020-03-27T00:00:00", "accidents_pre": 160, "accidents_post": 270, "speed_pre_kph": 16.22, "speed_post_kph": 19.455, "n_pre_obs": 39053.0, "n_post_obs": 23319.0 }, "geometry": { "type": "MultiLineString", "coordinates": [ [ [ -74.073756326999955, 4.606695445000071 ], [ -74.071701754999935, 4.60525173000002 ], [ -74.07025336199996, 4.60435876300005 ] ] ] } },
{ "type": "Feature", "properties": { "camera_id": "DEI-027/CAM-01", "segment_id": "1000317", "distance_m": 52.534, "install_date": "2020-03-27T00:00:00", "accidents_pre": 160, "accidents_post": 270, "speed_pre_kph": 18.676, "speed_post_kph": 21.244, "n_pre_obs": 40438.0, "n_post_obs": 23769.0 }, "geometry": { "type": "MultiLineString", "coordinates": [ [ [ -74.076186407999955, 4.608561576000056 ], [ -74.073976267999967, 4.606871899000055 ] ] ] } },
{ "type": "Feature", "properties": { "camera_id": "DEI-027/CAM-01", "segment_id": "60", "distance_m": 55.914, "install_date": "2020-03-27T00:00:00", "accidents_pre": 160, "accidents_post": 270, "speed_pre_kph": 20.614, "speed_post_kph": 22.437, "n_pre_obs": 37004.0, "n_post_obs": 21773.0 }, "geometry": { "type": "MultiLineString", "coordinates": [ [ [ -74.070205081999973, 4.604481747000023 ], [ -74.072189916999946, 4.605775745000074 ], [ -74.073702682999965, 4.606813081000041 ] ], [ [ -74.073906530999977, 4.606989535000025 ], [ -74.076116670999966, 4.60870060000002 ] ], [ [ -74.076261509999938, 4.608903789000067 ], [ -74.078216839999982, 4.610219167000025 ], [ -74.078560162999963, 4.610443744000065 ], [ -74.078892756999949, 4.610673667000071 ], [ -74.078962494999985, 4.610713770000075 ] ], [ [ -74.079029549999973, 4.610767241000076 ], [ -74.079759110999987, 4.611280558000033 ], [ -74.082355488999951, 4.613462153000057 ], [ -74.085584868999945, 4.616157055000031 ] ], [ [ -74.085820902999956, 4.61637093500002 ], [ -74.087805737999986, 4.617996426000047 ], [ -74.088942993999979, 4.618980274000023 ], [ -74.08966182599994, 4.619793017000063 ], [ -74.092837561999943, 4.62280871300004 ] ] ] } },
{ "type": "Feature", "properties": { "camera_id": "DEI-027/CAM-01", "segment_id": "1000314", "distance_m": 55.914, "install_date": "2020-03-27T00:00:00", "accidents_pre": 160, "accidents_post": 270, "speed_pre_kph": 16.606, "speed_post_kph": 20.149, "n_pre_obs": 39676.0, "n_post_obs": 22985.0 }, "geometry": { "type": "MultiLineString", "coordinates": [ [ [ -74.070205081999973, 4.604481747000023 ], [ -74.072189916999946, 4.605775745000074 ], [ -74.073702682999965, 4.606813081000041 ] ] ] } },
{ "type": "Feature", "properties": { "camera_id": "DEI-027/CAM-02", "segment_id": "73", "distance_m": 0.663, "install_date": "2020-03-27T00:00:00", "accidents_pre": 243, "accidents_post": 468, "speed_pre_kph": 20.572, "speed_post_kph": 21.339, "n_pre_obs": 36548.0, "n_post_obs": 23438.0 }, "geometry": { "type": "MultiLineString", "coordinates": [ [ [ -74.071677614999942, 4.610818038000048 ], [ -74.07221405699994, 4.609919732000037 ], [ -74.073394228999973, 4.607984092000038 ], [ -74.073887754999987, 4.607053700000051 ] ], [ [ -74.085037697999951, 4.589236988000039 ], [ -74.088765968999951, 4.583846970000025 ], [ -74.089930046999939, 4.582264180000038 ] ], [ [ -74.090058122999949, 4.582081035000044 ], [ -74.090744767999979, 4.581150609000076 ], [ -74.091726456999936, 4.579829830000051 ], [ -74.092160974999956, 4.579241628000034 ], [ -74.094387207999944, 4.576188316000071 ], [ -74.094596419999959, 4.575920951000057 ] ], [ [ -74.094572950999975, 4.575515891000066 ], [ -74.095645834999971, 4.574328785000034 ], [ -74.09634320899994, 4.57354807400003 ], [ -74.097180057999935, 4.572671110000044 ], [ -74.097802330999968, 4.571975955000028 ] ] ] } },
{ "type": "Feature", "properties": { "camera_id": "DEI-027/CAM-02", "segment_id": "1000307", "distance_m": 0.663, "install_date": "2020-03-27T00:00:00", "accidents_pre": 243, "accidents_post": 468, "speed_pre_kph": 19.036, "speed_post_kph": 21.698, "n_pre_obs": 40124.0, "n_post_obs": 24209.0 }, "geometry": { "type": "MultiLineString", "coordinates": [ [ [ -74.071677614999942, 4.610818038000048 ], [ -74.07221405699994, 4.609919732000037 ], [ -74.073394228999973, 4.607984092000038 ], [ -74.073887754999987, 4.607053700000051 ] ] ] } },
{ "type": "Feature", "properties": { "camera_id": "DEI-027/CAM-02", "segment_id": "74", "distance_m": 31.103, "install_date": "2020-03-27T00:00:00", "accidents_pre": 243, "accidents_post": 468, "speed_pre_kph": 19.229, "speed_post_kph": 21.448, "n_pre_obs": 38753.0, "n_post_obs": 17667.0 }, "geometry": { "type": "MultiLineString", "coordinates": [ [ [ -74.098038364999979, 4.572286101000032 ], [ -74.097126413999945, 4.573259318000055 ], [ -74.096740175999969, 4.573687105000033 ], [ -74.096429039999975, 4.573997250000048 ], [ -74.095817495999938, 4.574681708000071 ], [ -74.094830442999978, 4.575761868000029 ] ], [ [ -74.094414029999939, 4.575787268000056 ], [ -74.093544993999956, 4.576963677000037 ], [ -74.092616949999979, 4.578225641000074 ], [ -74.091415319999953, 4.579792399000041 ], [ -74.090551648999963, 4.581032969000034 ], [ -74.08985963899994, 4.581995479000057 ] ], [ [ -74.089731563999976, 4.582162581000034 ], [ -74.087580431999982, 4.585098228000049 ], [ -74.085906733999934, 4.587568653000062 ], [ -74.08480166399994, 4.589204904000042 ] ], [ [ -74.073697317999972, 4.606855857000028 ], [ -74.072592247999978, 4.608780806000027 ], [ -74.071905602999948, 4.609818138000037 ], [ -74.071422804999941, 4.610695056000054 ] ] ] } },
{ "type": "Feature", "properties": { "camera_id": "DEI-027/CAM-02", "segment_id": "1000306", "distance_m": 31.103, "install_date": "2020-03-27T00:00:00", "accidents_pre": 243, "accidents_post": 468, "speed_pre_kph": 20.6, "speed_post_kph": 24.349, "n_pre_obs": 38193.0, "n_post_obs": 17823.0 }, "geometry": { "type": "MultiLineString", "coordinates": [ [ [ -74.073697317999972, 4.606855857000028 ], [ -74.072592247999978, 4.608780806000027 ], [ -74.071905602999948, 4.609818138000037 ], [ -74.071422804999941, 4.610695056000054 ] ] ] } },
{ "type": "Feature", "properties": { "camera_id": "DEI-027/CAM-02", "segment_id": "60", "distance_m": 42.409, "install_date": "2020-03-27T00:00:00", "accidents_pre": 243, "accidents_post": 468, "speed_pre_kph": 20.614, "speed_post_kph": 22.437, "n_pre_obs": 37004.0, "n_post_obs": 21773.0 }, "geometry": { "type": "MultiLineString", "coordinates": [ [ [ -74.070205081999973, 4.604481747000023 ], [ -74.072189916999946, 4.605775745000074 ], [ -74.073702682999965, 4.606813081000041 ] ], [ [ -74.073906530999977, 4.606989535000025 ], [ -74.076116670999966, 4.60870060000002 ] ], [ [ -74.076261509999938, 4.608903789000067 ], [ -74.078216839999982, 4.610219167000025 ], [ -74.078560162999963, 4.610443744000065 ], [ -74.078892756999949, 4.610673667000071 ], [ -74.078962494999985, 4.610713770000075 ] ], [ [ -74.079029549999973, 4.610767241000076 ], [ -74.079759110999987, 4.611280558000033 ], [ -74.082355488999951, 4.613462153000057 ], [ -74.085584868999945, 4.616157055000031 ] ], [ [ -74.085820902999956, 4.61637093500002 ], [ -74.087805737999986, 4.617996426000047 ], [ -74.088942993999979, 4.618980274000023 ], [ -74.08966182599994, 4.619793017000063 ], [ -74.092837561999943, 4.62280871300004 ] ] ] } },
{ "type": "Feature", "properties": { "camera_id": "DEI-027/CAM-02", "segment_id": "1000316", "distance_m": 42.409, "install_date": "2020-03-27T00:00:00", "accidents_pre": 243, "accidents_post": 468, "speed_pre_kph": 22.332, "speed_post_kph": 23.299, "n_pre_obs": 40288.0, "n_post_obs": 23887.0 }, "geometry": { "type": "MultiLineString", "coordinates": [ [ [ -74.073906530999977, 4.606989535000025 ], [ -74.076116670999966, 4.60870060000002 ] ] ] } },
{ "type": "Feature", "properties": { "camera_id": "DEI-027/CAM-02", "segment_id": "61", "distance_m": 57.503, "install_date": "2020-03-27T00:00:00", "accidents_pre": 243, "accidents_post": 468, "speed_pre_kph": 20.08, "speed_post_kph": 21.817, "n_pre_obs": 39973.0, "n_post_obs": 22931.0 }, "geometry": { "type": "MultiLineString", "coordinates": [ [ [ -74.093041409999955, 4.622602854000036 ], [ -74.089221943999974, 4.619052458000056 ], [ -74.085981835999974, 4.616143687000033 ] ], [ [ -74.085777987999961, 4.615953868000076 ], [ -74.081014383999957, 4.611975675000053 ], [ -74.079920042999959, 4.611013205000063 ], [ -74.079254854999988, 4.610606829000062 ] ], [ [ -74.079061735999971, 4.610467806000031 ], [ -74.076497543999949, 4.608735356000068 ] ], [ [ -74.076186407999955, 4.608561576000056 ], [ -74.073976267999967, 4.606871899000055 ] ], [ [ -74.073756326999955, 4.606695445000071 ], [ -74.071701754999935, 4.60525173000002 ], [ -74.07025336199996, 4.60435876300005 ] ] ] } },
{ "type": "Feature", "properties": { "camera_id": "DEI-027/CAM-02", "segment_id": "1000317", "distance_m": 57.503, "install_date": "2020-03-27T00:00:00", "accidents_pre": 243, "accidents_post": 468, "speed_pre_kph": 18.676, "speed_post_kph": 21.244, "n_pre_obs": 40438.0, "n_post_obs": 23769.0 }, "geometry": { "type": "MultiLineString", "coordinates": [ [ [ -74.076186407999955, 4.608561576000056 ], [ -74.073976267999967, 4.606871899000055 ] ] ] } },
{ "type": "Feature", "properties": { "camera_id": "DEI-027/CAM-02", "segment_id": "1000314", "distance_m": 58.966, "install_date": "2020-03-27T00:00:00", "accidents_pre": 243, "accidents_post": 468, "speed_pre_kph": 16.606, "speed_post_kph": 20.149, "n_pre_obs": 39676.0, "n_post_obs": 22985.0 }, "geometry": { "type": "MultiLineString", "coordinates": [ [ [ -74.070205081999973, 4.604481747000023 ], [ -74.072189916999946, 4.605775745000074 ], [ -74.073702682999965, 4.606813081000041 ] ] ] } },
{ "type": "Feature", "properties": { "camera_id": "DEI-028/CAM-01", "segment_id": "2", "distance_m": 8.324, "install_date": "2019-11-19T00:00:00", "accidents_pre": 413, "accidents_post": 958, "speed_pre_kph": 26.251, "speed_post_kph": 28.761, "n_pre_obs": 24876.0, "n_post_obs": 31002.0 }, "geometry": { "type": "MultiLineString", "coordinates": [ [ [ -74.068534733999968, 4.617026619000058 ], [ -74.06818068299998, 4.618684191000057 ], [ -74.067762257999959, 4.619700119000072 ], [ -74.067215086999965, 4.620887150000044 ], [ -74.067021967999949, 4.621325603000059 ] ], [ [ -74.064173521999976, 4.631433126000047 ], [ -74.063867749999986, 4.632502506000037 ], [ -74.063840927999934, 4.632694994000076 ], [ -74.06372827499996, 4.634881870000072 ], [ -74.063685359999965, 4.635646472000076 ], [ -74.063535155999944, 4.636560786000075 ], [ -74.063325943999985, 4.637587383000039 ], [ -74.062875332999965, 4.639410659000021 ] ], [ [ -74.062788773999955, 4.639589969000042 ], [ -74.061554957999988, 4.64414546200004 ] ], [ [ -74.061546111999974, 4.644283291000022 ], [ -74.061256432999983, 4.645168187000024 ], [ -74.060880923999946, 4.645852577000028 ], [ -74.060355210999944, 4.646547659000021 ], [ -74.060044074999951, 4.647050257000046 ], [ -74.059722209999961, 4.647723952000035 ] ], [ [ -74.059735806999981, 4.647837899000024 ], [ -74.059253008999974, 4.648800318000042 ], [ -74.058523448999949, 4.650072848000036 ], [ -74.058105023999985, 4.65067168500002 ], [ -74.057332547999977, 4.651420231000031 ], [ -74.056774647999987, 4.652126001000056 ], [ -74.056141646999947, 4.653163269000061 ], [ -74.055691035999985, 4.653986666000037 ], [ -74.055433543999982, 4.654692434000026 ] ], [ [ -74.055364251999947, 4.654840329000024 ], [ -74.055345140999975, 4.654883771000073 ], [ -74.055322006999972, 4.654935567000052 ], [ -74.055304572999944, 4.654977004000045 ], [ -74.055205665999949, 4.655201233000071 ], [ -74.055002823999985, 4.655640666000068 ], [ -74.054876760999946, 4.655836156000021 ], [ -74.054765448999945, 4.656011260000071 ], [ -74.054540478999968, 4.656363475000035 ], [ -74.054456994999953, 4.65647141200003 ], [ -74.054395638999949, 4.65655094400006 ], [ -74.054267228999947, 4.65671702700007 ], [ -74.054120041999965, 4.656929224000066 ], [ -74.054035552999949, 4.657053201000053 ], [ -74.053859196999952, 4.657303828000067 ], [ -74.053690217999986, 4.657541422000065 ], [ -74.053342201999953, 4.658033653000075 ], [ -74.053301632999933, 4.658090796000067 ], [ -74.05321110899996, 4.658218448000071 ], [ -74.053087391999952, 4.658392884000023 ], [ -74.052840963999984, 4.658742090000032 ] ], [ [ -74.052838448999978, 4.658744095000031 ], [ -74.052756306999981, 4.658822291000035 ], [ -74.052682880999953, 4.658894471000053 ], [ -74.052617837999946, 4.658956292000028 ], [ -74.05255413499998, 4.659017111000026 ], [ -74.05242773599997, 4.659128389000045 ], [ -74.052165549999984, 4.659355623000067 ], [ -74.052080389999958, 4.659440836000044 ], [ -74.051998917999981, 4.659519365000051 ], [ -74.051842008999984, 4.659675088000029 ], [ -74.051526513999988, 4.659987201000035 ], [ -74.05145074099994, 4.660063057000059 ], [ -74.051377985999977, 4.660134234000054 ], [ -74.051233817999957, 4.660276256000031 ], [ -74.050949503999959, 4.660557291000032 ], [ -74.05078588899994, 4.660718359000043 ], [ -74.050725873999966, 4.660778175000075 ], [ -74.050664518999952, 4.660838660000024 ], [ -74.050541136999982, 4.660960631000023 ], [ -74.050293367999984, 4.661205241000062 ] ], [ [ -74.050291439999967, 4.661208583000075 ], [ -74.050179792999984, 4.661330220000025 ], [ -74.050095219999946, 4.661421113000074 ], [ -74.049927581999953, 4.661603568000032 ], [ -74.049574535999966, 4.661988529000041 ], [ -74.049469259999967, 4.662095128000033 ], [ -74.049380746999987, 4.662185687000033 ], [ -74.049206402999971, 4.662370147000047 ], [ -74.048852015999955, 4.662754439000025 ], [ -74.048764173999984, 4.662849676000064 ], [ -74.048670966999964, 4.662950929000033 ], [ -74.048459072999947, 4.663166466000064 ], [ -74.048299480999958, 4.663328203000049 ], [ -74.048078533999956, 4.663552094000067 ], [ -74.048023883999974, 4.663611241000069 ], [ -74.047963533999962, 4.663676738000049 ], [ -74.047843840999974, 4.663805392000029 ], [ -74.047759350999968, 4.663895282000055 ], [ -74.047675196999933, 4.66398717800007 ], [ -74.047565225999961, 4.664090101000056 ], [ -74.047280576999981, 4.66436946400006 ], [ -74.047160547999965, 4.664534207000031 ], [ -74.047076058999949, 4.664651500000048 ], [ -74.04698855099997, 4.664773804000049 ], [ -74.046876568999949, 4.664945899000031 ], [ -74.046779338999954, 4.66509293200005 ], [ -74.046748493999985, 4.665155421000065 ] ], [ [ -74.046747487999937, 4.665157092000072 ], [ -74.046712618999948, 4.665231611000024 ], [ -74.046670709999944, 4.665319830000044 ], [ -74.046587225999986, 4.665491926000072 ], [ -74.046420257999955, 4.665840794000076 ], [ -74.046097386999975, 4.666508121000049 ], [ -74.045942489999959, 4.66682658000002 ], [ -74.045795638999948, 4.667144371000063 ], [ -74.045504954999956, 4.66778262400004 ], [ -74.045464050999954, 4.667870844000049 ], [ -74.045422476999988, 4.667963407000059 ], [ -74.045340333999945, 4.66814185100003 ], [ -74.045175042999972, 4.668503082000029 ], [ -74.04500773999996, 4.668863310000063 ], [ -74.044921573999943, 4.669045764000032 ], [ -74.04486189499994, 4.669172746000072 ], [ -74.044833731999972, 4.669229888000075 ], [ -74.044673804999945, 4.669567727000071 ], [ -74.04459501499997, 4.669736813000043 ], [ -74.044508848999953, 4.669908573000043 ], [ -74.044423353999946, 4.670071645000064 ], [ -74.044349257999954, 4.670216003000064 ], [ -74.044276167999953, 4.670355349000033 ], [ -74.044199053999989, 4.670504219000065 ], [ -74.043701168999974, 4.671469949000027 ] ], [ [ -74.043652456999951, 4.671567434000053 ], [ -74.04280487799997, 4.673310423000032 ], [ -74.042547385999967, 4.673604485000055 ], [ -74.04230062299996, 4.673829041000033 ], [ -74.041592519999938, 4.674358353000059 ] ], [ [ -74.041365802999962, 4.674519842000052 ], [ -74.040872276999949, 4.674968954000065 ], [ -74.040335834999951, 4.675824405000071 ], [ -74.040142715999934, 4.676765400000022 ], [ -74.039949596999975, 4.677663621000022 ], [ -74.039584815999945, 4.678112731000056 ], [ -74.037911117999954, 4.680144416000076 ], [ -74.037589252999965, 4.680593524000074 ], [ -74.035572231999936, 4.684977663000041 ] ], [ [ -74.035545660999958, 4.685053350000032 ], [ -74.035266710999963, 4.685791166000058 ], [ -74.035121871999934, 4.68625096300002 ], [ -74.03492070599998, 4.687167885000065 ], [ -74.034695400999965, 4.688362822000045 ], [ -74.03466857899997, 4.688555295000072 ], [ -74.034499599999947, 4.689207563000025 ], [ -74.034303797999939, 4.689851812000029 ], [ -74.034040941999933, 4.690707244000066 ] ], [ [ -74.034043288999953, 4.690717687000074 ], [ -74.03403691799997, 4.690736733000051 ], [ -74.033774396999945, 4.691587487000049 ], [ -74.033706335999966, 4.691809030000059 ], [ -74.033617739999954, 4.692096819000028 ], [ -74.033524783999951, 4.692386279000061 ], [ -74.033340717999977, 4.692881826000075 ], [ -74.033314900999983, 4.692952667000043 ], [ -74.033289084999979, 4.693020165000064 ], [ -74.033214988999987, 4.693219320000026 ], [ -74.033025641999984, 4.693728150000027 ] ], [ [ -74.033020779999958, 4.693736086000058 ], [ -74.032765970999947, 4.694456516000059 ], [ -74.032327093999982, 4.695192986000052 ], [ -74.031918056999984, 4.695878997000023 ], [ -74.031851001999939, 4.695986594000033 ], [ -74.031740360999947, 4.696158682000032 ], [ -74.031510025999978, 4.696516891000044 ], [ -74.031034101999978, 4.697291535000033 ], [ -74.03092815399998, 4.697399799000038 ], [ -74.030793708999965, 4.69753847100003 ], [ -74.030592542999955, 4.697747649000064 ], [ -74.030476201999988, 4.697868277000055 ], [ -74.030404787999942, 4.697899019000033 ] ], [ [ -74.030394729999955, 4.697906203000059 ], [ -74.030381653999939, 4.69791288600004 ], [ -74.030345108999938, 4.697932601000048 ], [ -74.030200939999986, 4.698017809000021 ], [ -74.029932048999967, 4.698238682000067 ], [ -74.029875722999975, 4.698273434000043 ], [ -74.029755693999959, 4.698350622000021 ], [ -74.029544804999944, 4.698484950000022 ], [ -74.029509600999972, 4.698515024000073 ], [ -74.029444557999966, 4.69856982400006 ], [ -74.029202822999935, 4.698771650000026 ], [ -74.029144484999961, 4.698821105000036 ], [ -74.02909084099997, 4.698907315000042 ], [ -74.029060330999982, 4.698971806000031 ], [ -74.028945666999959, 4.699217071000021 ], [ -74.028894368999943, 4.699327006000033 ], [ -74.028879281999934, 4.699378465000052 ], [ -74.028817925999988, 4.699607692000029 ], [ -74.028788421999934, 4.699751376000052 ], [ -74.028752547999943, 4.699937831000057 ], [ -74.028674427999988, 4.700325777000046 ], [ -74.028637212999968, 4.700471466000067 ], [ -74.028587591999951, 4.700667277000036 ], [ -74.028576862999955, 4.700769192000052 ], [ -74.028555404999963, 4.700975028000073 ], [ -74.028544675999967, 4.701217619000033 ], [ -74.028535288999933, 4.701417106000065 ], [ -74.028523218999965, 4.701687765000031 ], [ -74.028534282999942, 4.701957423000067 ], [ -74.028539646999945, 4.702087740000024 ], [ -74.028535958999953, 4.702166599000066 ] ], [ [ -74.028711308999959, 4.716264815000045 ], [ -74.028711308999959, 4.717013291000058 ], [ -74.028528917999949, 4.717473068000061 ], [ -74.02802466299994, 4.718242927000063 ], [ -74.027456034999943, 4.719205249000026 ], [ -74.027123440999958, 4.719975106000049 ], [ -74.026361693999945, 4.720819809000034 ], [ -74.026114929999949, 4.721418586000027 ], [ -74.026061285999958, 4.722616137000045 ] ], [ [ -74.026039827999966, 4.722755138000025 ], [ -74.02597545499998, 4.723321836000025 ], [ -74.025782335999963, 4.723728147000031 ], [ -74.024838198999987, 4.725310619000027 ], [ -74.024741638999956, 4.725749006000058 ], [ -74.024741638999956, 4.726540241000066 ], [ -74.024537790999943, 4.727417013000036 ] ], [ [ -74.024527062999937, 4.727534629000047 ], [ -74.024012077999942, 4.729181246000053 ], [ -74.023818958999982, 4.731693935000067 ], [ -74.023808230999975, 4.732164394000051 ], [ -74.024215925999954, 4.733832386000074 ], [ -74.024194468999951, 4.734869532000062 ], [ -74.02422665499995, 4.73539345100005 ], [ -74.024162281999963, 4.735874600000045 ], [ -74.023990620999939, 4.736173982000025 ], [ -74.023711670999944, 4.736494748000041 ], [ -74.023250330999986, 4.736901051000075 ] ], [ [ -74.023216635999972, 4.736966374000076 ], [ -74.022969872999965, 4.737308524000071 ], [ -74.022690922999971, 4.738056976000053 ], [ -74.02263727899998, 4.740024333000065 ], [ -74.022465616999966, 4.740569632000074 ], [ -74.022229582999955, 4.741147007000052 ], [ -74.022197395999967, 4.744472250000058 ], [ -74.022283226999946, 4.745808758000067 ], [ -74.022487074999958, 4.74696349900006 ], [ -74.022605091999935, 4.747188031000064 ] ], [ [ -74.022634763999974, 4.747225621000041 ], [ -74.023385782999981, 4.749438867000038 ], [ -74.023943681999981, 4.750860902000056 ], [ -74.024126071999945, 4.751491728000076 ], [ -74.024201173999984, 4.752058402000046 ], [ -74.024340648999953, 4.753897416000029 ] ], [ [ -74.024348695999947, 4.753961567000033 ], [ -74.024455983999985, 4.755538625000042 ], [ -74.024579365999955, 4.756185484000071 ], [ -74.024697382999989, 4.756575738000038 ], [ -74.024981696999987, 4.757227943000032 ], [ -74.025421578999953, 4.758195557000022 ], [ -74.025711257999944, 4.758714112000064 ], [ -74.026011664999942, 4.759131094000054 ], [ -74.026279885999941, 4.759467887000028 ], [ -74.026333529999988, 4.760114743000031 ], [ -74.026338894999981, 4.760446190000039 ], [ -74.026896793999981, 4.761878893000073 ], [ -74.027245480999966, 4.76268077800006 ], [ -74.027476150999973, 4.763306248000049 ], [ -74.027529795999953, 4.76374461000006 ], [ -74.027572710999948, 4.764626681000038 ] ] ] } },
{ "type": "Feature", "properties": { "camera_id": "DEI-028/CAM-01", "segment_id": "1000063", "distance_m": 8.324, "install_date": "2019-11-19T00:00:00", "accidents_pre": 413, "accidents_post": 958, "speed_pre_kph": 49.464, "speed_post_kph": 49.571, "n_pre_obs": 24663.0, "n_post_obs": 33300.0 }, "geometry": { "type": "MultiLineString", "coordinates": [ [ [ -74.043652456999951, 4.671567434000053 ], [ -74.04280487799997, 4.673310423000032 ], [ -74.042547385999967, 4.673604485000055 ], [ -74.04230062299996, 4.673829041000033 ], [ -74.041592519999938, 4.674358353000059 ] ] ] } },
{ "type": "Feature", "properties": { "camera_id": "DEI-028/CAM-01", "segment_id": "1", "distance_m": 9.298, "install_date": "2019-11-19T00:00:00", "accidents_pre": 413, "accidents_post": 958, "speed_pre_kph": 24.364, "speed_post_kph": 26.143, "n_pre_obs": 27366.0, "n_post_obs": 30599.0 }, "geometry": { "type": "MultiLineString", "coordinates": [ [ [ -74.027618307999944, 4.764634700000045 ], [ -74.02759416899994, 4.764279199000043 ], [ -74.027580757999942, 4.763902314000063 ], [ -74.027570028999946, 4.763792723000051 ], [ -74.027519066999957, 4.763410492000048 ], [ -74.027497608999965, 4.763268826000058 ], [ -74.02728839699995, 4.762667413000031 ], [ -74.026534695999942, 4.760919303000037 ], [ -74.02637376399997, 4.760427479000043 ], [ -74.026363034999974, 4.759745875000021 ], [ -74.026236970999946, 4.759205937000047 ], [ -74.025056798999969, 4.756859073000044 ], [ -74.02492805299994, 4.756516933000057 ], [ -74.024767119999979, 4.755832652000038 ], [ -74.024692017999939, 4.755340824000029 ], [ -74.024547178999967, 4.753956221000067 ] ], [ [ -74.024557907999963, 4.753873359000067 ], [ -74.02448280599998, 4.752969890000031 ], [ -74.024407703999941, 4.752397871000028 ], [ -74.024337966999951, 4.751831198000048 ], [ -74.024321873999952, 4.751606666000043 ], [ -74.024236042999974, 4.751066722000076 ], [ -74.024042923999957, 4.750484009000047 ], [ -74.023495752999963, 4.749110089000055 ], [ -74.02325435399996, 4.74843114600003 ], [ -74.02298613399995, 4.747597169000073 ], [ -74.022819836999986, 4.747142757000063 ] ], [ [ -74.022733837999965, 4.746995575000028 ], [ -74.022572905999937, 4.746525125000062 ], [ -74.022465616999966, 4.745712530000048 ], [ -74.022390514999984, 4.745210003000068 ], [ -74.022390514999984, 4.742932590000066 ], [ -74.022433430999968, 4.741189776000056 ], [ -74.022680193999975, 4.740537556000049 ], [ -74.022808939999948, 4.740141947000041 ], [ -74.022884041999987, 4.738089053000067 ], [ -74.022991329999968, 4.737575828000047 ], [ -74.023441940999987, 4.736998450000044 ] ], [ [ -74.023540009999977, 4.736911743000064 ], [ -74.024140824999961, 4.736312980000037 ], [ -74.02435540099998, 4.735874600000045 ], [ -74.024419773999966, 4.735425527000075 ], [ -74.024419773999966, 4.734110384000076 ], [ -74.024376858999972, 4.733661310000059 ], [ -74.024012077999942, 4.732078856000044 ], [ -74.024205197999947, 4.729256092000071 ], [ -74.024677265999969, 4.727834014000052 ] ], [ [ -74.024752367999952, 4.727427705000025 ], [ -74.024934757999972, 4.72652954800003 ], [ -74.024999130999959, 4.725481697000021 ], [ -74.025160063999977, 4.725139541000033 ], [ -74.02602909999996, 4.723738839000021 ], [ -74.026179302999935, 4.723343220000061 ], [ -74.026243675999979, 4.722829985000033 ] ], [ [ -74.026265133999971, 4.722658907000039 ], [ -74.026372421999952, 4.721397201000059 ], [ -74.02640460899994, 4.72120473700005 ], [ -74.026705015999937, 4.720755655000062 ], [ -74.02722, 4.720124801000054 ], [ -74.027391661999957, 4.719836104000024 ], [ -74.027788628999986, 4.719002092000039 ], [ -74.028528917999949, 4.717868690000046 ], [ -74.028829325999936, 4.717291296000042 ], [ -74.02889369899998, 4.717002598000022 ], [ -74.02889369899998, 4.716296893000049 ] ], [ [ -74.028676607999955, 4.702118983000048 ], [ -74.028668560999961, 4.701991339000074 ], [ -74.028657496999983, 4.701839970000037 ], [ -74.028662190999967, 4.701600720000044 ], [ -74.028663196999958, 4.70144099700002 ], [ -74.028662525999948, 4.70127158400004 ], [ -74.028711140999974, 4.701044697000043 ], [ -74.028801665999936, 4.700620663000052 ], [ -74.028846256999941, 4.700386759000025 ], [ -74.028873749999946, 4.700247085000058 ], [ -74.028895542999976, 4.700134811000055 ], [ -74.028959915999963, 4.699804672000027 ], [ -74.028995789999954, 4.699621559000036 ], [ -74.029007859999979, 4.699562749000052 ], [ -74.029049853999936, 4.699406116000034 ], [ -74.029179269999986, 4.699149824000074 ], [ -74.029253701999949, 4.699014159000058 ], [ -74.02931136899997, 4.698911241000076 ], [ -74.029393175999985, 4.698848087000044 ], [ -74.029657373999953, 4.69864592700003 ], [ -74.029841104999946, 4.698520287000065 ], [ -74.029952081999966, 4.698444769000048 ], [ -74.030086862999951, 4.698352209000063 ], [ -74.030221978999975, 4.698257645000069 ], [ -74.030386934999967, 4.698143032000075 ], [ -74.030514674999949, 4.69805414800004 ], [ -74.030534791999969, 4.69804111600007 ] ], [ [ -74.030540239999937, 4.698038527000051 ], [ -74.030584160999979, 4.698006114000066 ], [ -74.030677367999942, 4.69793360400007 ], [ -74.030840646999934, 4.697803619000069 ], [ -74.030946258999961, 4.697666284000036 ], [ -74.03103678399998, 4.697547660000055 ], [ -74.031145245999937, 4.697402639000074 ], [ -74.031559646999938, 4.696753052000076 ], [ -74.032047808999948, 4.695979159000046 ], [ -74.032738477999942, 4.694880471000033 ], [ -74.032918185999961, 4.694599784000047 ], [ -74.033020444999977, 4.694386929000075 ], [ -74.03304290899996, 4.694342487000029 ], [ -74.033076100999949, 4.69427599100004 ], [ -74.033091523999985, 4.694241574000046 ], [ -74.033118680999962, 4.694186104000039 ], [ -74.033187412999951, 4.694043756000042 ], [ -74.033226639999953, 4.693962891000069 ], [ -74.033289336999985, 4.693835579000051 ], [ -74.033300400999963, 4.693812857000069 ], [ -74.033325881999986, 4.693761732000041 ] ], [ [ -74.033327557999939, 4.693750872000066 ], [ -74.033356055999946, 4.693672012000036 ], [ -74.033368125999971, 4.693634587000076 ], [ -74.033404335999933, 4.693516966000061 ], [ -74.033604914999955, 4.692872804000046 ], [ -74.033722596999951, 4.692494544000056 ], [ -74.034037420999937, 4.691581973000041 ], [ -74.034169184999939, 4.691138887000022 ], [ -74.034245627999951, 4.690880920000041 ], [ -74.034268761999954, 4.690804399000058 ], [ -74.034274125999957, 4.69078902800004 ] ], [ [ -74.03427622199996, 4.69078677300007 ], [ -74.034449559999985, 4.690227734000075 ], [ -74.034472022999978, 4.690154555000049 ], [ -74.034501526999975, 4.690059321000035 ], [ -74.034553494999955, 4.689890908000052 ], [ -74.034710068999971, 4.689413736000063 ], [ -74.03478047699997, 4.689201214000036 ], [ -74.03485189099996, 4.688913842000034 ], [ -74.034862619999956, 4.688868397000022 ], [ -74.034875695999972, 4.688822284000025 ], [ -74.034899164999956, 4.688730391000036 ], [ -74.034944761999952, 4.688546607000035 ], [ -74.035032268999942, 4.688185386000043 ], [ -74.035062108999966, 4.688058407000028 ], [ -74.035090271999934, 4.68793142800007 ], [ -74.035126481999953, 4.68770487200004 ], [ -74.035181466999973, 4.687375061000068 ], [ -74.035203595999974, 4.687246077000054 ], [ -74.035213653999961, 4.687181919000068 ], [ -74.035224382999957, 4.687117762000071 ], [ -74.03528406199996, 4.686856118000037 ], [ -74.035289425999963, 4.686829720000048 ], [ -74.035295460999976, 4.686801317000061 ], [ -74.035313230999975, 4.686687370000072 ], [ -74.035321277999969, 4.686630564000041 ], [ -74.035329658999956, 4.686575762000075 ], [ -74.035335023999949, 4.686552706000043 ], [ -74.035350446999985, 4.686493226000039 ], [ -74.035358157999951, 4.686463152000044 ], [ -74.035432253999943, 4.686187808000057 ], [ -74.035467122999989, 4.686058824000042 ], [ -74.035475504999965, 4.686027079000041 ], [ -74.035495620999939, 4.685948219000068 ], [ -74.035512719999986, 4.685889073000055 ], [ -74.035529483999937, 4.68582725400006 ], [ -74.035536524999941, 4.685798517000023 ], [ -74.03555563599997, 4.685750064000047 ], [ -74.035599220999984, 4.685628432000044 ], [ -74.035638112999948, 4.685527517000025 ], [ -74.035674322999967, 4.685430278000069 ], [ -74.035711203999938, 4.685328026000036 ], [ -74.035728637999966, 4.685290935000069 ], [ -74.03573266099994, 4.685283249000065 ], [ -74.035737354999981, 4.68527489500002 ] ], [ [ -74.035851180999941, 4.685084593000056 ], [ -74.037911117999954, 4.680550752000045 ], [ -74.038147151999965, 4.680101643000057 ], [ -74.038490474999946, 4.679673921000074 ], [ -74.038790881999944, 4.67943867300005 ], [ -74.039799392999953, 4.678198275000057 ], [ -74.040185630999986, 4.677685007000036 ], [ -74.040378749999945, 4.677193124000041 ], [ -74.040571868999962, 4.675952722000034 ], [ -74.041022479999981, 4.675140044000045 ], [ -74.041451633999941, 4.674712318000047 ] ], [ [ -74.041705172999968, 4.674475977000043 ], [ -74.042429368999933, 4.673930626000072 ], [ -74.042740504999983, 4.673615178000034 ], [ -74.042938988999936, 4.673353196000051 ], [ -74.043142836999948, 4.672957548000056 ], [ -74.043775837999988, 4.671530008000047 ] ], [ [ -74.043667808999942, 4.67172299300006 ], [ -74.044041473999982, 4.671053415000074 ], [ -74.044283207999968, 4.670591769000055 ], [ -74.044514883999966, 4.670152345000076 ], [ -74.044658046999984, 4.669855608000034 ], [ -74.044730130999938, 4.66970556900003 ], [ -74.044789474999959, 4.669584268000051 ], [ -74.044841777999977, 4.669475331000058 ], [ -74.044908162999945, 4.669331640000053 ], [ -74.044958118999944, 4.669223371000044 ], [ -74.045005057999958, 4.669124459000045 ], [ -74.045041602999959, 4.66904192100003 ], [ -74.045085188999963, 4.668949692000069 ], [ -74.045476120999979, 4.668102586000032 ], [ -74.045672256999978, 4.667678198000033 ], [ -74.045770157999982, 4.667466004000062 ], [ -74.045818772999951, 4.667360742000028 ], [ -74.045867387999976, 4.667253809000044 ], [ -74.046032008999987, 4.66690260300004 ], [ -74.046114821999936, 4.666744209000058 ], [ -74.046154719999947, 4.666664677000028 ], [ -74.046206016999975, 4.666565430000048 ], [ -74.046266701999969, 4.666394338000032 ], [ -74.046379018999971, 4.666179136000039 ], [ -74.046438362999936, 4.666067859000066 ], [ -74.046475243999964, 4.665997684000047 ], [ -74.046492342999954, 4.665960258000041 ], [ -74.046596277999981, 4.665734362000023 ], [ -74.046651598999972, 4.665614063000021 ], [ -74.046687137999982, 4.665533529000072 ], [ -74.046743128999935, 4.66541323000007 ], [ -74.046776321999971, 4.665348067000025 ], [ -74.046819571999947, 4.66526385800006 ], [ -74.046852764999983, 4.665202706000059 ] ], [ [ -74.046855446999984, 4.665198361000023 ], [ -74.046874892999938, 4.665148905000024 ], [ -74.046899032999988, 4.665111144000036 ], [ -74.046985533999987, 4.664981488000024 ], [ -74.047093827999959, 4.664819084000044 ], [ -74.047111597999958, 4.664790011000036 ], [ -74.047384176999969, 4.664442479000058 ], [ -74.047583330999942, 4.664237970000045 ], [ -74.047785167999962, 4.664033126000049 ], [ -74.048240136999937, 4.663591024000027 ], [ -74.048468124999943, 4.663369806000048 ], [ -74.048581112999955, 4.663259531000051 ], [ -74.048693765999985, 4.663151596000034 ], [ -74.048773561999951, 4.663073401000077 ], [ -74.04888017899998, 4.662958782000032 ], [ -74.048999201999948, 4.662831464000021 ], [ -74.049433049999948, 4.662364299000046 ], [ -74.04965231999995, 4.662127375000068 ], [ -74.04975927299995, 4.66201208800004 ], [ -74.049864884999977, 4.66189913900007 ], [ -74.050026152999976, 4.661714679000056 ], [ -74.050107289999971, 4.661620778000042 ], [ -74.050206531999947, 4.661506159000055 ], [ -74.050307784999973, 4.661413929000048 ], [ -74.050353046999987, 4.661372826000047 ], [ -74.050404679999986, 4.661325040000065 ] ], [ [ -74.050408367999978, 4.661322701000074 ], [ -74.050915137999937, 4.66083214300005 ], [ -74.051033154999971, 4.660712679000028 ], [ -74.051627934999942, 4.660111177000033 ], [ -74.052293960999975, 4.659469240000021 ], [ -74.052622866999968, 4.659143426000071 ], [ -74.052793521999945, 4.658975005000059 ], [ -74.052939702999936, 4.65882997600005 ] ], [ [ -74.052943725999967, 4.658826133000048 ], [ -74.053387966999935, 4.658206585000073 ], [ -74.053604890999964, 4.657907170000044 ], [ -74.053718883999977, 4.657748774000027 ], [ -74.053775210999959, 4.657669910000038 ], [ -74.053837906999945, 4.65758235800007 ], [ -74.054331433999948, 4.65686523100004 ], [ -74.054565120999939, 4.656525715000043 ], [ -74.054738793999945, 4.656272748000049 ], [ -74.054845076999982, 4.65611903000007 ], [ -74.055136431999983, 4.655694635000032 ], [ -74.055313121999973, 4.655257206000044 ], [ -74.05543516299997, 4.654981516000021 ], [ -74.055449244999977, 4.654944089000026 ] ], [ [ -74.055551560999959, 4.654745901000069 ], [ -74.055927069999939, 4.653954586000054 ], [ -74.056109460999949, 4.653569621000031 ], [ -74.056710274999944, 4.652607208000063 ], [ -74.057160885999963, 4.651869357000066 ], [ -74.057482751999942, 4.651484392000043 ], [ -74.058008463999954, 4.650992490000021 ], [ -74.058265956999946, 4.650746540000057 ], [ -74.05857709299994, 4.650340186000051 ], [ -74.059059889999958, 4.649441930000023 ], [ -74.05958560299996, 4.648479512000051 ], [ -74.059800179999968, 4.647934141000064 ] ], [ [ -74.059934903999988, 4.647813361000033 ], [ -74.060406972999942, 4.646829553000032 ], [ -74.061372567999967, 4.64546077500006 ], [ -74.061694432999957, 4.644455577000031 ] ], [ [ -74.061711067999966, 4.644289975000049 ], [ -74.062919402999967, 4.639672994000023 ], [ -74.062946224999962, 4.639555364000046 ] ], [ [ -74.062977256999943, 4.639357190000055 ], [ -74.063427867999962, 4.637592730000051 ], [ -74.063620986999979, 4.636694458000022 ], [ -74.063792647999946, 4.635737369000026 ], [ -74.063857020999933, 4.634641260000024 ], [ -74.063916029999973, 4.633684168000059 ], [ -74.063948215999972, 4.632657566000034 ], [ -74.064248623999958, 4.63145451400004 ] ] ] } },
{ "type": "Feature", "properties": { "camera_id": "DEI-028/CAM-01", "segment_id": "1000064", "distance_m": 9.298, "install_date": "2019-11-19T00:00:00", "accidents_pre": 413, "accidents_post": 958, "speed_pre_kph": 39.131, "speed_post_kph": 40.138, "n_pre_obs": 25117.0, "n_post_obs": 32685.0 }, "geometry": { "type": "MultiLineString", "coordinates": [ [ [ -74.041705172999968, 4.674475977000043 ], [ -74.042429368999933, 4.673930626000072 ], [ -74.042740504999983, 4.673615178000034 ], [ -74.042938988999936, 4.673353196000051 ], [ -74.043142836999948, 4.672957548000056 ], [ -74.043775837999988, 4.671530008000047 ] ] ] } },
{ "type": "Feature", "properties": { "camera_id": "DEI-028/CAM-02", "segment_id": "2", "distance_m": 1.704, "install_date": "2019-11-19T00:00:00", "accidents_pre": 413, "accidents_post": 958, "speed_pre_kph": 26.251, "speed_post_kph": 28.761, "n_pre_obs": 24876.0, "n_post_obs": 31002.0 }, "geometry": { "type": "MultiLineString", "coordinates": [ [ [ -74.068534733999968, 4.617026619000058 ], [ -74.06818068299998, 4.618684191000057 ], [ -74.067762257999959, 4.619700119000072 ], [ -74.067215086999965, 4.620887150000044 ], [ -74.067021967999949, 4.621325603000059 ] ], [ [ -74.064173521999976, 4.631433126000047 ], [ -74.063867749999986, 4.632502506000037 ], [ -74.063840927999934, 4.632694994000076 ], [ -74.06372827499996, 4.634881870000072 ], [ -74.063685359999965, 4.635646472000076 ], [ -74.063535155999944, 4.636560786000075 ], [ -74.063325943999985, 4.637587383000039 ], [ -74.062875332999965, 4.639410659000021 ] ], [ [ -74.062788773999955, 4.639589969000042 ], [ -74.061554957999988, 4.64414546200004 ] ], [ [ -74.061546111999974, 4.644283291000022 ], [ -74.061256432999983, 4.645168187000024 ], [ -74.060880923999946, 4.645852577000028 ], [ -74.060355210999944, 4.646547659000021 ], [ -74.060044074999951, 4.647050257000046 ], [ -74.059722209999961, 4.647723952000035 ] ], [ [ -74.059735806999981, 4.647837899000024 ], [ -74.059253008999974, 4.648800318000042 ], [ -74.058523448999949, 4.650072848000036 ], [ -74.058105023999985, 4.65067168500002 ], [ -74.057332547999977, 4.651420231000031 ], [ -74.056774647999987, 4.652126001000056 ], [ -74.056141646999947, 4.653163269000061 ], [ -74.055691035999985, 4.653986666000037 ], [ -74.055433543999982, 4.654692434000026 ] ], [ [ -74.055364251999947, 4.654840329000024 ], [ -74.055345140999975, 4.654883771000073 ], [ -74.055322006999972, 4.654935567000052 ], [ -74.055304572999944, 4.654977004000045 ], [ -74.055205665999949, 4.655201233000071 ], [ -74.055002823999985, 4.655640666000068 ], [ -74.054876760999946, 4.655836156000021 ], [ -74.054765448999945, 4.656011260000071 ], [ -74.054540478999968, 4.656363475000035 ], [ -74.054456994999953, 4.65647141200003 ], [ -74.054395638999949, 4.65655094400006 ], [ -74.054267228999947, 4.65671702700007 ], [ -74.054120041999965, 4.656929224000066 ], [ -74.054035552999949, 4.657053201000053 ], [ -74.053859196999952, 4.657303828000067 ], [ -74.053690217999986, 4.657541422000065 ], [ -74.053342201999953, 4.658033653000075 ], [ -74.053301632999933, 4.658090796000067 ], [ -74.05321110899996, 4.658218448000071 ], [ -74.053087391999952, 4.658392884000023 ], [ -74.052840963999984, 4.658742090000032 ] ], [ [ -74.052838448999978, 4.658744095000031 ], [ -74.052756306999981, 4.658822291000035 ], [ -74.052682880999953, 4.658894471000053 ], [ -74.052617837999946, 4.658956292000028 ], [ -74.05255413499998, 4.659017111000026 ], [ -74.05242773599997, 4.659128389000045 ], [ -74.052165549999984, 4.659355623000067 ], [ -74.052080389999958, 4.659440836000044 ], [ -74.051998917999981, 4.659519365000051 ], [ -74.051842008999984, 4.659675088000029 ], [ -74.051526513999988, 4.659987201000035 ], [ -74.05145074099994, 4.660063057000059 ], [ -74.051377985999977, 4.660134234000054 ], [ -74.051233817999957, 4.660276256000031 ], [ -74.050949503999959, 4.660557291000032 ], [ -74.05078588899994, 4.660718359000043 ], [ -74.050725873999966, 4.660778175000075 ], [ -74.050664518999952, 4.660838660000024 ], [ -74.050541136999982, 4.660960631000023 ], [ -74.050293367999984, 4.661205241000062 ] ], [ [ -74.050291439999967, 4.661208583000075 ], [ -74.050179792999984, 4.661330220000025 ], [ -74.050095219999946, 4.661421113000074 ], [ -74.049927581999953, 4.661603568000032 ], [ -74.049574535999966, 4.661988529000041 ], [ -74.049469259999967, 4.662095128000033 ], [ -74.049380746999987, 4.662185687000033 ], [ -74.049206402999971, 4.662370147000047 ], [ -74.048852015999955, 4.662754439000025 ], [ -74.048764173999984, 4.662849676000064 ], [ -74.048670966999964, 4.662950929000033 ], [ -74.048459072999947, 4.663166466000064 ], [ -74.048299480999958, 4.663328203000049 ], [ -74.048078533999956, 4.663552094000067 ], [ -74.048023883999974, 4.663611241000069 ], [ -74.047963533999962, 4.663676738000049 ], [ -74.047843840999974, 4.663805392000029 ], [ -74.047759350999968, 4.663895282000055 ], [ -74.047675196999933, 4.66398717800007 ], [ -74.047565225999961, 4.664090101000056 ], [ -74.047280576999981, 4.66436946400006 ], [ -74.047160547999965, 4.664534207000031 ], [ -74.047076058999949, 4.664651500000048 ], [ -74.04698855099997, 4.664773804000049 ], [ -74.046876568999949, 4.664945899000031 ], [ -74.046779338999954, 4.66509293200005 ], [ -74.046748493999985, 4.665155421000065 ] ], [ [ -74.046747487999937, 4.665157092000072 ], [ -74.046712618999948, 4.665231611000024 ], [ -74.046670709999944, 4.665319830000044 ], [ -74.046587225999986, 4.665491926000072 ], [ -74.046420257999955, 4.665840794000076 ], [ -74.046097386999975, 4.666508121000049 ], [ -74.045942489999959, 4.66682658000002 ], [ -74.045795638999948, 4.667144371000063 ], [ -74.045504954999956, 4.66778262400004 ], [ -74.045464050999954, 4.667870844000049 ], [ -74.045422476999988, 4.667963407000059 ], [ -74.045340333999945, 4.66814185100003 ], [ -74.045175042999972, 4.668503082000029 ], [ -74.04500773999996, 4.668863310000063 ], [ -74.044921573999943, 4.669045764000032 ], [ -74.04486189499994, 4.669172746000072 ], [ -74.044833731999972, 4.669229888000075 ], [ -74.044673804999945, 4.669567727000071 ], [ -74.04459501499997, 4.669736813000043 ], [ -74.044508848999953, 4.669908573000043 ], [ -74.044423353999946, 4.670071645000064 ], [ -74.044349257999954, 4.670216003000064 ], [ -74.044276167999953, 4.670355349000033 ], [ -74.044199053999989, 4.670504219000065 ], [ -74.043701168999974, 4.671469949000027 ] ], [ [ -74.043652456999951, 4.671567434000053 ], [ -74.04280487799997, 4.673310423000032 ], [ -74.042547385999967, 4.673604485000055 ], [ -74.04230062299996, 4.673829041000033 ], [ -74.041592519999938, 4.674358353000059 ] ], [ [ -74.041365802999962, 4.674519842000052 ], [ -74.040872276999949, 4.674968954000065 ], [ -74.040335834999951, 4.675824405000071 ], [ -74.040142715999934, 4.676765400000022 ], [ -74.039949596999975, 4.677663621000022 ], [ -74.039584815999945, 4.678112731000056 ], [ -74.037911117999954, 4.680144416000076 ], [ -74.037589252999965, 4.680593524000074 ], [ -74.035572231999936, 4.684977663000041 ] ], [ [ -74.035545660999958, 4.685053350000032 ], [ -74.035266710999963, 4.685791166000058 ], [ -74.035121871999934, 4.68625096300002 ], [ -74.03492070599998, 4.687167885000065 ], [ -74.034695400999965, 4.688362822000045 ], [ -74.03466857899997, 4.688555295000072 ], [ -74.034499599999947, 4.689207563000025 ], [ -74.034303797999939, 4.689851812000029 ], [ -74.034040941999933, 4.690707244000066 ] ], [ [ -74.034043288999953, 4.690717687000074 ], [ -74.03403691799997, 4.690736733000051 ], [ -74.033774396999945, 4.691587487000049 ], [ -74.033706335999966, 4.691809030000059 ], [ -74.033617739999954, 4.692096819000028 ], [ -74.033524783999951, 4.692386279000061 ], [ -74.033340717999977, 4.692881826000075 ], [ -74.033314900999983, 4.692952667000043 ], [ -74.033289084999979, 4.693020165000064 ], [ -74.033214988999987, 4.693219320000026 ], [ -74.033025641999984, 4.693728150000027 ] ], [ [ -74.033020779999958, 4.693736086000058 ], [ -74.032765970999947, 4.694456516000059 ], [ -74.032327093999982, 4.695192986000052 ], [ -74.031918056999984, 4.695878997000023 ], [ -74.031851001999939, 4.695986594000033 ], [ -74.031740360999947, 4.696158682000032 ], [ -74.031510025999978, 4.696516891000044 ], [ -74.031034101999978, 4.697291535000033 ], [ -74.03092815399998, 4.697399799000038 ], [ -74.030793708999965, 4.69753847100003 ], [ -74.030592542999955, 4.697747649000064 ], [ -74.030476201999988, 4.697868277000055 ], [ -74.030404787999942, 4.697899019000033 ] ], [ [ -74.030394729999955, 4.697906203000059 ], [ -74.030381653999939, 4.69791288600004 ], [ -74.030345108999938, 4.697932601000048 ], [ -74.030200939999986, 4.698017809000021 ], [ -74.029932048999967, 4.698238682000067 ], [ -74.029875722999975, 4.698273434000043 ], [ -74.029755693999959, 4.698350622000021 ], [ -74.029544804999944, 4.698484950000022 ], [ -74.029509600999972, 4.698515024000073 ], [ -74.029444557999966, 4.69856982400006 ], [ -74.029202822999935, 4.698771650000026 ], [ -74.029144484999961, 4.698821105000036 ], [ -74.02909084099997, 4.698907315000042 ], [ -74.029060330999982, 4.698971806000031 ], [ -74.028945666999959, 4.699217071000021 ], [ -74.028894368999943, 4.699327006000033 ], [ -74.028879281999934, 4.699378465000052 ], [ -74.028817925999988, 4.699607692000029 ], [ -74.028788421999934, 4.699751376000052 ], [ -74.028752547999943, 4.699937831000057 ], [ -74.028674427999988, 4.700325777000046 ], [ -74.028637212999968, 4.700471466000067 ], [ -74.028587591999951, 4.700667277000036 ], [ -74.028576862999955, 4.700769192000052 ], [ -74.028555404999963, 4.700975028000073 ], [ -74.028544675999967, 4.701217619000033 ], [ -74.028535288999933, 4.701417106000065 ], [ -74.028523218999965, 4.701687765000031 ], [ -74.028534282999942, 4.701957423000067 ], [ -74.028539646999945, 4.702087740000024 ], [ -74.028535958999953, 4.702166599000066 ] ], [ [ -74.028711308999959, 4.716264815000045 ], [ -74.028711308999959, 4.717013291000058 ], [ -74.028528917999949, 4.717473068000061 ], [ -74.02802466299994, 4.718242927000063 ], [ -74.027456034999943, 4.719205249000026 ], [ -74.027123440999958, 4.719975106000049 ], [ -74.026361693999945, 4.720819809000034 ], [ -74.026114929999949, 4.721418586000027 ], [ -74.026061285999958, 4.722616137000045 ] ], [ [ -74.026039827999966, 4.722755138000025 ], [ -74.02597545499998, 4.723321836000025 ], [ -74.025782335999963, 4.723728147000031 ], [ -74.024838198999987, 4.725310619000027 ], [ -74.024741638999956, 4.725749006000058 ], [ -74.024741638999956, 4.726540241000066 ], [ -74.024537790999943, 4.727417013000036 ] ], [ [ -74.024527062999937, 4.727534629000047 ], [ -74.024012077999942, 4.729181246000053 ], [ -74.023818958999982, 4.731693935000067 ], [ -74.023808230999975, 4.732164394000051 ], [ -74.024215925999954, 4.733832386000074 ], [ -74.024194468999951, 4.734869532000062 ], [ -74.02422665499995, 4.73539345100005 ], [ -74.024162281999963, 4.735874600000045 ], [ -74.023990620999939, 4.736173982000025 ], [ -74.023711670999944, 4.736494748000041 ], [ -74.023250330999986, 4.736901051000075 ] ], [ [ -74.023216635999972, 4.736966374000076 ], [ -74.022969872999965, 4.737308524000071 ], [ -74.022690922999971, 4.738056976000053 ], [ -74.02263727899998, 4.740024333000065 ], [ -74.022465616999966, 4.740569632000074 ], [ -74.022229582999955, 4.741147007000052 ], [ -74.022197395999967, 4.744472250000058 ], [ -74.022283226999946, 4.745808758000067 ], [ -74.022487074999958, 4.74696349900006 ], [ -74.022605091999935, 4.747188031000064 ] ], [ [ -74.022634763999974, 4.747225621000041 ], [ -74.023385782999981, 4.749438867000038 ], [ -74.023943681999981, 4.750860902000056 ], [ -74.024126071999945, 4.751491728000076 ], [ -74.024201173999984, 4.752058402000046 ], [ -74.024340648999953, 4.753897416000029 ] ], [ [ -74.024348695999947, 4.753961567000033 ], [ -74.024455983999985, 4.755538625000042 ], [ -74.024579365999955, 4.756185484000071 ], [ -74.024697382999989, 4.756575738000038 ], [ -74.024981696999987, 4.757227943000032 ], [ -74.025421578999953, 4.758195557000022 ], [ -74.025711257999944, 4.758714112000064 ], [ -74.026011664999942, 4.759131094000054 ], [ -74.026279885999941, 4.759467887000028 ], [ -74.026333529999988, 4.760114743000031 ], [ -74.026338894999981, 4.760446190000039 ], [ -74.026896793999981, 4.761878893000073 ], [ -74.027245480999966, 4.76268077800006 ], [ -74.027476150999973, 4.763306248000049 ], [ -74.027529795999953, 4.76374461000006 ], [ -74.027572710999948, 4.764626681000038 ] ] ] } },
{ "type": "Feature", "properties": { "camera_id": "DEI-028/CAM-02", "segment_id": "1000063", "distance_m": 1.704, "install_date": "2019-11-19T00:00:00", "accidents_pre": 413, "accidents_post": 958, "speed_pre_kph": 49.464, "speed_post_kph": 49.571, "n_pre_obs": 24663.0, "n_post_obs": 33300.0 }, "geometry": { "type": "MultiLineString", "coordinates": [ [ [ -74.043652456999951, 4.671567434000053 ], [ -74.04280487799997, 4.673310423000032 ], [ -74.042547385999967, 4.673604485000055 ], [ -74.04230062299996, 4.673829041000033 ], [ -74.041592519999938, 4.674358353000059 ] ] ] } },
{ "type": "Feature", "properties": { "camera_id": "DEI-028/CAM-02", "segment_id": "1", "distance_m": 15.855, "install_date": "2019-11-19T00:00:00", "accidents_pre": 413, "accidents_post": 958, "speed_pre_kph": 24.364, "speed_post_kph": 26.143, "n_pre_obs": 27366.0, "n_post_obs": 30599.0 }, "geometry": { "type": "MultiLineString", "coordinates": [ [ [ -74.027618307999944, 4.764634700000045 ], [ -74.02759416899994, 4.764279199000043 ], [ -74.027580757999942, 4.763902314000063 ], [ -74.027570028999946, 4.763792723000051 ], [ -74.027519066999957, 4.763410492000048 ], [ -74.027497608999965, 4.763268826000058 ], [ -74.02728839699995, 4.762667413000031 ], [ -74.026534695999942, 4.760919303000037 ], [ -74.02637376399997, 4.760427479000043 ], [ -74.026363034999974, 4.759745875000021 ], [ -74.026236970999946, 4.759205937000047 ], [ -74.025056798999969, 4.756859073000044 ], [ -74.02492805299994, 4.756516933000057 ], [ -74.024767119999979, 4.755832652000038 ], [ -74.024692017999939, 4.755340824000029 ], [ -74.024547178999967, 4.753956221000067 ] ], [ [ -74.024557907999963, 4.753873359000067 ], [ -74.02448280599998, 4.752969890000031 ], [ -74.024407703999941, 4.752397871000028 ], [ -74.024337966999951, 4.751831198000048 ], [ -74.024321873999952, 4.751606666000043 ], [ -74.024236042999974, 4.751066722000076 ], [ -74.024042923999957, 4.750484009000047 ], [ -74.023495752999963, 4.749110089000055 ], [ -74.02325435399996, 4.74843114600003 ], [ -74.02298613399995, 4.747597169000073 ], [ -74.022819836999986, 4.747142757000063 ] ], [ [ -74.022733837999965, 4.746995575000028 ], [ -74.022572905999937, 4.746525125000062 ], [ -74.022465616999966, 4.745712530000048 ], [ -74.022390514999984, 4.745210003000068 ], [ -74.022390514999984, 4.742932590000066 ], [ -74.022433430999968, 4.741189776000056 ], [ -74.022680193999975, 4.740537556000049 ], [ -74.022808939999948, 4.740141947000041 ], [ -74.022884041999987, 4.738089053000067 ], [ -74.022991329999968, 4.737575828000047 ], [ -74.023441940999987, 4.736998450000044 ] ], [ [ -74.023540009999977, 4.736911743000064 ], [ -74.024140824999961, 4.736312980000037 ], [ -74.02435540099998, 4.735874600000045 ], [ -74.024419773999966, 4.735425527000075 ], [ -74.024419773999966, 4.734110384000076 ], [ -74.024376858999972, 4.733661310000059 ], [ -74.024012077999942, 4.732078856000044 ], [ -74.024205197999947, 4.729256092000071 ], [ -74.024677265999969, 4.727834014000052 ] ], [ [ -74.024752367999952, 4.727427705000025 ], [ -74.024934757999972, 4.72652954800003 ], [ -74.024999130999959, 4.725481697000021 ], [ -74.025160063999977, 4.725139541000033 ], [ -74.02602909999996, 4.723738839000021 ], [ -74.026179302999935, 4.723343220000061 ], [ -74.026243675999979, 4.722829985000033 ] ], [ [ -74.026265133999971, 4.722658907000039 ], [ -74.026372421999952, 4.721397201000059 ], [ -74.02640460899994, 4.72120473700005 ], [ -74.026705015999937, 4.720755655000062 ], [ -74.02722, 4.720124801000054 ], [ -74.027391661999957, 4.719836104000024 ], [ -74.027788628999986, 4.719002092000039 ], [ -74.028528917999949, 4.717868690000046 ], [ -74.028829325999936, 4.717291296000042 ], [ -74.02889369899998, 4.717002598000022 ], [ -74.02889369899998, 4.716296893000049 ] ], [ [ -74.028676607999955, 4.702118983000048 ], [ -74.028668560999961, 4.701991339000074 ], [ -74.028657496999983, 4.701839970000037 ], [ -74.028662190999967, 4.701600720000044 ], [ -74.028663196999958, 4.70144099700002 ], [ -74.028662525999948, 4.70127158400004 ], [ -74.028711140999974, 4.701044697000043 ], [ -74.028801665999936, 4.700620663000052 ], [ -74.028846256999941, 4.700386759000025 ], [ -74.028873749999946, 4.700247085000058 ], [ -74.028895542999976, 4.700134811000055 ], [ -74.028959915999963, 4.699804672000027 ], [ -74.028995789999954, 4.699621559000036 ], [ -74.029007859999979, 4.699562749000052 ], [ -74.029049853999936, 4.699406116000034 ], [ -74.029179269999986, 4.699149824000074 ], [ -74.029253701999949, 4.699014159000058 ], [ -74.02931136899997, 4.698911241000076 ], [ -74.029393175999985, 4.698848087000044 ], [ -74.029657373999953, 4.69864592700003 ], [ -74.029841104999946, 4.698520287000065 ], [ -74.029952081999966, 4.698444769000048 ], [ -74.030086862999951, 4.698352209000063 ], [ -74.030221978999975, 4.698257645000069 ], [ -74.030386934999967, 4.698143032000075 ], [ -74.030514674999949, 4.69805414800004 ], [ -74.030534791999969, 4.69804111600007 ] ], [ [ -74.030540239999937, 4.698038527000051 ], [ -74.030584160999979, 4.698006114000066 ], [ -74.030677367999942, 4.69793360400007 ], [ -74.030840646999934, 4.697803619000069 ], [ -74.030946258999961, 4.697666284000036 ], [ -74.03103678399998, 4.697547660000055 ], [ -74.031145245999937, 4.697402639000074 ], [ -74.031559646999938, 4.696753052000076 ], [ -74.032047808999948, 4.695979159000046 ], [ -74.032738477999942, 4.694880471000033 ], [ -74.032918185999961, 4.694599784000047 ], [ -74.033020444999977, 4.694386929000075 ], [ -74.03304290899996, 4.694342487000029 ], [ -74.033076100999949, 4.69427599100004 ], [ -74.033091523999985, 4.694241574000046 ], [ -74.033118680999962, 4.694186104000039 ], [ -74.033187412999951, 4.694043756000042 ], [ -74.033226639999953, 4.693962891000069 ], [ -74.033289336999985, 4.693835579000051 ], [ -74.033300400999963, 4.693812857000069 ], [ -74.033325881999986, 4.693761732000041 ] ], [ [ -74.033327557999939, 4.693750872000066 ], [ -74.033356055999946, 4.693672012000036 ], [ -74.033368125999971, 4.693634587000076 ], [ -74.033404335999933, 4.693516966000061 ], [ -74.033604914999955, 4.692872804000046 ], [ -74.033722596999951, 4.692494544000056 ], [ -74.034037420999937, 4.691581973000041 ], [ -74.034169184999939, 4.691138887000022 ], [ -74.034245627999951, 4.690880920000041 ], [ -74.034268761999954, 4.690804399000058 ], [ -74.034274125999957, 4.69078902800004 ] ], [ [ -74.03427622199996, 4.69078677300007 ], [ -74.034449559999985, 4.690227734000075 ], [ -74.034472022999978, 4.690154555000049 ], [ -74.034501526999975, 4.690059321000035 ], [ -74.034553494999955, 4.689890908000052 ], [ -74.034710068999971, 4.689413736000063 ], [ -74.03478047699997, 4.689201214000036 ], [ -74.03485189099996, 4.688913842000034 ], [ -74.034862619999956, 4.688868397000022 ], [ -74.034875695999972, 4.688822284000025 ], [ -74.034899164999956, 4.688730391000036 ], [ -74.034944761999952, 4.688546607000035 ], [ -74.035032268999942, 4.688185386000043 ], [ -74.035062108999966, 4.688058407000028 ], [ -74.035090271999934, 4.68793142800007 ], [ -74.035126481999953, 4.68770487200004 ], [ -74.035181466999973, 4.687375061000068 ], [ -74.035203595999974, 4.687246077000054 ], [ -74.035213653999961, 4.687181919000068 ], [ -74.035224382999957, 4.687117762000071 ], [ -74.03528406199996, 4.686856118000037 ], [ -74.035289425999963, 4.686829720000048 ], [ -74.035295460999976, 4.686801317000061 ], [ -74.035313230999975, 4.686687370000072 ], [ -74.035321277999969, 4.686630564000041 ], [ -74.035329658999956, 4.686575762000075 ], [ -74.035335023999949, 4.686552706000043 ], [ -74.035350446999985, 4.686493226000039 ], [ -74.035358157999951, 4.686463152000044 ], [ -74.035432253999943, 4.686187808000057 ], [ -74.035467122999989, 4.686058824000042 ], [ -74.035475504999965, 4.686027079000041 ], [ -74.035495620999939, 4.685948219000068 ], [ -74.035512719999986, 4.685889073000055 ], [ -74.035529483999937, 4.68582725400006 ], [ -74.035536524999941, 4.685798517000023 ], [ -74.03555563599997, 4.685750064000047 ], [ -74.035599220999984, 4.685628432000044 ], [ -74.035638112999948, 4.685527517000025 ], [ -74.035674322999967, 4.685430278000069 ], [ -74.035711203999938, 4.685328026000036 ], [ -74.035728637999966, 4.685290935000069 ], [ -74.03573266099994, 4.685283249000065 ], [ -74.035737354999981, 4.68527489500002 ] ], [ [ -74.035851180999941, 4.685084593000056 ], [ -74.037911117999954, 4.680550752000045 ], [ -74.038147151999965, 4.680101643000057 ], [ -74.038490474999946, 4.679673921000074 ], [ -74.038790881999944, 4.67943867300005 ], [ -74.039799392999953, 4.678198275000057 ], [ -74.040185630999986, 4.677685007000036 ], [ -74.040378749999945, 4.677193124000041 ], [ -74.040571868999962, 4.675952722000034 ], [ -74.041022479999981, 4.675140044000045 ], [ -74.041451633999941, 4.674712318000047 ] ], [ [ -74.041705172999968, 4.674475977000043 ], [ -74.042429368999933, 4.673930626000072 ], [ -74.042740504999983, 4.673615178000034 ], [ -74.042938988999936, 4.673353196000051 ], [ -74.043142836999948, 4.672957548000056 ], [ -74.043775837999988, 4.671530008000047 ] ], [ [ -74.043667808999942, 4.67172299300006 ], [ -74.044041473999982, 4.671053415000074 ], [ -74.044283207999968, 4.670591769000055 ], [ -74.044514883999966, 4.670152345000076 ], [ -74.044658046999984, 4.669855608000034 ], [ -74.044730130999938, 4.66970556900003 ], [ -74.044789474999959, 4.669584268000051 ], [ -74.044841777999977, 4.669475331000058 ], [ -74.044908162999945, 4.669331640000053 ], [ -74.044958118999944, 4.669223371000044 ], [ -74.045005057999958, 4.669124459000045 ], [ -74.045041602999959, 4.66904192100003 ], [ -74.045085188999963, 4.668949692000069 ], [ -74.045476120999979, 4.668102586000032 ], [ -74.045672256999978, 4.667678198000033 ], [ -74.045770157999982, 4.667466004000062 ], [ -74.045818772999951, 4.667360742000028 ], [ -74.045867387999976, 4.667253809000044 ], [ -74.046032008999987, 4.66690260300004 ], [ -74.046114821999936, 4.666744209000058 ], [ -74.046154719999947, 4.666664677000028 ], [ -74.046206016999975, 4.666565430000048 ], [ -74.046266701999969, 4.666394338000032 ], [ -74.046379018999971, 4.666179136000039 ], [ -74.046438362999936, 4.666067859000066 ], [ -74.046475243999964, 4.665997684000047 ], [ -74.046492342999954, 4.665960258000041 ], [ -74.046596277999981, 4.665734362000023 ], [ -74.046651598999972, 4.665614063000021 ], [ -74.046687137999982, 4.665533529000072 ], [ -74.046743128999935, 4.66541323000007 ], [ -74.046776321999971, 4.665348067000025 ], [ -74.046819571999947, 4.66526385800006 ], [ -74.046852764999983, 4.665202706000059 ] ], [ [ -74.046855446999984, 4.665198361000023 ], [ -74.046874892999938, 4.665148905000024 ], [ -74.046899032999988, 4.665111144000036 ], [ -74.046985533999987, 4.664981488000024 ], [ -74.047093827999959, 4.664819084000044 ], [ -74.047111597999958, 4.664790011000036 ], [ -74.047384176999969, 4.664442479000058 ], [ -74.047583330999942, 4.664237970000045 ], [ -74.047785167999962, 4.664033126000049 ], [ -74.048240136999937, 4.663591024000027 ], [ -74.048468124999943, 4.663369806000048 ], [ -74.048581112999955, 4.663259531000051 ], [ -74.048693765999985, 4.663151596000034 ], [ -74.048773561999951, 4.663073401000077 ], [ -74.04888017899998, 4.662958782000032 ], [ -74.048999201999948, 4.662831464000021 ], [ -74.049433049999948, 4.662364299000046 ], [ -74.04965231999995, 4.662127375000068 ], [ -74.04975927299995, 4.66201208800004 ], [ -74.049864884999977, 4.66189913900007 ], [ -74.050026152999976, 4.661714679000056 ], [ -74.050107289999971, 4.661620778000042 ], [ -74.050206531999947, 4.661506159000055 ], [ -74.050307784999973, 4.661413929000048 ], [ -74.050353046999987, 4.661372826000047 ], [ -74.050404679999986, 4.661325040000065 ] ], [ [ -74.050408367999978, 4.661322701000074 ], [ -74.050915137999937, 4.66083214300005 ], [ -74.051033154999971, 4.660712679000028 ], [ -74.051627934999942, 4.660111177000033 ], [ -74.052293960999975, 4.659469240000021 ], [ -74.052622866999968, 4.659143426000071 ], [ -74.052793521999945, 4.658975005000059 ], [ -74.052939702999936, 4.65882997600005 ] ], [ [ -74.052943725999967, 4.658826133000048 ], [ -74.053387966999935, 4.658206585000073 ], [ -74.053604890999964, 4.657907170000044 ], [ -74.053718883999977, 4.657748774000027 ], [ -74.053775210999959, 4.657669910000038 ], [ -74.053837906999945, 4.65758235800007 ], [ -74.054331433999948, 4.65686523100004 ], [ -74.054565120999939, 4.656525715000043 ], [ -74.054738793999945, 4.656272748000049 ], [ -74.054845076999982, 4.65611903000007 ], [ -74.055136431999983, 4.655694635000032 ], [ -74.055313121999973, 4.655257206000044 ], [ -74.05543516299997, 4.654981516000021 ], [ -74.055449244999977, 4.654944089000026 ] ], [ [ -74.055551560999959, 4.654745901000069 ], [ -74.055927069999939, 4.653954586000054 ], [ -74.056109460999949, 4.653569621000031 ], [ -74.056710274999944, 4.652607208000063 ], [ -74.057160885999963, 4.651869357000066 ], [ -74.057482751999942, 4.651484392000043 ], [ -74.058008463999954, 4.650992490000021 ], [ -74.058265956999946, 4.650746540000057 ], [ -74.05857709299994, 4.650340186000051 ], [ -74.059059889999958, 4.649441930000023 ], [ -74.05958560299996, 4.648479512000051 ], [ -74.059800179999968, 4.647934141000064 ] ], [ [ -74.059934903999988, 4.647813361000033 ], [ -74.060406972999942, 4.646829553000032 ], [ -74.061372567999967, 4.64546077500006 ], [ -74.061694432999957, 4.644455577000031 ] ], [ [ -74.061711067999966, 4.644289975000049 ], [ -74.062919402999967, 4.639672994000023 ], [ -74.062946224999962, 4.639555364000046 ] ], [ [ -74.062977256999943, 4.639357190000055 ], [ -74.063427867999962, 4.637592730000051 ], [ -74.063620986999979, 4.636694458000022 ], [ -74.063792647999946, 4.635737369000026 ], [ -74.063857020999933, 4.634641260000024 ], [ -74.063916029999973, 4.633684168000059 ], [ -74.063948215999972, 4.632657566000034 ], [ -74.064248623999958, 4.63145451400004 ] ] ] } },
{ "type": "Feature", "properties": { "camera_id": "DEI-028/CAM-02", "segment_id": "1000064", "distance_m": 15.855, "install_date": "2019-11-19T00:00:00", "accidents_pre": 413, "accidents_post": 958, "speed_pre_kph": 39.131, "speed_post_kph": 40.138, "n_pre_obs": 25117.0, "n_post_obs": 32685.0 }, "geometry": { "type": "MultiLineString", "coordinates": [ [ [ -74.041705172999968, 4.674475977000043 ], [ -74.042429368999933, 4.673930626000072 ], [ -74.042740504999983, 4.673615178000034 ], [ -74.042938988999936, 4.673353196000051 ], [ -74.043142836999948, 4.672957548000056 ], [ -74.043775837999988, 4.671530008000047 ] ] ] } },
{ "type": "Feature", "properties": { "camera_id": "DEI-029/CAM-01", "segment_id": "142", "distance_m": 44.335, "install_date": "2020-03-27T00:00:00", "accidents_pre": 203, "accidents_post": 396, "speed_pre_kph": 40.272, "speed_post_kph": 43.662, "n_pre_obs": 39575.0, "n_post_obs": 23737.0 }, "geometry": { "type": "MultiLineString", "coordinates": [ [ [ -74.044933308999987, 4.76340648300004 ], [ -74.045920361999947, 4.758317177000038 ], [ -74.046692837999956, 4.75463916800004 ], [ -74.046950329999959, 4.75378381400003 ], [ -74.046821583999986, 4.75220140700003 ], [ -74.047508228999959, 4.748181220000049 ] ], [ [ -74.04742239899997, 4.748181220000049 ], [ -74.048151959999984, 4.74356225400004 ] ], [ [ -74.048237789999973, 4.743519485000036 ], [ -74.050168980999956, 4.731843626000057 ] ], [ [ -74.050254810999945, 4.731715319000045 ], [ -74.051842678999947, 4.722092209000039 ] ], [ [ -74.051713932999974, 4.722006669000052 ], [ -74.052786816999969, 4.71533456700007 ] ], [ [ -74.053087223999967, 4.715206256000045 ], [ -74.054546345999938, 4.70571122900003 ] ], [ [ -74.054718006999963, 4.705197980000037 ], [ -74.055747975999964, 4.698953428000038 ] ], [ [ -74.055919636999988, 4.698354632000076 ], [ -74.058065403999933, 4.684838822000074 ] ], [ [ -74.058065403999933, 4.684432488000027 ], [ -74.059224117999975, 4.676776260000054 ] ], [ [ -74.059395779999988, 4.676434080000035 ], [ -74.060511578999979, 4.669847087000051 ] ], [ [ -74.060465980999936, 4.669671652000034 ], [ -74.06052968399996, 4.669333144000063 ], [ -74.060600091999959, 4.668981604000066 ], [ -74.060655746999942, 4.668700238000042 ], [ -74.060621548999961, 4.668478020000066 ], [ -74.060580309999978, 4.668220713000039 ], [ -74.060655076999979, 4.667812699000024 ], [ -74.060680557999945, 4.667708774000062 ], [ -74.060702015999937, 4.66760885900004 ], [ -74.060734201999935, 4.667424400000073 ], [ -74.060766723999961, 4.667243952000035 ], [ -74.06080293399998, 4.66706918400007 ], [ -74.060864288999937, 4.666796839000028 ], [ -74.060893122999971, 4.666698261000022 ], [ -74.060926650999988, 4.666520485000035 ], [ -74.060993034999967, 4.666216395000049 ], [ -74.061037626999962, 4.666009547000044 ], [ -74.061045002999947, 4.665919323000026 ], [ -74.061055731999943, 4.665847143000065 ] ] ] } },
{ "type": "Feature", "properties": { "camera_id": "DEI-029/CAM-01", "segment_id": "1002011", "distance_m": 44.335, "install_date": "2020-03-27T00:00:00", "accidents_pre": 203, "accidents_post": 396, "speed_pre_kph": 39.103, "speed_post_kph": 41.828, "n_pre_obs": 25707.0, "n_post_obs": 22792.0 }, "geometry": { "type": "MultiLineString", "coordinates": [ [ [ -74.055919636999988, 4.698354632000076 ], [ -74.058065403999933, 4.684838822000074 ] ] ] } },
{ "type": "Feature", "properties": { "camera_id": "DEI-029/CAM-02", "segment_id": "142", "distance_m": 55.321, "install_date": "2020-03-27T00:00:00", "accidents_pre": 203, "accidents_post": 396, "speed_pre_kph": 40.272, "speed_post_kph": 43.662, "n_pre_obs": 39575.0, "n_post_obs": 23737.0 }, "geometry": { "type": "MultiLineString", "coordinates": [ [ [ -74.044933308999987, 4.76340648300004 ], [ -74.045920361999947, 4.758317177000038 ], [ -74.046692837999956, 4.75463916800004 ], [ -74.046950329999959, 4.75378381400003 ], [ -74.046821583999986, 4.75220140700003 ], [ -74.047508228999959, 4.748181220000049 ] ], [ [ -74.04742239899997, 4.748181220000049 ], [ -74.048151959999984, 4.74356225400004 ] ], [ [ -74.048237789999973, 4.743519485000036 ], [ -74.050168980999956, 4.731843626000057 ] ], [ [ -74.050254810999945, 4.731715319000045 ], [ -74.051842678999947, 4.722092209000039 ] ], [ [ -74.051713932999974, 4.722006669000052 ], [ -74.052786816999969, 4.71533456700007 ] ], [ [ -74.053087223999967, 4.715206256000045 ], [ -74.054546345999938, 4.70571122900003 ] ], [ [ -74.054718006999963, 4.705197980000037 ], [ -74.055747975999964, 4.698953428000038 ] ], [ [ -74.055919636999988, 4.698354632000076 ], [ -74.058065403999933, 4.684838822000074 ] ], [ [ -74.058065403999933, 4.684432488000027 ], [ -74.059224117999975, 4.676776260000054 ] ], [ [ -74.059395779999988, 4.676434080000035 ], [ -74.060511578999979, 4.669847087000051 ] ], [ [ -74.060465980999936, 4.669671652000034 ], [ -74.06052968399996, 4.669333144000063 ], [ -74.060600091999959, 4.668981604000066 ], [ -74.060655746999942, 4.668700238000042 ], [ -74.060621548999961, 4.668478020000066 ], [ -74.060580309999978, 4.668220713000039 ], [ -74.060655076999979, 4.667812699000024 ], [ -74.060680557999945, 4.667708774000062 ], [ -74.060702015999937, 4.66760885900004 ], [ -74.060734201999935, 4.667424400000073 ], [ -74.060766723999961, 4.667243952000035 ], [ -74.06080293399998, 4.66706918400007 ], [ -74.060864288999937, 4.666796839000028 ], [ -74.060893122999971, 4.666698261000022 ], [ -74.060926650999988, 4.666520485000035 ], [ -74.060993034999967, 4.666216395000049 ], [ -74.061037626999962, 4.666009547000044 ], [ -74.061045002999947, 4.665919323000026 ], [ -74.061055731999943, 4.665847143000065 ] ] ] } },
{ "type": "Feature", "properties": { "camera_id": "DEI-029/CAM-02", "segment_id": "1002011", "distance_m": 55.321, "install_date": "2020-03-27T00:00:00", "accidents_pre": 203, "accidents_post": 396, "speed_pre_kph": 39.103, "speed_post_kph": 41.828, "n_pre_obs": 25707.0, "n_post_obs": 22792.0 }, "geometry": { "type": "MultiLineString", "coordinates": [ [ [ -74.055919636999988, 4.698354632000076 ], [ -74.058065403999933, 4.684838822000074 ] ] ] } },
{ "type": "Feature", "properties": { "camera_id": "DEI-029/CAM-03", "segment_id": "141", "distance_m": 35.519, "install_date": "2020-03-27T00:00:00", "accidents_pre": 344, "accidents_post": 496, "speed_pre_kph": 39.437, "speed_post_kph": 42.062, "n_pre_obs": 38362.0, "n_post_obs": 21597.0 }, "geometry": { "type": "MultiLineString", "coordinates": [ [ [ -74.060526162999963, 4.66572300100006 ], [ -74.06049481499997, 4.665904285000067 ], [ -74.060430441999983, 4.666201692000072 ], [ -74.060416359999977, 4.66627554300004 ], [ -74.060411330999955, 4.666319652000027 ], [ -74.060399260999986, 4.666436610000062 ], [ -74.060369421999951, 4.66658297400005 ], [ -74.060331199999951, 4.666774450000048 ], [ -74.060259115999941, 4.667133343000046 ], [ -74.060239334999949, 4.667235597000058 ], [ -74.060218211999938, 4.667340859000035 ], [ -74.060187366999969, 4.667500590000031 ], [ -74.060115617999941, 4.667861821000031 ], [ -74.060074042999986, 4.668071676000068 ], [ -74.060019728999976, 4.668255466000062 ], [ -74.059915122999939, 4.668628059000071 ], [ -74.059860807999939, 4.668998312000042 ], [ -74.059798445999945, 4.669420695000042 ] ], [ [ -74.05961035699994, 4.669590450000044 ], [ -74.058580387999939, 4.676305763000073 ] ], [ [ -74.058580387999939, 4.676476852000064 ], [ -74.057250012999987, 4.684346944000026 ] ], [ [ -74.057207096999946, 4.684325558000069 ], [ -74.054803837999941, 4.697841378000021 ] ], [ [ -74.054803837999941, 4.698269090000053 ], [ -74.053773869999986, 4.70485581500003 ] ], [ [ -74.053688038999951, 4.705026898000028 ], [ -74.052057255999955, 4.715035176000072 ] ], [ [ -74.051885594999987, 4.715035176000072 ], [ -74.05076979599994, 4.721835590000069 ] ], [ [ -74.05089854199997, 4.721750051000072 ], [ -74.049267758999974, 4.731373166000026 ] ], [ [ -74.049310673999969, 4.73154424300003 ], [ -74.04742239899997, 4.743262875000028 ] ], [ [ -74.047336567999935, 4.743305644000031 ], [ -74.046564091999983, 4.74775353900003 ] ], [ [ -74.046564091999983, 4.748010148000049 ], [ -74.04630659999998, 4.749421493000057 ], [ -74.046435345999953, 4.750747299000068 ], [ -74.046092022999972, 4.75220140700003 ], [ -74.045448292999936, 4.754938541000058 ], [ -74.04506205499996, 4.75759013000004 ], [ -74.044718731999978, 4.759600199000033 ], [ -74.04394625599997, 4.763320949000047 ] ] ] } },
{ "type": "Feature", "properties": { "camera_id": "DEI-029/CAM-03", "segment_id": "1002010", "distance_m": 35.519, "install_date": "2020-03-27T00:00:00", "accidents_pre": 344, "accidents_post": 496, "speed_pre_kph": 42.465, "speed_post_kph": 46.847, "n_pre_obs": 26811.0, "n_post_obs": 21990.0 }, "geometry": { "type": "MultiLineString", "coordinates": [ [ [ -74.057207096999946, 4.684325558000069 ], [ -74.054803837999941, 4.697841378000021 ] ] ] } },
{ "type": "Feature", "properties": { "camera_id": "DEI-029/CAM-04", "segment_id": "141", "distance_m": 17.609, "install_date": "2020-03-27T00:00:00", "accidents_pre": 344, "accidents_post": 496, "speed_pre_kph": 39.437, "speed_post_kph": 42.062, "n_pre_obs": 38362.0, "n_post_obs": 21597.0 }, "geometry": { "type": "MultiLineString", "coordinates": [ [ [ -74.060526162999963, 4.66572300100006 ], [ -74.06049481499997, 4.665904285000067 ], [ -74.060430441999983, 4.666201692000072 ], [ -74.060416359999977, 4.66627554300004 ], [ -74.060411330999955, 4.666319652000027 ], [ -74.060399260999986, 4.666436610000062 ], [ -74.060369421999951, 4.66658297400005 ], [ -74.060331199999951, 4.666774450000048 ], [ -74.060259115999941, 4.667133343000046 ], [ -74.060239334999949, 4.667235597000058 ], [ -74.060218211999938, 4.667340859000035 ], [ -74.060187366999969, 4.667500590000031 ], [ -74.060115617999941, 4.667861821000031 ], [ -74.060074042999986, 4.668071676000068 ], [ -74.060019728999976, 4.668255466000062 ], [ -74.059915122999939, 4.668628059000071 ], [ -74.059860807999939, 4.668998312000042 ], [ -74.059798445999945, 4.669420695000042 ] ], [ [ -74.05961035699994, 4.669590450000044 ], [ -74.058580387999939, 4.676305763000073 ] ], [ [ -74.058580387999939, 4.676476852000064 ], [ -74.057250012999987, 4.684346944000026 ] ], [ [ -74.057207096999946, 4.684325558000069 ], [ -74.054803837999941, 4.697841378000021 ] ], [ [ -74.054803837999941, 4.698269090000053 ], [ -74.053773869999986, 4.70485581500003 ] ], [ [ -74.053688038999951, 4.705026898000028 ], [ -74.052057255999955, 4.715035176000072 ] ], [ [ -74.051885594999987, 4.715035176000072 ], [ -74.05076979599994, 4.721835590000069 ] ], [ [ -74.05089854199997, 4.721750051000072 ], [ -74.049267758999974, 4.731373166000026 ] ], [ [ -74.049310673999969, 4.73154424300003 ], [ -74.04742239899997, 4.743262875000028 ] ], [ [ -74.047336567999935, 4.743305644000031 ], [ -74.046564091999983, 4.74775353900003 ] ], [ [ -74.046564091999983, 4.748010148000049 ], [ -74.04630659999998, 4.749421493000057 ], [ -74.046435345999953, 4.750747299000068 ], [ -74.046092022999972, 4.75220140700003 ], [ -74.045448292999936, 4.754938541000058 ], [ -74.04506205499996, 4.75759013000004 ], [ -74.044718731999978, 4.759600199000033 ], [ -74.04394625599997, 4.763320949000047 ] ] ] } },
{ "type": "Feature", "properties": { "camera_id": "DEI-029/CAM-04", "segment_id": "1002010", "distance_m": 17.609, "install_date": "2020-03-27T00:00:00", "accidents_pre": 344, "accidents_post": 496, "speed_pre_kph": 42.465, "speed_post_kph": 46.847, "n_pre_obs": 26811.0, "n_post_obs": 21990.0 }, "geometry": { "type": "MultiLineString", "coordinates": [ [ [ -74.057207096999946, 4.684325558000069 ], [ -74.054803837999941, 4.697841378000021 ] ] ] } },
{ "type": "Feature", "properties": { "camera_id": "DEI-030/CAM-01", "segment_id": "35", "distance_m": 4.41, "install_date": "2020-03-27T00:00:00", "accidents_pre": 1965, "accidents_post": 3336, "speed_pre_kph": 28.328, "speed_post_kph": 32.941, "n_pre_obs": 39450.0, "n_post_obs": 23017.0 }, "geometry": { "type": "MultiLineString", "coordinates": [ [ [ -74.065944118999937, 4.760351180000043 ], [ -74.066190881999944, 4.759966274000021 ], [ -74.066255254999987, 4.759656211000049 ], [ -74.066394729999956, 4.759014701000069 ], [ -74.066416187999948, 4.758672561000026 ], [ -74.066233797999985, 4.757977590000053 ], [ -74.065901203999942, 4.756534187000057 ], [ -74.065729541999985, 4.755497074000061 ] ], [ [ -74.065731156999959, 4.755366218000063 ], [ -74.065216172999953, 4.751581273000056 ], [ -74.065065969999978, 4.749528413000064 ], [ -74.064958680999951, 4.748223988000063 ], [ -74.064980138999942, 4.747261706000074 ] ], [ [ -74.064964045999943, 4.747189535000075 ], [ -74.065071333999981, 4.745842338000045 ], [ -74.06515716499996, 4.744986973000039 ], [ -74.065178621999962, 4.744131607000043 ], [ -74.065242994999949, 4.743201396000075 ], [ -74.065267134999942, 4.742546505000064 ] ], [ [ -74.06537442399997, 4.742485025000065 ], [ -74.065524626999945, 4.74141581400005 ], [ -74.06603961199994, 4.738614473000041 ], [ -74.066812087999949, 4.735150203000046 ], [ -74.06736998699995, 4.733204216000047 ], [ -74.068743277999943, 4.729889611000033 ] ], [ [ -74.068882752999968, 4.729579535000028 ], [ -74.069483567999953, 4.728553073000057 ], [ -74.070556450999959, 4.727184455000042 ], [ -74.071200181999984, 4.726329067000052 ] ], [ [ -74.071353067999951, 4.726077796000027 ], [ -74.074013818999958, 4.722870082000043 ], [ -74.075129617999949, 4.72107375500002 ], [ -74.075365651999959, 4.720154205000028 ], [ -74.075537313999973, 4.718657260000043 ], [ -74.075558770999976, 4.71848618100006 ], [ -74.076052297999979, 4.716540148000036 ], [ -74.076395620999961, 4.715684747000068 ], [ -74.077039350999939, 4.714636879000068 ], [ -74.078176606999989, 4.712776376000022 ], [ -74.078906167999946, 4.711749889000032 ], [ -74.079442609999944, 4.711129719000041 ], [ -74.080000508999944, 4.710210156000073 ] ], [ [ -74.080080975999977, 4.710076498000035 ], [ -74.081194091999976, 4.70805559300004 ], [ -74.081880737999938, 4.706606739000051 ], [ -74.081982661999973, 4.706013297000027 ], [ -74.081923652999933, 4.705521434000048 ], [ -74.081456948999971, 4.704077921000021 ], [ -74.081285287999947, 4.703548633000025 ], [ -74.081215549999968, 4.703153002000022 ], [ -74.081242371999963, 4.702618367000071 ], [ -74.081574965999948, 4.701404742000022 ], [ -74.081918288999987, 4.70006814900006 ], [ -74.082368899999949, 4.698309188000053 ], [ -74.082556654999962, 4.69788147600002 ], [ -74.082862425999963, 4.69755 ], [ -74.083441783999945, 4.697170405000065 ], [ -74.085850406999953, 4.696544876000075 ], [ -74.088301945999945, 4.695833804000074 ], [ -74.088870574999987, 4.695625293000035 ], [ -74.089439202999984, 4.695304509000039 ], [ -74.089750338999977, 4.695122730000037 ], [ -74.089954186999989, 4.694999763000055 ], [ -74.090442348999943, 4.694695017000072 ], [ -74.090748120999933, 4.694352846000072 ], [ -74.091289926999934, 4.693294253000033 ], [ -74.09180491099994, 4.692273084000021 ], [ -74.092448640999976, 4.691091520000043 ], [ -74.092588115999945, 4.690840237000032 ] ], [ [ -74.092765141999962, 4.690840237000032 ], [ -74.096992303999968, 4.684830802000022 ], [ -74.098816205999981, 4.682093391000024 ], [ -74.099438477999968, 4.681323492000047 ] ], [ [ -74.099599410999986, 4.681098938000048 ], [ -74.101509143999976, 4.678596760000062 ], [ -74.103161383999975, 4.676372595000032 ], [ -74.103762198999959, 4.675581303000058 ], [ -74.10386948699994, 4.675068033000059 ] ], [ [ -74.104244996999967, 4.674287433000075 ], [ -74.105081845999962, 4.673389207000071 ], [ -74.106873561999976, 4.671560674000034 ] ], [ [ -74.107187379999971, 4.671459088000063 ], [ -74.112251390999973, 4.666283563000036 ], [ -74.118559945999948, 4.658926551000036 ], [ -74.125683892999973, 4.650585660000047 ], [ -74.127057183999966, 4.649302437000074 ], [ -74.131177056999945, 4.646051596000063 ], [ -74.131777871999986, 4.645495529000073 ] ], [ [ -74.131946850999952, 4.645147988000076 ], [ -74.132740784999953, 4.644185563000065 ], [ -74.133813668999949, 4.64268845600003 ], [ -74.134993840999982, 4.641063022000026 ], [ -74.135852147999969, 4.639608683000063 ] ], [ [ -74.135959435999951, 4.639352035000059 ], [ -74.13651733599994, 4.638218503000076 ], [ -74.136882115999981, 4.63710635800004 ], [ -74.137289811999949, 4.635823110000047 ], [ -74.137611676999938, 4.633491872000036 ], [ -74.137869168999941, 4.631096463000063 ], [ -74.138362694999955, 4.62585647700007 ] ], [ [ -74.138427067999942, 4.625663987000053 ], [ -74.138684559999945, 4.623140224000053 ], [ -74.138942052999937, 4.621407806000036 ], [ -74.139521409999986, 4.618841252000038 ] ], [ [ -74.139735985999948, 4.618520432000025 ], [ -74.140487004999954, 4.615440554000031 ], [ -74.141152192999982, 4.612317886000028 ], [ -74.141259480999963, 4.611013205000063 ] ], [ [ -74.141345311999942, 4.610831406000045 ], [ -74.141624261999937, 4.608157872000049 ], [ -74.143791485999941, 4.602254674000051 ], [ -74.144113351999977, 4.601399134000076 ] ], [ [ -74.144185770999968, 4.60133229500002 ], [ -74.145258654999964, 4.598252342000023 ], [ -74.145430315999988, 4.597482352000043 ], [ -74.145559061999961, 4.596199033000062 ], [ -74.145559061999961, 4.59465904700005 ], [ -74.145559061999961, 4.589739626000039 ], [ -74.145301569999958, 4.588584627000046 ], [ -74.143670786999962, 4.584477947000039 ], [ -74.143499125999938, 4.583879054000022 ], [ -74.143263090999938, 4.582146540000053 ], [ -74.143027056999983, 4.581184030000031 ], [ -74.141761053999971, 4.578275104000056 ], [ -74.140301932999989, 4.575301998000043 ], [ -74.139679659999956, 4.573098897000023 ] ], [ [ -74.139778159999935, 4.572976314000073 ], [ -74.138876937999953, 4.569211776000031 ], [ -74.138576529999966, 4.567671732000065 ], [ -74.138662360999945, 4.566559476000066 ], [ -74.139520667999989, 4.560099802000025 ], [ -74.139477752999937, 4.559415329000046 ], [ -74.137031577999949, 4.552399451000042 ] ], [ [ -74.136935017999974, 4.552239026000052 ], [ -74.136666796999975, 4.551265781000041 ], [ -74.136677525999971, 4.550656166000067 ], [ -74.137299798999948, 4.548367429000052 ], [ -74.137342713999942, 4.547640166000065 ], [ -74.13726761199996, 4.546902206000027 ], [ -74.135229132999939, 4.543009190000021 ], [ -74.133812926999951, 4.540314013000057 ] ], [ [ -74.133668087999979, 4.540094762000024 ], [ -74.133131645999981, 4.539367490000075 ], [ -74.132015846999934, 4.53851187500004 ], [ -74.130857132999949, 4.537592088000054 ], [ -74.129719875999967, 4.536779251000041 ], [ -74.128968857999951, 4.536094757000058 ], [ -74.128432415999953, 4.535495824000066 ], [ -74.128024719999985, 4.534789938000074 ], [ -74.127724312999987, 4.533592069000065 ], [ -74.127295158999971, 4.530233747000068 ], [ -74.126908920999938, 4.527025145000039 ], [ -74.12660851399994, 4.525442229000021 ], [ -74.126157902999978, 4.524222954000038 ], [ -74.125170849999961, 4.523025067000049 ], [ -74.122939251999981, 4.520500943000059 ] ], [ [ -74.122856312999943, 4.520461668000053 ], [ -74.122212582999964, 4.518964302000029 ], [ -74.121998005999956, 4.51661129200005 ], [ -74.121869259999983, 4.515071136000074 ], [ -74.122212582999964, 4.513488194000047 ], [ -74.122384243999988, 4.512760895000042 ], [ -74.122083836999934, 4.511776902000065 ], [ -74.121096783999974, 4.510750124000026 ], [ -74.119208508999975, 4.510108388000049 ], [ -74.115946941999937, 4.508867695000049 ], [ -74.114359074999982, 4.507883697000068 ], [ -74.114101582999979, 4.507584218000034 ] ], [ [ -74.113980673999947, 4.507377494000025 ], [ -74.112929247999944, 4.506671581000035 ], [ -74.112328432999959, 4.506479059000071 ], [ -74.110418699999968, 4.506500450000033 ], [ -74.10672797999996, 4.506457667000063 ] ] ] } },
{ "type": "Feature", "properties": { "camera_id": "DEI-030/CAM-01", "segment_id": "1000320", "distance_m": 4.41, "install_date": "2020-03-27T00:00:00", "accidents_pre": 1965, "accidents_post": 3336, "speed_pre_kph": 27.57, "speed_post_kph": 29.35, "n_pre_obs": 41112.0, "n_post_obs": 23935.0 }, "geometry": { "type": "MultiLineString", "coordinates": [ [ [ -74.065731156999959, 4.755366218000063 ], [ -74.065216172999953, 4.751581273000056 ], [ -74.065065969999978, 4.749528413000064 ], [ -74.064958680999951, 4.748223988000063 ], [ -74.064980138999942, 4.747261706000074 ] ] ] } },
{ "type": "Feature", "properties": { "camera_id": "DEI-030/CAM-01", "segment_id": "36", "distance_m": 11.275, "install_date": "2020-03-27T00:00:00", "accidents_pre": 1965, "accidents_post": 3336, "speed_pre_kph": 25.916, "speed_post_kph": 32.063, "n_pre_obs": 39047.0, "n_post_obs": 22064.0 }, "geometry": { "type": "MultiLineString", "coordinates": [ [ [ -74.106749437999952, 4.506778537000059 ], [ -74.109410188999959, 4.506735755000022 ], [ -74.111706159999983, 4.506757146000041 ], [ -74.112543009999968, 4.506842711000047 ], [ -74.113015077999989, 4.507078016000037 ], [ -74.113873384999977, 4.507655581000051 ] ], [ [ -74.11390309899997, 4.50809761000005 ], [ -74.114434176999964, 4.50856821800005 ], [ -74.114997439999968, 4.508937217000039 ], [ -74.115753822999977, 4.509316912000031 ], [ -74.117406063999965, 4.509980040000073 ], [ -74.120560341999976, 4.511220731000037 ], [ -74.120984130999943, 4.511439990000042 ], [ -74.121332817999985, 4.511691337000059 ], [ -74.12155275899994, 4.511985466000056 ], [ -74.121692233999966, 4.512274246000061 ], [ -74.121745877999956, 4.512488158000053 ], [ -74.121761971999945, 4.512766243000044 ], [ -74.121660047999967, 4.513279630000056 ], [ -74.121338182999978, 4.51464866200007 ], [ -74.121311359999936, 4.515392002000056 ], [ -74.121563487999936, 4.517215588000056 ], [ -74.12178879399994, 4.518835956000032 ], [ -74.121976547999964, 4.519670204000022 ], [ -74.122330599999941, 4.520450973000038 ], [ -74.122518353999965, 4.520729055000061 ] ], [ [ -74.122467182999969, 4.520672070000046 ], [ -74.123389862999943, 4.521805788000052 ], [ -74.124484203999941, 4.523025067000049 ], [ -74.125557087999937, 4.524201563000076 ], [ -74.12594332599997, 4.524886069000047 ], [ -74.126200817999973, 4.52610534300004 ], [ -74.126715801999978, 4.530319310000039 ], [ -74.127273701999968, 4.534169613000074 ], [ -74.127745769999933, 4.535453043000075 ], [ -74.128260753999939, 4.536201709000068 ], [ -74.12909760399998, 4.536971765000033 ], [ -74.131930015999956, 4.539110806000053 ], [ -74.13265957699997, 4.539752516000021 ], [ -74.13321747699996, 4.540330056000073 ] ], [ [ -74.133300624999947, 4.540412943000035 ], [ -74.133847795999941, 4.541434331000062 ], [ -74.134411059999934, 4.542509193000058 ], [ -74.135607324999967, 4.544824686000027 ], [ -74.136572919999935, 4.546813972000052 ], [ -74.136787496999943, 4.547605407000049 ], [ -74.136680208999962, 4.548418231000028 ], [ -74.136229596999954, 4.55025777700007 ], [ -74.136122308999973, 4.551177548000055 ], [ -74.136229596999954, 4.551862028000073 ], [ -74.136508546999949, 4.552546507000045 ] ], [ [ -74.136473677999959, 4.552559876000032 ], [ -74.137439273999973, 4.555169448000072 ], [ -74.138404868999942, 4.558078468000076 ], [ -74.138876937999953, 4.559404634000032 ], [ -74.13894131099994, 4.559896599000069 ], [ -74.138791106999975, 4.561030255000048 ], [ -74.138254664999977, 4.564538160000041 ], [ -74.137975714999982, 4.566677119000076 ], [ -74.137975714999982, 4.567746596000063 ], [ -74.138190291999933, 4.568880239000066 ], [ -74.139284632999988, 4.573115345000076 ] ], [ [ -74.139327548999972, 4.573265070000048 ], [ -74.139756701999943, 4.575093858000059 ], [ -74.140250228999946, 4.576377215000036 ], [ -74.140786670999944, 4.577307647000055 ], [ -74.142514012999982, 4.581414368000026 ], [ -74.142717860999937, 4.582002569000053 ], [ -74.142835877999971, 4.582473128000061 ], [ -74.142910979999954, 4.583189662000052 ], [ -74.143061183999976, 4.584141475000024 ], [ -74.143275759999938, 4.584783145000074 ], [ -74.144284270999947, 4.587189405000061 ], [ -74.144938729999978, 4.58895399000005 ], [ -74.145035289999953, 4.589264129000071 ], [ -74.145110390999946, 4.589670518000048 ], [ -74.145088933999943, 4.590387044000067 ], [ -74.145164035999983, 4.592932312000073 ], [ -74.145185492999985, 4.593809251000039 ], [ -74.145174763999989, 4.59580909500005 ], [ -74.145185492999985, 4.596675336000033 ], [ -74.144820712999945, 4.598311566000064 ], [ -74.144531033999954, 4.599081556000044 ], [ -74.143780015999937, 4.601188328000035 ] ], [ [ -74.143705655999952, 4.601292192000074 ], [ -74.141774464999969, 4.606382640000049 ], [ -74.141216565999969, 4.607901212000058 ], [ -74.140851784999938, 4.611109452000051 ] ], [ [ -74.14081959899994, 4.611323335000066 ], [ -74.140347529999985, 4.614028939000036 ], [ -74.139660884999955, 4.617055353000069 ], [ -74.13932829099997, 4.618434880000052 ] ], [ [ -74.139221001999942, 4.618670148000035 ], [ -74.138427067999942, 4.62179278800005 ], [ -74.138191033999988, 4.624209617000076 ], [ -74.138062287999958, 4.625685375000046 ] ], [ [ -74.137997914999971, 4.625920640000061 ], [ -74.137547303999952, 4.630262345000062 ], [ -74.137075234999941, 4.634646798000063 ], [ -74.136688996999965, 4.636486122000065 ], [ -74.135916520999956, 4.638582089000067 ], [ -74.135551739999983, 4.639159548000066 ] ], [ [ -74.13553028299998, 4.639352035000059 ], [ -74.134028245999957, 4.641704641000047 ], [ -74.132740784999953, 4.643223138000053 ], [ -74.13160352899996, 4.644506372000023 ] ], [ [ -74.131391633999954, 4.644688163000069 ], [ -74.129675019999979, 4.646302895000076 ], [ -74.126338351999948, 4.648922817000027 ], [ -74.121746410999947, 4.654119857000069 ], [ -74.12018, 4.656033984000032 ], [ -74.111285794999958, 4.666395842000043 ], [ -74.10676895499995, 4.671026014000063 ] ], [ [ -74.106532920999939, 4.671245224000074 ], [ -74.105283011999973, 4.672485634000054 ], [ -74.10390972099998, 4.67397733100006 ], [ -74.10365759299998, 4.67450664200004 ] ], [ [ -74.103633452999986, 4.674661693000076 ], [ -74.102946807999956, 4.675880711000048 ], [ -74.101101447999952, 4.678382898000052 ], [ -74.09951357999995, 4.680500127000073 ], [ -74.099277545999939, 4.680799533000027 ] ], [ [ -74.099159527999973, 4.680949235000071 ], [ -74.098687459999951, 4.681526660000031 ], [ -74.094159890999947, 4.688006613000027 ], [ -74.092400361999978, 4.690615686000058 ] ], [ [ -74.092314530999943, 4.690808159000028 ], [ -74.091220189999945, 4.692882578000024 ], [ -74.09061937499996, 4.694016021000039 ], [ -74.090190220999943, 4.694486507000022 ], [ -74.089814711999963, 4.694817985000043 ], [ -74.089278269999966, 4.695181541000068 ], [ -74.088484336999954, 4.69556648300005 ], [ -74.087497283999937, 4.695833804000074 ], [ -74.084643412999981, 4.696646458000032 ], [ -74.083334494999974, 4.696967242000028 ], [ -74.08284096899996, 4.69715971200003 ], [ -74.082508374999975, 4.697405647000039 ], [ -74.082089949999954, 4.697918901000037 ], [ -74.081821728999955, 4.698688781000044 ], [ -74.081059981999942, 4.70182175900004 ], [ -74.080877591999979, 4.702794797000024 ], [ -74.080931235999969, 4.703243891000056 ], [ -74.081231642999967, 4.704131385000039 ], [ -74.081746627999962, 4.705660439000042 ], [ -74.081714440999974, 4.706184379000035 ], [ -74.081532050999954, 4.706793861000051 ], [ -74.080287505999934, 4.709263860000021 ], [ -74.080030013999988, 4.709627409000063 ] ], [ [ -74.07988785699996, 4.70989739700002 ], [ -74.079775203999986, 4.710143327000026 ], [ -74.079228032999936, 4.710950618000027 ], [ -74.078723777999983, 4.711618905000023 ], [ -74.078074682999954, 4.712383424000052 ], [ -74.077087629999937, 4.714120964000074 ], [ -74.076556552999989, 4.715072600000042 ], [ -74.076282967999987, 4.715323874000035 ], [ -74.07597719599994, 4.71596007900007 ], [ -74.075424660999943, 4.717895421000037 ], [ -74.075059879999969, 4.719440483000028 ], [ -74.074882854999942, 4.720033915000045 ], [ -74.074705828999981, 4.721151275000068 ], [ -74.074566353999955, 4.721525510000049 ], [ -74.07418011599998, 4.722263287000033 ], [ -74.072340119999978, 4.724391075000028 ], [ -74.071363795999957, 4.725545851000049 ], [ -74.071095575999948, 4.725877315000048 ] ], [ [ -74.070902455999942, 4.726108537000073 ], [ -74.070290912999951, 4.726899771000035 ], [ -74.069743741999957, 4.727562696000064 ], [ -74.069250215999944, 4.728343236000057 ], [ -74.068488467999941, 4.729551467000022 ] ], [ [ -74.068389226999955, 4.729771996000068 ], [ -74.067230511999981, 4.732509220000054 ], [ -74.066458035999972, 4.735075357000028 ], [ -74.065814305999936, 4.737898097000027 ], [ -74.065342236999982, 4.74016483500003 ], [ -74.064998913999943, 4.742260491000025 ] ], [ [ -74.065084744999979, 4.742482352000025 ], [ -74.064998913999943, 4.743399199000066 ], [ -74.064950634999946, 4.744214471000021 ], [ -74.06487016799997, 4.745842338000045 ], [ -74.064746786999933, 4.747152113000027 ] ], [ [ -74.064744104999988, 4.747240322000039 ], [ -74.064829934999977, 4.748865509000041 ], [ -74.065302003999989, 4.753334753000047 ], [ -74.065580953999984, 4.755430369000067 ] ], [ [ -74.065579338999953, 4.755497074000061 ], [ -74.065772457999969, 4.756812176000039 ], [ -74.065976305999982, 4.757763753000063 ], [ -74.066180152999948, 4.758587026000043 ], [ -74.066233797999985, 4.758939858000076 ], [ -74.066158695999945, 4.75942099100007 ], [ -74.065987033999988, 4.759987658000057 ], [ -74.065793914999972, 4.760244262000072 ] ] ] } },
{ "type": "Feature", "properties": { "camera_id": "DEI-030/CAM-01", "segment_id": "1000321", "distance_m": 11.275, "install_date": "2020-03-27T00:00:00", "accidents_pre": 1965, "accidents_post": 3336, "speed_pre_kph": 32.761, "speed_post_kph": 35.602, "n_pre_obs": 38908.0, "n_post_obs": 22502.0 }, "geometry": { "type": "MultiLineString", "coordinates": [ [ [ -74.064744104999988, 4.747240322000039 ], [ -74.064829934999977, 4.748865509000041 ], [ -74.065302003999989, 4.753334753000047 ], [ -74.065580953999984, 4.755430369000067 ] ] ] } },
{ "type": "Feature", "properties": { "camera_id": "DEI-030/CAM-02", "segment_id": "36", "distance_m": 1.177, "install_date": "2020-03-27T00:00:00", "accidents_pre": 1965, "accidents_post": 3336, "speed_pre_kph": 25.916, "speed_post_kph": 32.063, "n_pre_obs": 39047.0, "n_post_obs": 22064.0 }, "geometry": { "type": "MultiLineString", "coordinates": [ [ [ -74.106749437999952, 4.506778537000059 ], [ -74.109410188999959, 4.506735755000022 ], [ -74.111706159999983, 4.506757146000041 ], [ -74.112543009999968, 4.506842711000047 ], [ -74.113015077999989, 4.507078016000037 ], [ -74.113873384999977, 4.507655581000051 ] ], [ [ -74.11390309899997, 4.50809761000005 ], [ -74.114434176999964, 4.50856821800005 ], [ -74.114997439999968, 4.508937217000039 ], [ -74.115753822999977, 4.509316912000031 ], [ -74.117406063999965, 4.509980040000073 ], [ -74.120560341999976, 4.511220731000037 ], [ -74.120984130999943, 4.511439990000042 ], [ -74.121332817999985, 4.511691337000059 ], [ -74.12155275899994, 4.511985466000056 ], [ -74.121692233999966, 4.512274246000061 ], [ -74.121745877999956, 4.512488158000053 ], [ -74.121761971999945, 4.512766243000044 ], [ -74.121660047999967, 4.513279630000056 ], [ -74.121338182999978, 4.51464866200007 ], [ -74.121311359999936, 4.515392002000056 ], [ -74.121563487999936, 4.517215588000056 ], [ -74.12178879399994, 4.518835956000032 ], [ -74.121976547999964, 4.519670204000022 ], [ -74.122330599999941, 4.520450973000038 ], [ -74.122518353999965, 4.520729055000061 ] ], [ [ -74.122467182999969, 4.520672070000046 ], [ -74.123389862999943, 4.521805788000052 ], [ -74.124484203999941, 4.523025067000049 ], [ -74.125557087999937, 4.524201563000076 ], [ -74.12594332599997, 4.524886069000047 ], [ -74.126200817999973, 4.52610534300004 ], [ -74.126715801999978, 4.530319310000039 ], [ -74.127273701999968, 4.534169613000074 ], [ -74.127745769999933, 4.535453043000075 ], [ -74.128260753999939, 4.536201709000068 ], [ -74.12909760399998, 4.536971765000033 ], [ -74.131930015999956, 4.539110806000053 ], [ -74.13265957699997, 4.539752516000021 ], [ -74.13321747699996, 4.540330056000073 ] ], [ [ -74.133300624999947, 4.540412943000035 ], [ -74.133847795999941, 4.541434331000062 ], [ -74.134411059999934, 4.542509193000058 ], [ -74.135607324999967, 4.544824686000027 ], [ -74.136572919999935, 4.546813972000052 ], [ -74.136787496999943, 4.547605407000049 ], [ -74.136680208999962, 4.548418231000028 ], [ -74.136229596999954, 4.55025777700007 ], [ -74.136122308999973, 4.551177548000055 ], [ -74.136229596999954, 4.551862028000073 ], [ -74.136508546999949, 4.552546507000045 ] ], [ [ -74.136473677999959, 4.552559876000032 ], [ -74.137439273999973, 4.555169448000072 ], [ -74.138404868999942, 4.558078468000076 ], [ -74.138876937999953, 4.559404634000032 ], [ -74.13894131099994, 4.559896599000069 ], [ -74.138791106999975, 4.561030255000048 ], [ -74.138254664999977, 4.564538160000041 ], [ -74.137975714999982, 4.566677119000076 ], [ -74.137975714999982, 4.567746596000063 ], [ -74.138190291999933, 4.568880239000066 ], [ -74.139284632999988, 4.573115345000076 ] ], [ [ -74.139327548999972, 4.573265070000048 ], [ -74.139756701999943, 4.575093858000059 ], [ -74.140250228999946, 4.576377215000036 ], [ -74.140786670999944, 4.577307647000055 ], [ -74.142514012999982, 4.581414368000026 ], [ -74.142717860999937, 4.582002569000053 ], [ -74.142835877999971, 4.582473128000061 ], [ -74.142910979999954, 4.583189662000052 ], [ -74.143061183999976, 4.584141475000024 ], [ -74.143275759999938, 4.584783145000074 ], [ -74.144284270999947, 4.587189405000061 ], [ -74.144938729999978, 4.58895399000005 ], [ -74.145035289999953, 4.589264129000071 ], [ -74.145110390999946, 4.589670518000048 ], [ -74.145088933999943, 4.590387044000067 ], [ -74.145164035999983, 4.592932312000073 ], [ -74.145185492999985, 4.593809251000039 ], [ -74.145174763999989, 4.59580909500005 ], [ -74.145185492999985, 4.596675336000033 ], [ -74.144820712999945, 4.598311566000064 ], [ -74.144531033999954, 4.599081556000044 ], [ -74.143780015999937, 4.601188328000035 ] ], [ [ -74.143705655999952, 4.601292192000074 ], [ -74.141774464999969, 4.606382640000049 ], [ -74.141216565999969, 4.607901212000058 ], [ -74.140851784999938, 4.611109452000051 ] ], [ [ -74.14081959899994, 4.611323335000066 ], [ -74.140347529999985, 4.614028939000036 ], [ -74.139660884999955, 4.617055353000069 ], [ -74.13932829099997, 4.618434880000052 ] ], [ [ -74.139221001999942, 4.618670148000035 ], [ -74.138427067999942, 4.62179278800005 ], [ -74.138191033999988, 4.624209617000076 ], [ -74.138062287999958, 4.625685375000046 ] ], [ [ -74.137997914999971, 4.625920640000061 ], [ -74.137547303999952, 4.630262345000062 ], [ -74.137075234999941, 4.634646798000063 ], [ -74.136688996999965, 4.636486122000065 ], [ -74.135916520999956, 4.638582089000067 ], [ -74.135551739999983, 4.639159548000066 ] ], [ [ -74.13553028299998, 4.639352035000059 ], [ -74.134028245999957, 4.641704641000047 ], [ -74.132740784999953, 4.643223138000053 ], [ -74.13160352899996, 4.644506372000023 ] ], [ [ -74.131391633999954, 4.644688163000069 ], [ -74.129675019999979, 4.646302895000076 ], [ -74.126338351999948, 4.648922817000027 ], [ -74.121746410999947, 4.654119857000069 ], [ -74.12018, 4.656033984000032 ], [ -74.111285794999958, 4.666395842000043 ], [ -74.10676895499995, 4.671026014000063 ] ], [ [ -74.106532920999939, 4.671245224000074 ], [ -74.105283011999973, 4.672485634000054 ], [ -74.10390972099998, 4.67397733100006 ], [ -74.10365759299998, 4.67450664200004 ] ], [ [ -74.103633452999986, 4.674661693000076 ], [ -74.102946807999956, 4.675880711000048 ], [ -74.101101447999952, 4.678382898000052 ], [ -74.09951357999995, 4.680500127000073 ], [ -74.099277545999939, 4.680799533000027 ] ], [ [ -74.099159527999973, 4.680949235000071 ], [ -74.098687459999951, 4.681526660000031 ], [ -74.094159890999947, 4.688006613000027 ], [ -74.092400361999978, 4.690615686000058 ] ], [ [ -74.092314530999943, 4.690808159000028 ], [ -74.091220189999945, 4.692882578000024 ], [ -74.09061937499996, 4.694016021000039 ], [ -74.090190220999943, 4.694486507000022 ], [ -74.089814711999963, 4.694817985000043 ], [ -74.089278269999966, 4.695181541000068 ], [ -74.088484336999954, 4.69556648300005 ], [ -74.087497283999937, 4.695833804000074 ], [ -74.084643412999981, 4.696646458000032 ], [ -74.083334494999974, 4.696967242000028 ], [ -74.08284096899996, 4.69715971200003 ], [ -74.082508374999975, 4.697405647000039 ], [ -74.082089949999954, 4.697918901000037 ], [ -74.081821728999955, 4.698688781000044 ], [ -74.081059981999942, 4.70182175900004 ], [ -74.080877591999979, 4.702794797000024 ], [ -74.080931235999969, 4.703243891000056 ], [ -74.081231642999967, 4.704131385000039 ], [ -74.081746627999962, 4.705660439000042 ], [ -74.081714440999974, 4.706184379000035 ], [ -74.081532050999954, 4.706793861000051 ], [ -74.080287505999934, 4.709263860000021 ], [ -74.080030013999988, 4.709627409000063 ] ], [ [ -74.07988785699996, 4.70989739700002 ], [ -74.079775203999986, 4.710143327000026 ], [ -74.079228032999936, 4.710950618000027 ], [ -74.078723777999983, 4.711618905000023 ], [ -74.078074682999954, 4.712383424000052 ], [ -74.077087629999937, 4.714120964000074 ], [ -74.076556552999989, 4.715072600000042 ], [ -74.076282967999987, 4.715323874000035 ], [ -74.07597719599994, 4.71596007900007 ], [ -74.075424660999943, 4.717895421000037 ], [ -74.075059879999969, 4.719440483000028 ], [ -74.074882854999942, 4.720033915000045 ], [ -74.074705828999981, 4.721151275000068 ], [ -74.074566353999955, 4.721525510000049 ], [ -74.07418011599998, 4.722263287000033 ], [ -74.072340119999978, 4.724391075000028 ], [ -74.071363795999957, 4.725545851000049 ], [ -74.071095575999948, 4.725877315000048 ] ], [ [ -74.070902455999942, 4.726108537000073 ], [ -74.070290912999951, 4.726899771000035 ], [ -74.069743741999957, 4.727562696000064 ], [ -74.069250215999944, 4.728343236000057 ], [ -74.068488467999941, 4.729551467000022 ] ], [ [ -74.068389226999955, 4.729771996000068 ], [ -74.067230511999981, 4.732509220000054 ], [ -74.066458035999972, 4.735075357000028 ], [ -74.065814305999936, 4.737898097000027 ], [ -74.065342236999982, 4.74016483500003 ], [ -74.064998913999943, 4.742260491000025 ] ], [ [ -74.065084744999979, 4.742482352000025 ], [ -74.064998913999943, 4.743399199000066 ], [ -74.064950634999946, 4.744214471000021 ], [ -74.06487016799997, 4.745842338000045 ], [ -74.064746786999933, 4.747152113000027 ] ], [ [ -74.064744104999988, 4.747240322000039 ], [ -74.064829934999977, 4.748865509000041 ], [ -74.065302003999989, 4.753334753000047 ], [ -74.065580953999984, 4.755430369000067 ] ], [ [ -74.065579338999953, 4.755497074000061 ], [ -74.065772457999969, 4.756812176000039 ], [ -74.065976305999982, 4.757763753000063 ], [ -74.066180152999948, 4.758587026000043 ], [ -74.066233797999985, 4.758939858000076 ], [ -74.066158695999945, 4.75942099100007 ], [ -74.065987033999988, 4.759987658000057 ], [ -74.065793914999972, 4.760244262000072 ] ] ] } },
{ "type": "Feature", "properties": { "camera_id": "DEI-030/CAM-02", "segment_id": "1000321", "distance_m": 1.177, "install_date": "2020-03-27T00:00:00", "accidents_pre": 1965, "accidents_post": 3336, "speed_pre_kph": 32.761, "speed_post_kph": 35.602, "n_pre_obs": 38908.0, "n_post_obs": 22502.0 }, "geometry": { "type": "MultiLineString", "coordinates": [ [ [ -74.064744104999988, 4.747240322000039 ], [ -74.064829934999977, 4.748865509000041 ], [ -74.065302003999989, 4.753334753000047 ], [ -74.065580953999984, 4.755430369000067 ] ] ] } },
{ "type": "Feature", "properties": { "camera_id": "DEI-030/CAM-02", "segment_id": "35", "distance_m": 14.487, "install_date": "2020-03-27T00:00:00", "accidents_pre": 1965, "accidents_post": 3336, "speed_pre_kph": 28.328, "speed_post_kph": 32.941, "n_pre_obs": 39450.0, "n_post_obs": 23017.0 }, "geometry": { "type": "MultiLineString", "coordinates": [ [ [ -74.065944118999937, 4.760351180000043 ], [ -74.066190881999944, 4.759966274000021 ], [ -74.066255254999987, 4.759656211000049 ], [ -74.066394729999956, 4.759014701000069 ], [ -74.066416187999948, 4.758672561000026 ], [ -74.066233797999985, 4.757977590000053 ], [ -74.065901203999942, 4.756534187000057 ], [ -74.065729541999985, 4.755497074000061 ] ], [ [ -74.065731156999959, 4.755366218000063 ], [ -74.065216172999953, 4.751581273000056 ], [ -74.065065969999978, 4.749528413000064 ], [ -74.064958680999951, 4.748223988000063 ], [ -74.064980138999942, 4.747261706000074 ] ], [ [ -74.064964045999943, 4.747189535000075 ], [ -74.065071333999981, 4.745842338000045 ], [ -74.06515716499996, 4.744986973000039 ], [ -74.065178621999962, 4.744131607000043 ], [ -74.065242994999949, 4.743201396000075 ], [ -74.065267134999942, 4.742546505000064 ] ], [ [ -74.06537442399997, 4.742485025000065 ], [ -74.065524626999945, 4.74141581400005 ], [ -74.06603961199994, 4.738614473000041 ], [ -74.066812087999949, 4.735150203000046 ], [ -74.06736998699995, 4.733204216000047 ], [ -74.068743277999943, 4.729889611000033 ] ], [ [ -74.068882752999968, 4.729579535000028 ], [ -74.069483567999953, 4.728553073000057 ], [ -74.070556450999959, 4.727184455000042 ], [ -74.071200181999984, 4.726329067000052 ] ], [ [ -74.071353067999951, 4.726077796000027 ], [ -74.074013818999958, 4.722870082000043 ], [ -74.075129617999949, 4.72107375500002 ], [ -74.075365651999959, 4.720154205000028 ], [ -74.075537313999973, 4.718657260000043 ], [ -74.075558770999976, 4.71848618100006 ], [ -74.076052297999979, 4.716540148000036 ], [ -74.076395620999961, 4.715684747000068 ], [ -74.077039350999939, 4.714636879000068 ], [ -74.078176606999989, 4.712776376000022 ], [ -74.078906167999946, 4.711749889000032 ], [ -74.079442609999944, 4.711129719000041 ], [ -74.080000508999944, 4.710210156000073 ] ], [ [ -74.080080975999977, 4.710076498000035 ], [ -74.081194091999976, 4.70805559300004 ], [ -74.081880737999938, 4.706606739000051 ], [ -74.081982661999973, 4.706013297000027 ], [ -74.081923652999933, 4.705521434000048 ], [ -74.081456948999971, 4.704077921000021 ], [ -74.081285287999947, 4.703548633000025 ], [ -74.081215549999968, 4.703153002000022 ], [ -74.081242371999963, 4.702618367000071 ], [ -74.081574965999948, 4.701404742000022 ], [ -74.081918288999987, 4.70006814900006 ], [ -74.082368899999949, 4.698309188000053 ], [ -74.082556654999962, 4.69788147600002 ], [ -74.082862425999963, 4.69755 ], [ -74.083441783999945, 4.697170405000065 ], [ -74.085850406999953, 4.696544876000075 ], [ -74.088301945999945, 4.695833804000074 ], [ -74.088870574999987, 4.695625293000035 ], [ -74.089439202999984, 4.695304509000039 ], [ -74.089750338999977, 4.695122730000037 ], [ -74.089954186999989, 4.694999763000055 ], [ -74.090442348999943, 4.694695017000072 ], [ -74.090748120999933, 4.694352846000072 ], [ -74.091289926999934, 4.693294253000033 ], [ -74.09180491099994, 4.692273084000021 ], [ -74.092448640999976, 4.691091520000043 ], [ -74.092588115999945, 4.690840237000032 ] ], [ [ -74.092765141999962, 4.690840237000032 ], [ -74.096992303999968, 4.684830802000022 ], [ -74.098816205999981, 4.682093391000024 ], [ -74.099438477999968, 4.681323492000047 ] ], [ [ -74.099599410999986, 4.681098938000048 ], [ -74.101509143999976, 4.678596760000062 ], [ -74.103161383999975, 4.676372595000032 ], [ -74.103762198999959, 4.675581303000058 ], [ -74.10386948699994, 4.675068033000059 ] ], [ [ -74.104244996999967, 4.674287433000075 ], [ -74.105081845999962, 4.673389207000071 ], [ -74.106873561999976, 4.671560674000034 ] ], [ [ -74.107187379999971, 4.671459088000063 ], [ -74.112251390999973, 4.666283563000036 ], [ -74.118559945999948, 4.658926551000036 ], [ -74.125683892999973, 4.650585660000047 ], [ -74.127057183999966, 4.649302437000074 ], [ -74.131177056999945, 4.646051596000063 ], [ -74.131777871999986, 4.645495529000073 ] ], [ [ -74.131946850999952, 4.645147988000076 ], [ -74.132740784999953, 4.644185563000065 ], [ -74.133813668999949, 4.64268845600003 ], [ -74.134993840999982, 4.641063022000026 ], [ -74.135852147999969, 4.639608683000063 ] ], [ [ -74.135959435999951, 4.639352035000059 ], [ -74.13651733599994, 4.638218503000076 ], [ -74.136882115999981, 4.63710635800004 ], [ -74.137289811999949, 4.635823110000047 ], [ -74.137611676999938, 4.633491872000036 ], [ -74.137869168999941, 4.631096463000063 ], [ -74.138362694999955, 4.62585647700007 ] ], [ [ -74.138427067999942, 4.625663987000053 ], [ -74.138684559999945, 4.623140224000053 ], [ -74.138942052999937, 4.621407806000036 ], [ -74.139521409999986, 4.618841252000038 ] ], [ [ -74.139735985999948, 4.618520432000025 ], [ -74.140487004999954, 4.615440554000031 ], [ -74.141152192999982, 4.612317886000028 ], [ -74.141259480999963, 4.611013205000063 ] ], [ [ -74.141345311999942, 4.610831406000045 ], [ -74.141624261999937, 4.608157872000049 ], [ -74.143791485999941, 4.602254674000051 ], [ -74.144113351999977, 4.601399134000076 ] ], [ [ -74.144185770999968, 4.60133229500002 ], [ -74.145258654999964, 4.598252342000023 ], [ -74.145430315999988, 4.597482352000043 ], [ -74.145559061999961, 4.596199033000062 ], [ -74.145559061999961, 4.59465904700005 ], [ -74.145559061999961, 4.589739626000039 ], [ -74.145301569999958, 4.588584627000046 ], [ -74.143670786999962, 4.584477947000039 ], [ -74.143499125999938, 4.583879054000022 ], [ -74.143263090999938, 4.582146540000053 ], [ -74.143027056999983, 4.581184030000031 ], [ -74.141761053999971, 4.578275104000056 ], [ -74.140301932999989, 4.575301998000043 ], [ -74.139679659999956, 4.573098897000023 ] ], [ [ -74.139778159999935, 4.572976314000073 ], [ -74.138876937999953, 4.569211776000031 ], [ -74.138576529999966, 4.567671732000065 ], [ -74.138662360999945, 4.566559476000066 ], [ -74.139520667999989, 4.560099802000025 ], [ -74.139477752999937, 4.559415329000046 ], [ -74.137031577999949, 4.552399451000042 ] ], [ [ -74.136935017999974, 4.552239026000052 ], [ -74.136666796999975, 4.551265781000041 ], [ -74.136677525999971, 4.550656166000067 ], [ -74.137299798999948, 4.548367429000052 ], [ -74.137342713999942, 4.547640166000065 ], [ -74.13726761199996, 4.546902206000027 ], [ -74.135229132999939, 4.543009190000021 ], [ -74.133812926999951, 4.540314013000057 ] ], [ [ -74.133668087999979, 4.540094762000024 ], [ -74.133131645999981, 4.539367490000075 ], [ -74.132015846999934, 4.53851187500004 ], [ -74.130857132999949, 4.537592088000054 ], [ -74.129719875999967, 4.536779251000041 ], [ -74.128968857999951, 4.536094757000058 ], [ -74.128432415999953, 4.535495824000066 ], [ -74.128024719999985, 4.534789938000074 ], [ -74.127724312999987, 4.533592069000065 ], [ -74.127295158999971, 4.530233747000068 ], [ -74.126908920999938, 4.527025145000039 ], [ -74.12660851399994, 4.525442229000021 ], [ -74.126157902999978, 4.524222954000038 ], [ -74.125170849999961, 4.523025067000049 ], [ -74.122939251999981, 4.520500943000059 ] ], [ [ -74.122856312999943, 4.520461668000053 ], [ -74.122212582999964, 4.518964302000029 ], [ -74.121998005999956, 4.51661129200005 ], [ -74.121869259999983, 4.515071136000074 ], [ -74.122212582999964, 4.513488194000047 ], [ -74.122384243999988, 4.512760895000042 ], [ -74.122083836999934, 4.511776902000065 ], [ -74.121096783999974, 4.510750124000026 ], [ -74.119208508999975, 4.510108388000049 ], [ -74.115946941999937, 4.508867695000049 ], [ -74.114359074999982, 4.507883697000068 ], [ -74.114101582999979, 4.507584218000034 ] ], [ [ -74.113980673999947, 4.507377494000025 ], [ -74.112929247999944, 4.506671581000035 ], [ -74.112328432999959, 4.506479059000071 ], [ -74.110418699999968, 4.506500450000033 ], [ -74.10672797999996, 4.506457667000063 ] ] ] } },
{ "type": "Feature", "properties": { "camera_id": "DEI-030/CAM-02", "segment_id": "1000320", "distance_m": 14.487, "install_date": "2020-03-27T00:00:00", "accidents_pre": 1965, "accidents_post": 3336, "speed_pre_kph": 27.57, "speed_post_kph": 29.35, "n_pre_obs": 41112.0, "n_post_obs": 23935.0 }, "geometry": { "type": "MultiLineString", "coordinates": [ [ [ -74.065731156999959, 4.755366218000063 ], [ -74.065216172999953, 4.751581273000056 ], [ -74.065065969999978, 4.749528413000064 ], [ -74.064958680999951, 4.748223988000063 ], [ -74.064980138999942, 4.747261706000074 ] ] ] } },
{ "type": "Feature", "properties": { "camera_id": "DEI-031/CAM-01", "segment_id": "1000729", "distance_m": 2.51, "install_date": "2020-03-27T00:00:00", "accidents_pre": 829, "accidents_post": 1975, "speed_pre_kph": 30.694, "speed_post_kph": 33.577, "n_pre_obs": 36195.0, "n_post_obs": 23706.0 }, "geometry": { "type": "MultiLineString", "coordinates": [ [ [ -74.177026737999938, 4.625955396000052 ], [ -74.177241314999947, 4.625848457000075 ], [ -74.179311979999966, 4.624030493000021 ], [ -74.181790341999942, 4.62183823700002 ], [ -74.182240952999962, 4.621399785000051 ], [ -74.182476986999973, 4.620950639000057 ], [ -74.182670105999989, 4.620576350000022 ], [ -74.182970513999976, 4.620030958000029 ], [ -74.183421124999938, 4.619496259000073 ], [ -74.183528412999976, 4.619410707000043 ] ] ] } },
{ "type": "Feature", "properties": { "camera_id": "DEI-031/CAM-01", "segment_id": "75", "distance_m": 2.51, "install_date": "2020-03-27T00:00:00", "accidents_pre": 829, "accidents_post": 1975, "speed_pre_kph": 22.35, "speed_post_kph": 24.936, "n_pre_obs": 39318.0, "n_post_obs": 23825.0 }, "geometry": { "type": "MultiLineString", "coordinates": [ [ [ -74.099148799999966, 4.72504865600007 ], [ -74.098923493999962, 4.724342959000069 ], [ -74.098537255999986, 4.723541030000035 ], [ -74.098086644999967, 4.722878101000049 ], [ -74.097571660999961, 4.722193786000048 ], [ -74.096970845999977, 4.721627088000048 ], [ -74.096348572999943, 4.721145929000045 ], [ -74.095393706999971, 4.720386766000047 ], [ -74.09441738299995, 4.719306828000072 ], [ -74.093870211999956, 4.71865458700006 ], [ -74.093430329999933, 4.718152041000053 ], [ -74.093226481999977, 4.717799189000061 ], [ -74.093001176999962, 4.717168332000028 ] ], [ [ -74.092888523999989, 4.717042695000032 ], [ -74.092749048999963, 4.71640114500002 ], [ -74.092738319999967, 4.715984137000021 ], [ -74.092770506999955, 4.715470896000056 ], [ -74.092899252999985, 4.715000425000028 ], [ -74.09337132099995, 4.713909786000045 ], [ -74.093446422999989, 4.713225463000072 ], [ -74.093446422999989, 4.711824737000029 ], [ -74.093500066999979, 4.711461189000033 ], [ -74.09373610199998, 4.710990715000037 ], [ -74.094508577999989, 4.710146 ] ], [ [ -74.09463464199996, 4.710041747000048 ], [ -74.09663020499994, 4.708063613000036 ], [ -74.097450960999936, 4.707277703000045 ], [ -74.097729910999988, 4.706983656000034 ], [ -74.097960580999938, 4.70672703200006 ] ], [ [ -74.098067868999976, 4.706681588000038 ], [ -74.098904718999961, 4.705847560000052 ], [ -74.099591363999934, 4.70505630200006 ], [ -74.101565469999969, 4.702511440000023 ], [ -74.101973165999937, 4.702040960000033 ], [ -74.103625405999935, 4.699838254000042 ] ], [ [ -74.103668321999976, 4.699731327000052 ], [ -74.104762662999974, 4.698063254000033 ], [ -74.10538493599995, 4.697165059000042 ], [ -74.105588782999973, 4.696405869000046 ], [ -74.10583554699997, 4.695999542000038 ] ], [ [ -74.105918694999957, 4.695817764000026 ], [ -74.106117178999966, 4.695491633000074 ], [ -74.106390763999968, 4.695208273000048 ], [ -74.107415367999977, 4.693304946000069 ], [ -74.108305860999963, 4.691620819000036 ], [ -74.108504344999972, 4.691182410000067 ], [ -74.108713556999987, 4.690695883000046 ], [ -74.108922768999946, 4.690118466000058 ], [ -74.109089065999967, 4.689840451000066 ] ], [ [ -74.109300960999974, 4.689762927000061 ], [ -74.109923232999961, 4.689142737000054 ], [ -74.11316334199995, 4.685678221000046 ] ], [ [ -74.113412786999959, 4.685341392000055 ], [ -74.114571500999944, 4.684154470000067 ], [ -74.116556335999974, 4.682037252000043 ], [ -74.118219305999958, 4.680433295000057 ], [ -74.120912243999953, 4.677866957000049 ], [ -74.121405769999967, 4.67725745000007 ], [ -74.122671772999979, 4.675514471000042 ], [ -74.123079467999958, 4.675033280000036 ], [ -74.12351935099997, 4.674691099000029 ], [ -74.12384121599996, 4.674135055000022 ], [ -74.123916317999942, 4.673963965000041 ], [ -74.125321794999934, 4.672295830000053 ] ], [ [ -74.125496138999949, 4.672055234000027 ], [ -74.126687039999979, 4.670611652000048 ], [ -74.126965988999984, 4.670376401000055 ], [ -74.127362955999956, 4.669937980000043 ], [ -74.127566803999969, 4.669606490000035 ], [ -74.12902592599994, 4.667799333000062 ], [ -74.130190004999974, 4.666425248000053 ], [ -74.130356300999949, 4.666232769000032 ], [ -74.130436767999981, 4.666131183000061 ] ], [ [ -74.130816299999935, 4.665827762000049 ], [ -74.133348305999959, 4.662662543000067 ] ], [ [ -74.133562881999978, 4.662405903000035 ], [ -74.136051971999962, 4.659411763000037 ], [ -74.137167770999952, 4.658214104000024 ], [ -74.137296516999982, 4.65795746200007 ], [ -74.137983162999944, 4.657486952000056 ], [ -74.138884384999983, 4.656802574000039 ], [ -74.140558082999974, 4.655562136000071 ] ], [ [ -74.140736449999963, 4.65535227700002 ], [ -74.141079772999944, 4.655042168000023 ], [ -74.141830791999951, 4.654293626000026 ], [ -74.142635453999958, 4.653598551000073 ], [ -74.145682443999988, 4.650604374000068 ], [ -74.147570718999987, 4.648733006000043 ], [ -74.149700392999989, 4.646679843000072 ], [ -74.150623072999963, 4.64582970400005 ] ], [ [ -74.150711585999943, 4.645752175000041 ], [ -74.153476942999987, 4.643332747000045 ], [ -74.154592741999977, 4.642327546000047 ], [ -74.156116236999935, 4.640990840000029 ] ], [ [ -74.17096494599997, 4.628468454000028 ], [ -74.173239458999944, 4.627452538000057 ], [ -74.176093329999958, 4.626329682000062 ], [ -74.176865805999967, 4.626019559000042 ] ], [ [ -74.177026737999938, 4.625955396000052 ], [ -74.177241314999947, 4.625848457000075 ], [ -74.179311979999966, 4.624030493000021 ], [ -74.181790341999942, 4.62183823700002 ], [ -74.182240952999962, 4.621399785000051 ], [ -74.182476986999973, 4.620950639000057 ], [ -74.182670105999989, 4.620576350000022 ], [ -74.182970513999976, 4.620030958000029 ], [ -74.183421124999938, 4.619496259000073 ], [ -74.183528412999976, 4.619410707000043 ] ], [ [ -74.183634959999949, 4.619379030000061 ], [ -74.183795891999978, 4.619245356000022 ], [ -74.184037290999981, 4.619133069000043 ], [ -74.184520088999989, 4.619020782000064 ], [ -74.18505652999994, 4.618908495000028 ], [ -74.185592971999938, 4.618828290000067 ], [ -74.186000667999963, 4.618801555000061 ], [ -74.186306439999953, 4.618881760000022 ], [ -74.186542473999964, 4.61896196500004 ], [ -74.18673559299998, 4.618924536000065 ], [ -74.186853609999957, 4.618865719000041 ], [ -74.186971627999981, 4.618764126000031 ], [ -74.187154017999944, 4.618673227000045 ], [ -74.187840662999974, 4.618373795000025 ], [ -74.188033781999934, 4.618288243000052 ], [ -74.188527308999937, 4.617951382000058 ], [ -74.188774071999944, 4.617737502000068 ], [ -74.188977919999957, 4.617496886000026 ], [ -74.189407072999984, 4.61702635000006 ], [ -74.189750395999965, 4.616791081000031 ], [ -74.190072260999955, 4.616577201000041 ], [ -74.190329752999958, 4.616491648000022 ], [ -74.191123686999958, 4.616341932000068 ], [ -74.191788874999986, 4.616149439000026 ], [ -74.192368231999978, 4.615935559000036 ], [ -74.192904673999976, 4.615529185000071 ], [ -74.19382735399995, 4.614545332000034 ], [ -74.194556914999964, 4.61375397200004 ], [ -74.195007525999983, 4.613368985000022 ] ], [ [ -74.195079944999975, 4.613318188000051 ], [ -74.195310614999983, 4.613237983000033 ], [ -74.195632479999972, 4.613211247000038 ], [ -74.196281574999944, 4.613270065000052 ], [ -74.196603439999933, 4.613270065000052 ], [ -74.197397373999934, 4.613195206000057 ], [ -74.197542212999963, 4.61320055300007 ], [ -74.198427341999945, 4.613387700000033 ], [ -74.199891827999977, 4.613676440000063 ], [ -74.200165413999969, 4.613681787000075 ], [ -74.200310252999941, 4.61365505200007 ], [ -74.200605295999935, 4.613564152000038 ], [ -74.200835965999943, 4.613446517000057 ], [ -74.201088093999942, 4.613227289000065 ], [ -74.201624534999951, 4.61251078500004 ], [ -74.20293881799995, 4.610345229000075 ], [ -74.203330419999986, 4.609789134000039 ] ] ] } },
{ "type": "Feature", "properties": { "camera_id": "DEI-031/CAM-01", "segment_id": "1000730", "distance_m": 27.192, "install_date": "2020-03-27T00:00:00", "accidents_pre": 829, "accidents_post": 1975, "speed_pre_kph": 27.196, "speed_post_kph": 29.204, "n_pre_obs": 40525.0, "n_post_obs": 24309.0 }, "geometry": { "type": "MultiLineString", "coordinates": [ [ [ -74.183410395999942, 4.61923960300004 ], [ -74.183077801999957, 4.619528341000034 ], [ -74.182734478999976, 4.619988182000043 ], [ -74.182552088999955, 4.620309001000066 ], [ -74.182326782999951, 4.620833006000055 ], [ -74.182144392999987, 4.621121742000071 ], [ -74.181908358999976, 4.621442561000038 ], [ -74.180266846999984, 4.62287555000006 ], [ -74.178571690999945, 4.624383393000073 ], [ -74.17755245099994, 4.625324456000044 ], [ -74.177091110999982, 4.625720130000047 ], [ -74.176951635999956, 4.625784293000038 ] ] ] } },
{ "type": "Feature", "properties": { "camera_id": "DEI-031/CAM-01", "segment_id": "76", "distance_m": 27.192, "install_date": "2020-03-27T00:00:00", "accidents_pre": 829, "accidents_post": 1975, "speed_pre_kph": 21.956, "speed_post_kph": 24.406, "n_pre_obs": 37614.0, "n_post_obs": 23582.0 }, "geometry": { "type": "MultiLineString", "coordinates": [ [ [ -74.203072927999983, 4.609743684000023 ], [ -74.202260218999982, 4.610949446000063 ], [ -74.201890073999948, 4.611497519000068 ], [ -74.201544068999965, 4.612005489000069 ], [ -74.200916431999985, 4.612874384000065 ], [ -74.200779639999951, 4.613045489000058 ], [ -74.200624070999936, 4.613171145000024 ], [ -74.20045509199997, 4.613291453000045 ], [ -74.200248561999956, 4.613374332000035 ], [ -74.200111769999978, 4.613411761000066 ], [ -74.199948154999959, 4.613427802000047 ], [ -74.199805997999988, 4.613425129000063 ], [ -74.199390254999969, 4.613352944000042 ], [ -74.197609267999951, 4.612975978000065 ], [ -74.197370551999938, 4.612989345000074 ], [ -74.197094283999945, 4.61303212200005 ], [ -74.196769736999954, 4.613066877000051 ], [ -74.196225248999951, 4.613053510000043 ], [ -74.195707581999955, 4.613016080000023 ], [ -74.195578835999981, 4.613016080000023 ], [ -74.19544740799995, 4.613008060000027 ], [ -74.195214055999941, 4.613037469000062 ], [ -74.194948516999943, 4.613128368000048 ] ], [ [ -74.194935105999946, 4.613082918000032 ], [ -74.194613240999956, 4.613318188000051 ], [ -74.194291375999967, 4.613585540000031 ], [ -74.193647645999988, 4.614291349000041 ], [ -74.192810796999936, 4.615168261000065 ], [ -74.192467473999955, 4.615478388000042 ], [ -74.192183159999956, 4.61566018700006 ], [ -74.191839836999975, 4.615841986000021 ], [ -74.191324852999969, 4.615997049000043 ], [ -74.190321706999953, 4.616237665000028 ], [ -74.189919374999988, 4.616376688000059 ], [ -74.189635060999933, 4.616574527000068 ], [ -74.189366839999934, 4.616788408000048 ], [ -74.188953779999963, 4.617216168000027 ], [ -74.188674829999968, 4.617526295000062 ], [ -74.188245676999941, 4.617911279000054 ], [ -74.187548301999982, 4.618301611000049 ], [ -74.187226436999936, 4.618429939000066 ], [ -74.187001131999978, 4.618494103000046 ], [ -74.186861656999952, 4.618408551000073 ], [ -74.186630986999944, 4.618290917000024 ], [ -74.186346672999946, 4.61840320400006 ], [ -74.186223290999976, 4.618633124000041 ], [ -74.185842417999936, 4.618654512000035 ], [ -74.184823177999988, 4.618772146000026 ], [ -74.184184811999955, 4.618911168000068 ], [ -74.183825395999975, 4.618991373000028 ], [ -74.183519624999974, 4.619157130000076 ] ], [ [ -74.183410395999942, 4.61923960300004 ], [ -74.183077801999957, 4.619528341000034 ], [ -74.182734478999976, 4.619988182000043 ], [ -74.182552088999955, 4.620309001000066 ], [ -74.182326782999951, 4.620833006000055 ], [ -74.182144392999987, 4.621121742000071 ], [ -74.181908358999976, 4.621442561000038 ], [ -74.180266846999984, 4.62287555000006 ], [ -74.178571690999945, 4.624383393000073 ], [ -74.17755245099994, 4.625324456000044 ], [ -74.177091110999982, 4.625720130000047 ], [ -74.176951635999956, 4.625784293000038 ] ], [ [ -74.176930178999953, 4.625784293000038 ], [ -74.173722256999952, 4.627003396000021 ], [ -74.17152284499997, 4.627890986000068 ], [ -74.170943487999978, 4.628126251000026 ], [ -74.170718182999963, 4.628254577000064 ] ], [ [ -74.155917752999983, 4.640758253000058 ], [ -74.155789006999953, 4.641036288000066 ], [ -74.155070174999935, 4.641635133000023 ], [ -74.152806390999956, 4.643613455000036 ], [ -74.151594031999934, 4.644714897000028 ], [ -74.150606979999964, 4.645575731000065 ] ], [ [ -74.150513101999934, 4.645655933000057 ], [ -74.148321736999947, 4.647727813000074 ], [ -74.145655621999936, 4.650358423000057 ], [ -74.143037785999979, 4.652903475000073 ], [ -74.142040003999966, 4.653855194000073 ], [ -74.140516508999951, 4.655074248000062 ] ], [ [ -74.140472252999984, 4.655155785000034 ], [ -74.137639839999963, 4.657337245000065 ], [ -74.137167770999952, 4.657679434000045 ], [ -74.136910278999949, 4.657978849000074 ], [ -74.136652786999946, 4.658406585000023 ], [ -74.136395294999943, 4.658620453000026 ], [ -74.134206612999947, 4.660972995000066 ], [ -74.133305389999975, 4.662085103000038 ] ], [ [ -74.133047897999973, 4.662491450000061 ], [ -74.130515892999938, 4.665571123000063 ] ], [ [ -74.130281199999956, 4.665981477000059 ], [ -74.128934730999958, 4.667606854000041 ], [ -74.128081787999974, 4.668644099000062 ], [ -74.126896251999938, 4.669986099000027 ], [ -74.125764359999948, 4.671344136000073 ], [ -74.125308383999936, 4.671905529000071 ] ], [ [ -74.125158179999971, 4.672065927000062 ], [ -74.124165762999951, 4.673242176000031 ], [ -74.122765649999963, 4.675027933000024 ], [ -74.121859062999988, 4.676150712000037 ], [ -74.121483553999951, 4.676717448000034 ], [ -74.121204603999956, 4.677145172000053 ], [ -74.120904196999959, 4.677433886000074 ], [ -74.119756210999981, 4.678588740000066 ], [ -74.117610443999979, 4.680695275000062 ], [ -74.117363680999972, 4.680919829000061 ], [ -74.116913069999953, 4.681304779000072 ], [ -74.115604151999946, 4.682694874000049 ], [ -74.114681471999972, 4.683667938000042 ], [ -74.114069927999935, 4.684277439000027 ], [ -74.113659549999966, 4.684678427000051 ], [ -74.113477159999945, 4.684860208000032 ], [ -74.113273311999933, 4.685063374000038 ], [ -74.113069463999977, 4.685277234000068 ] ], [ [ -74.112983633999988, 4.685405550000041 ], [ -74.110859323999989, 4.687629687000026 ], [ -74.109754253999938, 4.688923532000047 ], [ -74.109325100999968, 4.689361942000062 ], [ -74.109099794999963, 4.689597187000061 ] ], [ [ -74.108965684999987, 4.689722828000072 ], [ -74.108815480999965, 4.689883222000049 ], [ -74.108391691999941, 4.690936473000022 ], [ -74.108069826999952, 4.691674283000054 ], [ -74.106755543999952, 4.694117603000052 ], [ -74.106203008999955, 4.695117384000071 ], [ -74.105950881999945, 4.695352626000044 ], [ -74.105728257999942, 4.695713509000029 ] ], [ [ -74.105679978999945, 4.695852516000059 ], [ -74.105422485999952, 4.696312307000028 ], [ -74.105207909999933, 4.697039418000031 ], [ -74.103491295999959, 4.699584301000073 ] ], [ [ -74.103410829999973, 4.699688556000069 ], [ -74.101844419999964, 4.701741563000041 ], [ -74.101071942999965, 4.702832221000051 ], [ -74.099376786999983, 4.704821063000054 ], [ -74.098969091999948, 4.705355697000073 ], [ -74.097831834999965, 4.706596047000062 ] ], [ [ -74.097853292999957, 4.706604066000068 ], [ -74.096984256999974, 4.707480864000047 ], [ -74.096061576999944, 4.708379045000072 ], [ -74.094905544999961, 4.70947503900004 ], [ -74.094650734999959, 4.709737008000047 ], [ -74.094564903999981, 4.709825222000063 ], [ -74.094476390999944, 4.709916109000062 ] ], [ [ -74.094334233999973, 4.710031055000059 ], [ -74.093690503999937, 4.710747459000061 ], [ -74.093411554999989, 4.711185855000053 ], [ -74.093293536999965, 4.711528018000024 ], [ -74.093218434999983, 4.712789741000051 ], [ -74.093132604999937, 4.71371999400003 ], [ -74.093143333999933, 4.713858997000045 ], [ -74.092724908999969, 4.714799940000034 ], [ -74.092488874999958, 4.715655342000048 ], [ -74.092488874999958, 4.716083043000026 ], [ -74.092488874999958, 4.71640381800006 ], [ -74.092639077999934, 4.717023983000047 ], [ -74.092703450999977, 4.717173678000051 ] ], [ [ -74.092732955999963, 4.717350104000047 ], [ -74.093033362999961, 4.718077193000056 ], [ -74.093623448999949, 4.718932591000055 ], [ -74.095264960999941, 4.72072892400007 ], [ -74.095951605999971, 4.721284930000024 ], [ -74.096960116999981, 4.722065477000058 ], [ -74.097625304999951, 4.722749792000059 ], [ -74.098161746999949, 4.723551722000025 ], [ -74.098612357999968, 4.724407113000041 ], [ -74.098912764999966, 4.725187657000049 ] ] ] } },
{ "type": "Feature", "properties": { "camera_id": "DEI-031/CAM-02", "segment_id": "1000730", "distance_m": 1.49, "install_date": "2020-03-27T00:00:00", "accidents_pre": 829, "accidents_post": 1975, "speed_pre_kph": 27.196, "speed_post_kph": 29.204, "n_pre_obs": 40525.0, "n_post_obs": 24309.0 }, "geometry": { "type": "MultiLineString", "coordinates": [ [ [ -74.183410395999942, 4.61923960300004 ], [ -74.183077801999957, 4.619528341000034 ], [ -74.182734478999976, 4.619988182000043 ], [ -74.182552088999955, 4.620309001000066 ], [ -74.182326782999951, 4.620833006000055 ], [ -74.182144392999987, 4.621121742000071 ], [ -74.181908358999976, 4.621442561000038 ], [ -74.180266846999984, 4.62287555000006 ], [ -74.178571690999945, 4.624383393000073 ], [ -74.17755245099994, 4.625324456000044 ], [ -74.177091110999982, 4.625720130000047 ], [ -74.176951635999956, 4.625784293000038 ] ] ] } },
{ "type": "Feature", "properties": { "camera_id": "DEI-031/CAM-02", "segment_id": "76", "distance_m": 1.49, "install_date": "2020-03-27T00:00:00", "accidents_pre": 829, "accidents_post": 1975, "speed_pre_kph": 21.956, "speed_post_kph": 24.406, "n_pre_obs": 37614.0, "n_post_obs": 23582.0 }, "geometry": { "type": "MultiLineString", "coordinates": [ [ [ -74.203072927999983, 4.609743684000023 ], [ -74.202260218999982, 4.610949446000063 ], [ -74.201890073999948, 4.611497519000068 ], [ -74.201544068999965, 4.612005489000069 ], [ -74.200916431999985, 4.612874384000065 ], [ -74.200779639999951, 4.613045489000058 ], [ -74.200624070999936, 4.613171145000024 ], [ -74.20045509199997, 4.613291453000045 ], [ -74.200248561999956, 4.613374332000035 ], [ -74.200111769999978, 4.613411761000066 ], [ -74.199948154999959, 4.613427802000047 ], [ -74.199805997999988, 4.613425129000063 ], [ -74.199390254999969, 4.613352944000042 ], [ -74.197609267999951, 4.612975978000065 ], [ -74.197370551999938, 4.612989345000074 ], [ -74.197094283999945, 4.61303212200005 ], [ -74.196769736999954, 4.613066877000051 ], [ -74.196225248999951, 4.613053510000043 ], [ -74.195707581999955, 4.613016080000023 ], [ -74.195578835999981, 4.613016080000023 ], [ -74.19544740799995, 4.613008060000027 ], [ -74.195214055999941, 4.613037469000062 ], [ -74.194948516999943, 4.613128368000048 ] ], [ [ -74.194935105999946, 4.613082918000032 ], [ -74.194613240999956, 4.613318188000051 ], [ -74.194291375999967, 4.613585540000031 ], [ -74.193647645999988, 4.614291349000041 ], [ -74.192810796999936, 4.615168261000065 ], [ -74.192467473999955, 4.615478388000042 ], [ -74.192183159999956, 4.61566018700006 ], [ -74.191839836999975, 4.615841986000021 ], [ -74.191324852999969, 4.615997049000043 ], [ -74.190321706999953, 4.616237665000028 ], [ -74.189919374999988, 4.616376688000059 ], [ -74.189635060999933, 4.616574527000068 ], [ -74.189366839999934, 4.616788408000048 ], [ -74.188953779999963, 4.617216168000027 ], [ -74.188674829999968, 4.617526295000062 ], [ -74.188245676999941, 4.617911279000054 ], [ -74.187548301999982, 4.618301611000049 ], [ -74.187226436999936, 4.618429939000066 ], [ -74.187001131999978, 4.618494103000046 ], [ -74.186861656999952, 4.618408551000073 ], [ -74.186630986999944, 4.618290917000024 ], [ -74.186346672999946, 4.61840320400006 ], [ -74.186223290999976, 4.618633124000041 ], [ -74.185842417999936, 4.618654512000035 ], [ -74.184823177999988, 4.618772146000026 ], [ -74.184184811999955, 4.618911168000068 ], [ -74.183825395999975, 4.618991373000028 ], [ -74.183519624999974, 4.619157130000076 ] ], [ [ -74.183410395999942, 4.61923960300004 ], [ -74.183077801999957, 4.619528341000034 ], [ -74.182734478999976, 4.619988182000043 ], [ -74.182552088999955, 4.620309001000066 ], [ -74.182326782999951, 4.620833006000055 ], [ -74.182144392999987, 4.621121742000071 ], [ -74.181908358999976, 4.621442561000038 ], [ -74.180266846999984, 4.62287555000006 ], [ -74.178571690999945, 4.624383393000073 ], [ -74.17755245099994, 4.625324456000044 ], [ -74.177091110999982, 4.625720130000047 ], [ -74.176951635999956, 4.625784293000038 ] ], [ [ -74.176930178999953, 4.625784293000038 ], [ -74.173722256999952, 4.627003396000021 ], [ -74.17152284499997, 4.627890986000068 ], [ -74.170943487999978, 4.628126251000026 ], [ -74.170718182999963, 4.628254577000064 ] ], [ [ -74.155917752999983, 4.640758253000058 ], [ -74.155789006999953, 4.641036288000066 ], [ -74.155070174999935, 4.641635133000023 ], [ -74.152806390999956, 4.643613455000036 ], [ -74.151594031999934, 4.644714897000028 ], [ -74.150606979999964, 4.645575731000065 ] ], [ [ -74.150513101999934, 4.645655933000057 ], [ -74.148321736999947, 4.647727813000074 ], [ -74.145655621999936, 4.650358423000057 ], [ -74.143037785999979, 4.652903475000073 ], [ -74.142040003999966, 4.653855194000073 ], [ -74.140516508999951, 4.655074248000062 ] ], [ [ -74.140472252999984, 4.655155785000034 ], [ -74.137639839999963, 4.657337245000065 ], [ -74.137167770999952, 4.657679434000045 ], [ -74.136910278999949, 4.657978849000074 ], [ -74.136652786999946, 4.658406585000023 ], [ -74.136395294999943, 4.658620453000026 ], [ -74.134206612999947, 4.660972995000066 ], [ -74.133305389999975, 4.662085103000038 ] ], [ [ -74.133047897999973, 4.662491450000061 ], [ -74.130515892999938, 4.665571123000063 ] ], [ [ -74.130281199999956, 4.665981477000059 ], [ -74.128934730999958, 4.667606854000041 ], [ -74.128081787999974, 4.668644099000062 ], [ -74.126896251999938, 4.669986099000027 ], [ -74.125764359999948, 4.671344136000073 ], [ -74.125308383999936, 4.671905529000071 ] ], [ [ -74.125158179999971, 4.672065927000062 ], [ -74.124165762999951, 4.673242176000031 ], [ -74.122765649999963, 4.675027933000024 ], [ -74.121859062999988, 4.676150712000037 ], [ -74.121483553999951, 4.676717448000034 ], [ -74.121204603999956, 4.677145172000053 ], [ -74.120904196999959, 4.677433886000074 ], [ -74.119756210999981, 4.678588740000066 ], [ -74.117610443999979, 4.680695275000062 ], [ -74.117363680999972, 4.680919829000061 ], [ -74.116913069999953, 4.681304779000072 ], [ -74.115604151999946, 4.682694874000049 ], [ -74.114681471999972, 4.683667938000042 ], [ -74.114069927999935, 4.684277439000027 ], [ -74.113659549999966, 4.684678427000051 ], [ -74.113477159999945, 4.684860208000032 ], [ -74.113273311999933, 4.685063374000038 ], [ -74.113069463999977, 4.685277234000068 ] ], [ [ -74.112983633999988, 4.685405550000041 ], [ -74.110859323999989, 4.687629687000026 ], [ -74.109754253999938, 4.688923532000047 ], [ -74.109325100999968, 4.689361942000062 ], [ -74.109099794999963, 4.689597187000061 ] ], [ [ -74.108965684999987, 4.689722828000072 ], [ -74.108815480999965, 4.689883222000049 ], [ -74.108391691999941, 4.690936473000022 ], [ -74.108069826999952, 4.691674283000054 ], [ -74.106755543999952, 4.694117603000052 ], [ -74.106203008999955, 4.695117384000071 ], [ -74.105950881999945, 4.695352626000044 ], [ -74.105728257999942, 4.695713509000029 ] ], [ [ -74.105679978999945, 4.695852516000059 ], [ -74.105422485999952, 4.696312307000028 ], [ -74.105207909999933, 4.697039418000031 ], [ -74.103491295999959, 4.699584301000073 ] ], [ [ -74.103410829999973, 4.699688556000069 ], [ -74.101844419999964, 4.701741563000041 ], [ -74.101071942999965, 4.702832221000051 ], [ -74.099376786999983, 4.704821063000054 ], [ -74.098969091999948, 4.705355697000073 ], [ -74.097831834999965, 4.706596047000062 ] ], [ [ -74.097853292999957, 4.706604066000068 ], [ -74.096984256999974, 4.707480864000047 ], [ -74.096061576999944, 4.708379045000072 ], [ -74.094905544999961, 4.70947503900004 ], [ -74.094650734999959, 4.709737008000047 ], [ -74.094564903999981, 4.709825222000063 ], [ -74.094476390999944, 4.709916109000062 ] ], [ [ -74.094334233999973, 4.710031055000059 ], [ -74.093690503999937, 4.710747459000061 ], [ -74.093411554999989, 4.711185855000053 ], [ -74.093293536999965, 4.711528018000024 ], [ -74.093218434999983, 4.712789741000051 ], [ -74.093132604999937, 4.71371999400003 ], [ -74.093143333999933, 4.713858997000045 ], [ -74.092724908999969, 4.714799940000034 ], [ -74.092488874999958, 4.715655342000048 ], [ -74.092488874999958, 4.716083043000026 ], [ -74.092488874999958, 4.71640381800006 ], [ -74.092639077999934, 4.717023983000047 ], [ -74.092703450999977, 4.717173678000051 ] ], [ [ -74.092732955999963, 4.717350104000047 ], [ -74.093033362999961, 4.718077193000056 ], [ -74.093623448999949, 4.718932591000055 ], [ -74.095264960999941, 4.72072892400007 ], [ -74.095951605999971, 4.721284930000024 ], [ -74.096960116999981, 4.722065477000058 ], [ -74.097625304999951, 4.722749792000059 ], [ -74.098161746999949, 4.723551722000025 ], [ -74.098612357999968, 4.724407113000041 ], [ -74.098912764999966, 4.725187657000049 ] ] ] } },
{ "type": "Feature", "properties": { "camera_id": "DEI-031/CAM-02", "segment_id": "1000729", "distance_m": 23.761, "install_date": "2020-03-27T00:00:00", "accidents_pre": 829, "accidents_post": 1975, "speed_pre_kph": 30.694, "speed_post_kph": 33.577, "n_pre_obs": 36195.0, "n_post_obs": 23706.0 }, "geometry": { "type": "MultiLineString", "coordinates": [ [ [ -74.177026737999938, 4.625955396000052 ], [ -74.177241314999947, 4.625848457000075 ], [ -74.179311979999966, 4.624030493000021 ], [ -74.181790341999942, 4.62183823700002 ], [ -74.182240952999962, 4.621399785000051 ], [ -74.182476986999973, 4.620950639000057 ], [ -74.182670105999989, 4.620576350000022 ], [ -74.182970513999976, 4.620030958000029 ], [ -74.183421124999938, 4.619496259000073 ], [ -74.183528412999976, 4.619410707000043 ] ] ] } },
{ "type": "Feature", "properties": { "camera_id": "DEI-031/CAM-02", "segment_id": "75", "distance_m": 23.761, "install_date": "2020-03-27T00:00:00", "accidents_pre": 829, "accidents_post": 1975, "speed_pre_kph": 22.35, "speed_post_kph": 24.936, "n_pre_obs": 39318.0, "n_post_obs": 23825.0 }, "geometry": { "type": "MultiLineString", "coordinates": [ [ [ -74.099148799999966, 4.72504865600007 ], [ -74.098923493999962, 4.724342959000069 ], [ -74.098537255999986, 4.723541030000035 ], [ -74.098086644999967, 4.722878101000049 ], [ -74.097571660999961, 4.722193786000048 ], [ -74.096970845999977, 4.721627088000048 ], [ -74.096348572999943, 4.721145929000045 ], [ -74.095393706999971, 4.720386766000047 ], [ -74.09441738299995, 4.719306828000072 ], [ -74.093870211999956, 4.71865458700006 ], [ -74.093430329999933, 4.718152041000053 ], [ -74.093226481999977, 4.717799189000061 ], [ -74.093001176999962, 4.717168332000028 ] ], [ [ -74.092888523999989, 4.717042695000032 ], [ -74.092749048999963, 4.71640114500002 ], [ -74.092738319999967, 4.715984137000021 ], [ -74.092770506999955, 4.715470896000056 ], [ -74.092899252999985, 4.715000425000028 ], [ -74.09337132099995, 4.713909786000045 ], [ -74.093446422999989, 4.713225463000072 ], [ -74.093446422999989, 4.711824737000029 ], [ -74.093500066999979, 4.711461189000033 ], [ -74.09373610199998, 4.710990715000037 ], [ -74.094508577999989, 4.710146 ] ], [ [ -74.09463464199996, 4.710041747000048 ], [ -74.09663020499994, 4.708063613000036 ], [ -74.097450960999936, 4.707277703000045 ], [ -74.097729910999988, 4.706983656000034 ], [ -74.097960580999938, 4.70672703200006 ] ], [ [ -74.098067868999976, 4.706681588000038 ], [ -74.098904718999961, 4.705847560000052 ], [ -74.099591363999934, 4.70505630200006 ], [ -74.101565469999969, 4.702511440000023 ], [ -74.101973165999937, 4.702040960000033 ], [ -74.103625405999935, 4.699838254000042 ] ], [ [ -74.103668321999976, 4.699731327000052 ], [ -74.104762662999974, 4.698063254000033 ], [ -74.10538493599995, 4.697165059000042 ], [ -74.105588782999973, 4.696405869000046 ], [ -74.10583554699997, 4.695999542000038 ] ], [ [ -74.105918694999957, 4.695817764000026 ], [ -74.106117178999966, 4.695491633000074 ], [ -74.106390763999968, 4.695208273000048 ], [ -74.107415367999977, 4.693304946000069 ], [ -74.108305860999963, 4.691620819000036 ], [ -74.108504344999972, 4.691182410000067 ], [ -74.108713556999987, 4.690695883000046 ], [ -74.108922768999946, 4.690118466000058 ], [ -74.109089065999967, 4.689840451000066 ] ], [ [ -74.109300960999974, 4.689762927000061 ], [ -74.109923232999961, 4.689142737000054 ], [ -74.11316334199995, 4.685678221000046 ] ], [ [ -74.113412786999959, 4.685341392000055 ], [ -74.114571500999944, 4.684154470000067 ], [ -74.116556335999974, 4.682037252000043 ], [ -74.118219305999958, 4.680433295000057 ], [ -74.120912243999953, 4.677866957000049 ], [ -74.121405769999967, 4.67725745000007 ], [ -74.122671772999979, 4.675514471000042 ], [ -74.123079467999958, 4.675033280000036 ], [ -74.12351935099997, 4.674691099000029 ], [ -74.12384121599996, 4.674135055000022 ], [ -74.123916317999942, 4.673963965000041 ], [ -74.125321794999934, 4.672295830000053 ] ], [ [ -74.125496138999949, 4.672055234000027 ], [ -74.126687039999979, 4.670611652000048 ], [ -74.126965988999984, 4.670376401000055 ], [ -74.127362955999956, 4.669937980000043 ], [ -74.127566803999969, 4.669606490000035 ], [ -74.12902592599994, 4.667799333000062 ], [ -74.130190004999974, 4.666425248000053 ], [ -74.130356300999949, 4.666232769000032 ], [ -74.130436767999981, 4.666131183000061 ] ], [ [ -74.130816299999935, 4.665827762000049 ], [ -74.133348305999959, 4.662662543000067 ] ], [ [ -74.133562881999978, 4.662405903000035 ], [ -74.136051971999962, 4.659411763000037 ], [ -74.137167770999952, 4.658214104000024 ], [ -74.137296516999982, 4.65795746200007 ], [ -74.137983162999944, 4.657486952000056 ], [ -74.138884384999983, 4.656802574000039 ], [ -74.140558082999974, 4.655562136000071 ] ], [ [ -74.140736449999963, 4.65535227700002 ], [ -74.141079772999944, 4.655042168000023 ], [ -74.141830791999951, 4.654293626000026 ], [ -74.142635453999958, 4.653598551000073 ], [ -74.145682443999988, 4.650604374000068 ], [ -74.147570718999987, 4.648733006000043 ], [ -74.149700392999989, 4.646679843000072 ], [ -74.150623072999963, 4.64582970400005 ] ], [ [ -74.150711585999943, 4.645752175000041 ], [ -74.153476942999987, 4.643332747000045 ], [ -74.154592741999977, 4.642327546000047 ], [ -74.156116236999935, 4.640990840000029 ] ], [ [ -74.17096494599997, 4.628468454000028 ], [ -74.173239458999944, 4.627452538000057 ], [ -74.176093329999958, 4.626329682000062 ], [ -74.176865805999967, 4.626019559000042 ] ], [ [ -74.177026737999938, 4.625955396000052 ], [ -74.177241314999947, 4.625848457000075 ], [ -74.179311979999966, 4.624030493000021 ], [ -74.181790341999942, 4.62183823700002 ], [ -74.182240952999962, 4.621399785000051 ], [ -74.182476986999973, 4.620950639000057 ], [ -74.182670105999989, 4.620576350000022 ], [ -74.182970513999976, 4.620030958000029 ], [ -74.183421124999938, 4.619496259000073 ], [ -74.183528412999976, 4.619410707000043 ] ], [ [ -74.183634959999949, 4.619379030000061 ], [ -74.183795891999978, 4.619245356000022 ], [ -74.184037290999981, 4.619133069000043 ], [ -74.184520088999989, 4.619020782000064 ], [ -74.18505652999994, 4.618908495000028 ], [ -74.185592971999938, 4.618828290000067 ], [ -74.186000667999963, 4.618801555000061 ], [ -74.186306439999953, 4.618881760000022 ], [ -74.186542473999964, 4.61896196500004 ], [ -74.18673559299998, 4.618924536000065 ], [ -74.186853609999957, 4.618865719000041 ], [ -74.186971627999981, 4.618764126000031 ], [ -74.187154017999944, 4.618673227000045 ], [ -74.187840662999974, 4.618373795000025 ], [ -74.188033781999934, 4.618288243000052 ], [ -74.188527308999937, 4.617951382000058 ], [ -74.188774071999944, 4.617737502000068 ], [ -74.188977919999957, 4.617496886000026 ], [ -74.189407072999984, 4.61702635000006 ], [ -74.189750395999965, 4.616791081000031 ], [ -74.190072260999955, 4.616577201000041 ], [ -74.190329752999958, 4.616491648000022 ], [ -74.191123686999958, 4.616341932000068 ], [ -74.191788874999986, 4.616149439000026 ], [ -74.192368231999978, 4.615935559000036 ], [ -74.192904673999976, 4.615529185000071 ], [ -74.19382735399995, 4.614545332000034 ], [ -74.194556914999964, 4.61375397200004 ], [ -74.195007525999983, 4.613368985000022 ] ], [ [ -74.195079944999975, 4.613318188000051 ], [ -74.195310614999983, 4.613237983000033 ], [ -74.195632479999972, 4.613211247000038 ], [ -74.196281574999944, 4.613270065000052 ], [ -74.196603439999933, 4.613270065000052 ], [ -74.197397373999934, 4.613195206000057 ], [ -74.197542212999963, 4.61320055300007 ], [ -74.198427341999945, 4.613387700000033 ], [ -74.199891827999977, 4.613676440000063 ], [ -74.200165413999969, 4.613681787000075 ], [ -74.200310252999941, 4.61365505200007 ], [ -74.200605295999935, 4.613564152000038 ], [ -74.200835965999943, 4.613446517000057 ], [ -74.201088093999942, 4.613227289000065 ], [ -74.201624534999951, 4.61251078500004 ], [ -74.20293881799995, 4.610345229000075 ], [ -74.203330419999986, 4.609789134000039 ] ] ] } },
{ "type": "Feature", "properties": { "camera_id": "DEI-033/CAM-01", "segment_id": "105", "distance_m": 8.301, "install_date": "2020-03-27T00:00:00", "accidents_pre": 446, "accidents_post": 990, "speed_pre_kph": 28.72, "speed_post_kph": 32.361, "n_pre_obs": 40107.0, "n_post_obs": 23754.0 }, "geometry": { "type": "MultiLineString", "coordinates": [ [ [ -74.124943603999952, 4.725978892000057 ], [ -74.122304309999947, 4.722813946000031 ], [ -74.12088810399996, 4.721017620000055 ], [ -74.119686473999934, 4.719392367000069 ] ], [ [ -74.119552363999958, 4.719280097000023 ], [ -74.11790012299997, 4.716927751000071 ], [ -74.115378845999942, 4.713335062000056 ], [ -74.114745844999959, 4.712426194000045 ], [ -74.113844622999977, 4.711389014000076 ] ], [ [ -74.113748062999946, 4.711185855000053 ], [ -74.11179541499996, 4.709239801000024 ], [ -74.110336292999989, 4.707828375000076 ], [ -74.109671105999951, 4.707186816000046 ] ], [ [ -74.109477986999934, 4.707079889000056 ], [ -74.108211983999979, 4.706096165000076 ], [ -74.10720347299997, 4.705625687000065 ], [ -74.104864586999952, 4.704556419000028 ], [ -74.103684414999975, 4.704064555000059 ] ], [ [ -74.103577126999937, 4.704064555000059 ], [ -74.10160302099996, 4.703102212000033 ], [ -74.100723255999981, 4.702653118000057 ], [ -74.098877895999976, 4.701113365000026 ], [ -74.097547520999967, 4.700001319000023 ] ], [ [ -74.097354401999951, 4.699915777000058 ], [ -74.095723618999955, 4.698739572000022 ], [ -74.094843853999976, 4.698204933000056 ], [ -74.093556393999961, 4.697477823000042 ] ], [ [ -74.082612980999954, 4.688132255000028 ], [ -74.079608906999965, 4.684218628000053 ], [ -74.077548969999953, 4.68169507500005 ], [ -74.076132763999965, 4.67985587000004 ], [ -74.075596321999967, 4.679214286000047 ], [ -74.074480522999977, 4.678401611000027 ] ], [ [ -74.074287403999961, 4.678230522000035 ], [ -74.071819771999969, 4.676626556000031 ], [ -74.071154583999942, 4.67607051400006 ], [ -74.070231903999968, 4.675407540000037 ], [ -74.069051731999934, 4.674830110000073 ], [ -74.068257797999934, 4.674338225000042 ], [ -74.066755760999968, 4.672648705000029 ], [ -74.064888943999961, 4.670552839000038 ], [ -74.063580025999954, 4.668948856000043 ] ], [ [ -74.063405346999957, 4.668773754000028 ], [ -74.06313913799994, 4.668446608000067 ], [ -74.062908802999971, 4.668162235000068 ], [ -74.062611077999975, 4.667822390000026 ], [ -74.062281165999934, 4.667445118000046 ], [ -74.06198846999996, 4.667077538000058 ], [ -74.061715554999978, 4.666732680000052 ], [ -74.061649840999962, 4.666678211000033 ], [ -74.061574403999941, 4.666578296000068 ], [ -74.061464432999969, 4.666433268000048 ], [ -74.06128472499995, 4.666162929000052 ], [ -74.061190847999967, 4.666022246000068 ], [ -74.061091941999962, 4.665892924000048 ], [ -74.061078194999936, 4.66587320800005 ], [ -74.061058748999983, 4.665849148000063 ] ] ] } },
{ "type": "Feature", "properties": { "camera_id": "DEI-033/CAM-01", "segment_id": "1001000", "distance_m": 8.301, "install_date": "2020-03-27T00:00:00", "accidents_pre": 446, "accidents_post": 990, "speed_pre_kph": 37.506, "speed_post_kph": 42.122, "n_pre_obs": 40259.0, "n_post_obs": 23974.0 }, "geometry": { "type": "MultiLineString", "coordinates": [ [ [ -74.124943603999952, 4.725978892000057 ], [ -74.122304309999947, 4.722813946000031 ], [ -74.12088810399996, 4.721017620000055 ], [ -74.119686473999934, 4.719392367000069 ] ] ] } },
{ "type": "Feature", "properties": { "camera_id": "DEI-033/CAM-01", "segment_id": "104", "distance_m": 37.354, "install_date": "2020-03-27T00:00:00", "accidents_pre": 446, "accidents_post": 990, "speed_pre_kph": 27.877, "speed_post_kph": 30.993, "n_pre_obs": 39638.0, "n_post_obs": 22877.0 }, "geometry": { "type": "MultiLineString", "coordinates": [ [ [ -74.061010133999957, 4.666237281000065 ], [ -74.06103092099994, 4.666268692000074 ], [ -74.061113901999988, 4.666388490000031 ], [ -74.061231583999984, 4.666554904000066 ], [ -74.061356641999964, 4.666741368000032 ], [ -74.061634250999987, 4.667065508000064 ], [ -74.061919235999937, 4.66741471000006 ], [ -74.062265240999977, 4.667863492000038 ], [ -74.062497586999939, 4.668150873000059 ], [ -74.062744349999946, 4.668459306000045 ], [ -74.062888853999937, 4.668619371000034 ], [ -74.063008882999952, 4.668753036000055 ], [ -74.063206024999943, 4.668972248000046 ], [ -74.063295543999971, 4.669071160000044 ], [ -74.063411213999984, 4.669238910000047 ] ], [ [ -74.063365448999946, 4.669312426000033 ], [ -74.064588535999974, 4.67078809000003 ], [ -74.066734303999965, 4.673333068000034 ], [ -74.067635525999947, 4.674231294000037 ], [ -74.068365086999961, 4.674872883000035 ], [ -74.070167530999981, 4.676027741000041 ], [ -74.074008454999955, 4.678487156000074 ] ], [ [ -74.074223030999974, 4.678658245000065 ], [ -74.075381745999948, 4.679535078000072 ], [ -74.076991070999952, 4.681652303000021 ], [ -74.079458702999943, 4.684710506000044 ], [ -74.081196774999967, 4.686891873000036 ], [ -74.082398403999946, 4.68843165800007 ] ], [ [ -74.093170155999985, 4.697841378000021 ], [ -74.095466126999952, 4.699017584000046 ], [ -74.097225655999978, 4.700300716000072 ] ], [ [ -74.097290028999964, 4.700364873000069 ], [ -74.099457253999958, 4.70207571100002 ], [ -74.100615967999943, 4.702995285000043 ], [ -74.102010716999985, 4.703850702000068 ], [ -74.103298176999942, 4.70438533600003 ] ], [ [ -74.10340546499998, 4.70449226300002 ], [ -74.104778755999973, 4.705026898000028 ], [ -74.106667030999972, 4.705818156000021 ], [ -74.107933033999984, 4.706481101000065 ], [ -74.108726967999985, 4.706972963000055 ], [ -74.109241951999934, 4.707400669000037 ] ], [ [ -74.109370697999964, 4.707550366000021 ], [ -74.110958565999965, 4.709004564000054 ], [ -74.11235331499995, 4.710415988000022 ], [ -74.113383282999962, 4.711421092000023 ] ], [ [ -74.113651503999961, 4.711634944000025 ], [ -74.114906777999977, 4.71320675100003 ], [ -74.117846478999979, 4.71735545100006 ], [ -74.119294871999955, 4.719419099000049 ] ], [ [ -74.119327057999953, 4.719568793000064 ], [ -74.121896613999979, 4.722963640000046 ], [ -74.124643195999965, 4.726235509000048 ] ] ] } },
{ "type": "Feature", "properties": { "camera_id": "DEI-033/CAM-01", "segment_id": "1000999", "distance_m": 37.354, "install_date": "2020-03-27T00:00:00", "accidents_pre": 446, "accidents_post": 990, "speed_pre_kph": 40.062, "speed_post_kph": 46.982, "n_pre_obs": 37931.0, "n_post_obs": 23708.0 }, "geometry": { "type": "MultiLineString", "coordinates": [ [ [ -74.119327057999953, 4.719568793000064 ], [ -74.121896613999979, 4.722963640000046 ], [ -74.124643195999965, 4.726235509000048 ] ] ] } },
{ "type": "Feature", "properties": { "camera_id": "DEI-033/CAM-02", "segment_id": "104", "distance_m": 13.844, "install_date": "2020-03-27T00:00:00", "accidents_pre": 446, "accidents_post": 990, "speed_pre_kph": 27.877, "speed_post_kph": 30.993, "n_pre_obs": 39638.0, "n_post_obs": 22877.0 }, "geometry": { "type": "MultiLineString", "coordinates": [ [ [ -74.061010133999957, 4.666237281000065 ], [ -74.06103092099994, 4.666268692000074 ], [ -74.061113901999988, 4.666388490000031 ], [ -74.061231583999984, 4.666554904000066 ], [ -74.061356641999964, 4.666741368000032 ], [ -74.061634250999987, 4.667065508000064 ], [ -74.061919235999937, 4.66741471000006 ], [ -74.062265240999977, 4.667863492000038 ], [ -74.062497586999939, 4.668150873000059 ], [ -74.062744349999946, 4.668459306000045 ], [ -74.062888853999937, 4.668619371000034 ], [ -74.063008882999952, 4.668753036000055 ], [ -74.063206024999943, 4.668972248000046 ], [ -74.063295543999971, 4.669071160000044 ], [ -74.063411213999984, 4.669238910000047 ] ], [ [ -74.063365448999946, 4.669312426000033 ], [ -74.064588535999974, 4.67078809000003 ], [ -74.066734303999965, 4.673333068000034 ], [ -74.067635525999947, 4.674231294000037 ], [ -74.068365086999961, 4.674872883000035 ], [ -74.070167530999981, 4.676027741000041 ], [ -74.074008454999955, 4.678487156000074 ] ], [ [ -74.074223030999974, 4.678658245000065 ], [ -74.075381745999948, 4.679535078000072 ], [ -74.076991070999952, 4.681652303000021 ], [ -74.079458702999943, 4.684710506000044 ], [ -74.081196774999967, 4.686891873000036 ], [ -74.082398403999946, 4.68843165800007 ] ], [ [ -74.093170155999985, 4.697841378000021 ], [ -74.095466126999952, 4.699017584000046 ], [ -74.097225655999978, 4.700300716000072 ] ], [ [ -74.097290028999964, 4.700364873000069 ], [ -74.099457253999958, 4.70207571100002 ], [ -74.100615967999943, 4.702995285000043 ], [ -74.102010716999985, 4.703850702000068 ], [ -74.103298176999942, 4.70438533600003 ] ], [ [ -74.10340546499998, 4.70449226300002 ], [ -74.104778755999973, 4.705026898000028 ], [ -74.106667030999972, 4.705818156000021 ], [ -74.107933033999984, 4.706481101000065 ], [ -74.108726967999985, 4.706972963000055 ], [ -74.109241951999934, 4.707400669000037 ] ], [ [ -74.109370697999964, 4.707550366000021 ], [ -74.110958565999965, 4.709004564000054 ], [ -74.11235331499995, 4.710415988000022 ], [ -74.113383282999962, 4.711421092000023 ] ], [ [ -74.113651503999961, 4.711634944000025 ], [ -74.114906777999977, 4.71320675100003 ], [ -74.117846478999979, 4.71735545100006 ], [ -74.119294871999955, 4.719419099000049 ] ], [ [ -74.119327057999953, 4.719568793000064 ], [ -74.121896613999979, 4.722963640000046 ], [ -74.124643195999965, 4.726235509000048 ] ] ] } },
{ "type": "Feature", "properties": { "camera_id": "DEI-033/CAM-02", "segment_id": "1000999", "distance_m": 13.844, "install_date": "2020-03-27T00:00:00", "accidents_pre": 446, "accidents_post": 990, "speed_pre_kph": 40.062, "speed_post_kph": 46.982, "n_pre_obs": 37931.0, "n_post_obs": 23708.0 }, "geometry": { "type": "MultiLineString", "coordinates": [ [ [ -74.119327057999953, 4.719568793000064 ], [ -74.121896613999979, 4.722963640000046 ], [ -74.124643195999965, 4.726235509000048 ] ] ] } },
{ "type": "Feature", "properties": { "camera_id": "DEI-033/CAM-02", "segment_id": "105", "distance_m": 31.384, "install_date": "2020-03-27T00:00:00", "accidents_pre": 446, "accidents_post": 990, "speed_pre_kph": 28.72, "speed_post_kph": 32.361, "n_pre_obs": 40107.0, "n_post_obs": 23754.0 }, "geometry": { "type": "MultiLineString", "coordinates": [ [ [ -74.124943603999952, 4.725978892000057 ], [ -74.122304309999947, 4.722813946000031 ], [ -74.12088810399996, 4.721017620000055 ], [ -74.119686473999934, 4.719392367000069 ] ], [ [ -74.119552363999958, 4.719280097000023 ], [ -74.11790012299997, 4.716927751000071 ], [ -74.115378845999942, 4.713335062000056 ], [ -74.114745844999959, 4.712426194000045 ], [ -74.113844622999977, 4.711389014000076 ] ], [ [ -74.113748062999946, 4.711185855000053 ], [ -74.11179541499996, 4.709239801000024 ], [ -74.110336292999989, 4.707828375000076 ], [ -74.109671105999951, 4.707186816000046 ] ], [ [ -74.109477986999934, 4.707079889000056 ], [ -74.108211983999979, 4.706096165000076 ], [ -74.10720347299997, 4.705625687000065 ], [ -74.104864586999952, 4.704556419000028 ], [ -74.103684414999975, 4.704064555000059 ] ], [ [ -74.103577126999937, 4.704064555000059 ], [ -74.10160302099996, 4.703102212000033 ], [ -74.100723255999981, 4.702653118000057 ], [ -74.098877895999976, 4.701113365000026 ], [ -74.097547520999967, 4.700001319000023 ] ], [ [ -74.097354401999951, 4.699915777000058 ], [ -74.095723618999955, 4.698739572000022 ], [ -74.094843853999976, 4.698204933000056 ], [ -74.093556393999961, 4.697477823000042 ] ], [ [ -74.082612980999954, 4.688132255000028 ], [ -74.079608906999965, 4.684218628000053 ], [ -74.077548969999953, 4.68169507500005 ], [ -74.076132763999965, 4.67985587000004 ], [ -74.075596321999967, 4.679214286000047 ], [ -74.074480522999977, 4.678401611000027 ] ], [ [ -74.074287403999961, 4.678230522000035 ], [ -74.071819771999969, 4.676626556000031 ], [ -74.071154583999942, 4.67607051400006 ], [ -74.070231903999968, 4.675407540000037 ], [ -74.069051731999934, 4.674830110000073 ], [ -74.068257797999934, 4.674338225000042 ], [ -74.066755760999968, 4.672648705000029 ], [ -74.064888943999961, 4.670552839000038 ], [ -74.063580025999954, 4.668948856000043 ] ], [ [ -74.063405346999957, 4.668773754000028 ], [ -74.06313913799994, 4.668446608000067 ], [ -74.062908802999971, 4.668162235000068 ], [ -74.062611077999975, 4.667822390000026 ], [ -74.062281165999934, 4.667445118000046 ], [ -74.06198846999996, 4.667077538000058 ], [ -74.061715554999978, 4.666732680000052 ], [ -74.061649840999962, 4.666678211000033 ], [ -74.061574403999941, 4.666578296000068 ], [ -74.061464432999969, 4.666433268000048 ], [ -74.06128472499995, 4.666162929000052 ], [ -74.061190847999967, 4.666022246000068 ], [ -74.061091941999962, 4.665892924000048 ], [ -74.061078194999936, 4.66587320800005 ], [ -74.061058748999983, 4.665849148000063 ] ] ] } },
{ "type": "Feature", "properties": { "camera_id": "DEI-033/CAM-02", "segment_id": "1001000", "distance_m": 31.384, "install_date": "2020-03-27T00:00:00", "accidents_pre": 446, "accidents_post": 990, "speed_pre_kph": 37.506, "speed_post_kph": 42.122, "n_pre_obs": 40259.0, "n_post_obs": 23974.0 }, "geometry": { "type": "MultiLineString", "coordinates": [ [ [ -74.124943603999952, 4.725978892000057 ], [ -74.122304309999947, 4.722813946000031 ], [ -74.12088810399996, 4.721017620000055 ], [ -74.119686473999934, 4.719392367000069 ] ] ] } },
{ "type": "Feature", "properties": { "camera_id": "DEI-035/CAM-01", "segment_id": "78", "distance_m": 26.527, "install_date": "2020-03-27T00:00:00", "accidents_pre": 841, "accidents_post": 1477, "speed_pre_kph": 28.367, "speed_post_kph": 31.237, "n_pre_obs": 38463.0, "n_post_obs": 23522.0 }, "geometry": { "type": "MultiLineString", "coordinates": [ [ [ -74.137657273999935, 4.595247237000024 ], [ -74.137571443999946, 4.595749871000066 ], [ -74.137281764999955, 4.596316671000068 ], [ -74.136573661999989, 4.597386103000076 ], [ -74.134696115999986, 4.600241480000022 ], [ -74.134384978999947, 4.600701334000064 ] ], [ [ -74.134299148999958, 4.600765499000033 ], [ -74.131724227999939, 4.60463681300007 ] ], [ [ -74.131579388999967, 4.604807920000042 ], [ -74.129304875999935, 4.608187281000028 ], [ -74.128746975999945, 4.609278084000039 ], [ -74.127652634999947, 4.613277680000067 ] ], [ [ -74.127459515999988, 4.61344878500006 ], [ -74.124970425999948, 4.621533460000023 ], [ -74.124155033999955, 4.624014453000029 ] ], [ [ -74.123983372999987, 4.624356658000067 ], [ -74.12175177499995, 4.630088571000044 ], [ -74.12007807699996, 4.633895562000021 ], [ -74.119305599999961, 4.635905987000058 ], [ -74.118447292999974, 4.636975360000065 ] ], [ [ -74.117877323999949, 4.637475291000044 ], [ -74.112899143999982, 4.642437156000028 ] ], [ [ -74.11283879399997, 4.642525378000073 ], [ -74.107731867999973, 4.64748720800003 ], [ -74.10511403199996, 4.650823591000062 ], [ -74.104169894999984, 4.652235133000033 ], [ -74.093505431999972, 4.665772958000048 ], [ -74.089085150999949, 4.671803944000033 ] ], [ [ -74.089026142999955, 4.671574040000053 ], [ -74.08572166099998, 4.677369727000041 ], [ -74.084648777999973, 4.679059236000057 ], [ -74.082846332999964, 4.680556266000053 ], [ -74.081666160999987, 4.681454482000049 ] ], [ [ -74.081473041999971, 4.681582798000022 ], [ -74.077739406999967, 4.684705159000032 ], [ -74.074778247999973, 4.686950684000067 ], [ -74.073919941999975, 4.687613647000035 ] ], [ [ -74.073718775999964, 4.687838199000055 ], [ -74.072581518999982, 4.688522548000037 ], [ -74.071465719999935, 4.688993036000056 ], [ -74.070392836999986, 4.68924966700007 ], [ -74.068611849999968, 4.689377982000053 ] ], [ [ -74.068418730999952, 4.689399368000068 ], [ -74.067538965999972, 4.689308478000044 ], [ -74.065302003999989, 4.688827296000056 ] ] ] } },
{ "type": "Feature", "properties": { "camera_id": "DEI-035/CAM-01", "segment_id": "1001050", "distance_m": 26.527, "install_date": "2020-03-27T00:00:00", "accidents_pre": 841, "accidents_post": 1477, "speed_pre_kph": null, "speed_post_kph": 35.124, "n_pre_obs": 0.0, "n_post_obs": 17063.0 }, "geometry": { "type": "MultiLineString", "coordinates": [ [ [ -74.081473041999971, 4.681582798000022 ], [ -74.077739406999967, 4.684705159000032 ], [ -74.074778247999973, 4.686950684000067 ], [ -74.073919941999975, 4.687613647000035 ] ] ] } },
{ "type": "Feature", "properties": { "camera_id": "DEI-035/CAM-01", "segment_id": "77", "distance_m": 27.281, "install_date": "2020-03-27T00:00:00", "accidents_pre": 841, "accidents_post": 1477, "speed_pre_kph": 29.117, "speed_post_kph": 33.806, "n_pre_obs": 39673.0, "n_post_obs": 23544.0 }, "geometry": { "type": "MultiLineString", "coordinates": [ [ [ -74.06546293699995, 4.689351249000026 ], [ -74.066557277999948, 4.689672037000037 ], [ -74.067458499999987, 4.689843124000049 ], [ -74.068112958999961, 4.689917974000025 ] ], [ [ -74.068289984999979, 4.689944706000063 ], [ -74.069116104999978, 4.689955399000041 ], [ -74.070264090999956, 4.689827084000058 ], [ -74.071347702999958, 4.689559761000055 ], [ -74.072409857999958, 4.689196202000062 ], [ -74.073289621999947, 4.688736406000032 ], [ -74.074094284999944, 4.688223145000052 ] ], [ [ -74.074327636999953, 4.688126909000061 ], [ -74.079928089999953, 4.683528929000033 ], [ -74.081923652999933, 4.681967748000034 ] ], [ [ -74.081880737999938, 4.681989134000048 ], [ -74.084863353999935, 4.679508345000045 ], [ -74.085120845999938, 4.679187553000077 ], [ -74.085464168999977, 4.678781216000061 ], [ -74.089412380999988, 4.672108700000024 ] ], [ [ -74.089412380999988, 4.671889489000023 ], [ -74.091445494999959, 4.669269653000072 ], [ -74.092518378999955, 4.667703093000057 ], [ -74.093365956999946, 4.666414555000074 ], [ -74.093655635999937, 4.666018904000055 ], [ -74.094149161999951, 4.66552701300003 ], [ -74.095179129999963, 4.664564617000053 ], [ -74.108705509999936, 4.647126300000025 ], [ -74.112782467999978, 4.643148282000027 ] ], [ [ -74.113225032999935, 4.642653702000075 ], [ -74.116250563999984, 4.639573929000051 ], [ -74.118138838999982, 4.637798776000068 ] ], [ [ -74.118747700999961, 4.637317559000053 ], [ -74.119734753999978, 4.636290961000043 ], [ -74.120850552999968, 4.633425036000062 ], [ -74.12299631999997, 4.628292006000038 ], [ -74.124412525999958, 4.624613312000065 ] ], [ [ -74.124498356999936, 4.624442209000051 ], [ -74.127931584999942, 4.613748219000058 ] ], [ [ -74.128017414999988, 4.613577114000066 ], [ -74.129133213999978, 4.609470578000071 ], [ -74.131965626999943, 4.604936251000026 ] ], [ [ -74.131928075999951, 4.604840003000049 ], [ -74.133966554999972, 4.601792148000072 ], [ -74.134545911999965, 4.600990079000042 ] ], [ [ -74.134621013999947, 4.600851053000042 ], [ -74.136423457999967, 4.598145399000032 ], [ -74.137142289999986, 4.596958330000064 ], [ -74.137732375999974, 4.596070701000031 ], [ -74.137839664999944, 4.595653622000043 ], [ -74.138032783999961, 4.595354180000072 ], [ -74.138290275999964, 4.595290014000057 ] ] ] } },
{ "type": "Feature", "properties": { "camera_id": "DEI-035/CAM-01", "segment_id": "1001051", "distance_m": 27.281, "install_date": "2020-03-27T00:00:00", "accidents_pre": 841, "accidents_post": 1477, "speed_pre_kph": null, "speed_post_kph": 40.14, "n_pre_obs": 0.0, "n_post_obs": 17545.0 }, "geometry": { "type": "MultiLineString", "coordinates": [ [ [ -74.074327636999953, 4.688126909000061 ], [ -74.079928089999953, 4.683528929000033 ], [ -74.081923652999933, 4.681967748000034 ] ] ] } },
{ "type": "Feature", "properties": { "camera_id": "DEI-035/CAM-02", "segment_id": "77", "distance_m": 25.644, "install_date": "2020-03-27T00:00:00", "accidents_pre": 841, "accidents_post": 1477, "speed_pre_kph": 29.117, "speed_post_kph": 33.806, "n_pre_obs": 39673.0, "n_post_obs": 23544.0 }, "geometry": { "type": "MultiLineString", "coordinates": [ [ [ -74.06546293699995, 4.689351249000026 ], [ -74.066557277999948, 4.689672037000037 ], [ -74.067458499999987, 4.689843124000049 ], [ -74.068112958999961, 4.689917974000025 ] ], [ [ -74.068289984999979, 4.689944706000063 ], [ -74.069116104999978, 4.689955399000041 ], [ -74.070264090999956, 4.689827084000058 ], [ -74.071347702999958, 4.689559761000055 ], [ -74.072409857999958, 4.689196202000062 ], [ -74.073289621999947, 4.688736406000032 ], [ -74.074094284999944, 4.688223145000052 ] ], [ [ -74.074327636999953, 4.688126909000061 ], [ -74.079928089999953, 4.683528929000033 ], [ -74.081923652999933, 4.681967748000034 ] ], [ [ -74.081880737999938, 4.681989134000048 ], [ -74.084863353999935, 4.679508345000045 ], [ -74.085120845999938, 4.679187553000077 ], [ -74.085464168999977, 4.678781216000061 ], [ -74.089412380999988, 4.672108700000024 ] ], [ [ -74.089412380999988, 4.671889489000023 ], [ -74.091445494999959, 4.669269653000072 ], [ -74.092518378999955, 4.667703093000057 ], [ -74.093365956999946, 4.666414555000074 ], [ -74.093655635999937, 4.666018904000055 ], [ -74.094149161999951, 4.66552701300003 ], [ -74.095179129999963, 4.664564617000053 ], [ -74.108705509999936, 4.647126300000025 ], [ -74.112782467999978, 4.643148282000027 ] ], [ [ -74.113225032999935, 4.642653702000075 ], [ -74.116250563999984, 4.639573929000051 ], [ -74.118138838999982, 4.637798776000068 ] ], [ [ -74.118747700999961, 4.637317559000053 ], [ -74.119734753999978, 4.636290961000043 ], [ -74.120850552999968, 4.633425036000062 ], [ -74.12299631999997, 4.628292006000038 ], [ -74.124412525999958, 4.624613312000065 ] ], [ [ -74.124498356999936, 4.624442209000051 ], [ -74.127931584999942, 4.613748219000058 ] ], [ [ -74.128017414999988, 4.613577114000066 ], [ -74.129133213999978, 4.609470578000071 ], [ -74.131965626999943, 4.604936251000026 ] ], [ [ -74.131928075999951, 4.604840003000049 ], [ -74.133966554999972, 4.601792148000072 ], [ -74.134545911999965, 4.600990079000042 ] ], [ [ -74.134621013999947, 4.600851053000042 ], [ -74.136423457999967, 4.598145399000032 ], [ -74.137142289999986, 4.596958330000064 ], [ -74.137732375999974, 4.596070701000031 ], [ -74.137839664999944, 4.595653622000043 ], [ -74.138032783999961, 4.595354180000072 ], [ -74.138290275999964, 4.595290014000057 ] ] ] } },
{ "type": "Feature", "properties": { "camera_id": "DEI-035/CAM-02", "segment_id": "1001051", "distance_m": 25.644, "install_date": "2020-03-27T00:00:00", "accidents_pre": 841, "accidents_post": 1477, "speed_pre_kph": null, "speed_post_kph": 40.14, "n_pre_obs": 0.0, "n_post_obs": 17545.0 }, "geometry": { "type": "MultiLineString", "coordinates": [ [ [ -74.074327636999953, 4.688126909000061 ], [ -74.079928089999953, 4.683528929000033 ], [ -74.081923652999933, 4.681967748000034 ] ] ] } },
{ "type": "Feature", "properties": { "camera_id": "DEI-035/CAM-02", "segment_id": "78", "distance_m": 28.497, "install_date": "2020-03-27T00:00:00", "accidents_pre": 841, "accidents_post": 1477, "speed_pre_kph": 28.367, "speed_post_kph": 31.237, "n_pre_obs": 38463.0, "n_post_obs": 23522.0 }, "geometry": { "type": "MultiLineString", "coordinates": [ [ [ -74.137657273999935, 4.595247237000024 ], [ -74.137571443999946, 4.595749871000066 ], [ -74.137281764999955, 4.596316671000068 ], [ -74.136573661999989, 4.597386103000076 ], [ -74.134696115999986, 4.600241480000022 ], [ -74.134384978999947, 4.600701334000064 ] ], [ [ -74.134299148999958, 4.600765499000033 ], [ -74.131724227999939, 4.60463681300007 ] ], [ [ -74.131579388999967, 4.604807920000042 ], [ -74.129304875999935, 4.608187281000028 ], [ -74.128746975999945, 4.609278084000039 ], [ -74.127652634999947, 4.613277680000067 ] ], [ [ -74.127459515999988, 4.61344878500006 ], [ -74.124970425999948, 4.621533460000023 ], [ -74.124155033999955, 4.624014453000029 ] ], [ [ -74.123983372999987, 4.624356658000067 ], [ -74.12175177499995, 4.630088571000044 ], [ -74.12007807699996, 4.633895562000021 ], [ -74.119305599999961, 4.635905987000058 ], [ -74.118447292999974, 4.636975360000065 ] ], [ [ -74.117877323999949, 4.637475291000044 ], [ -74.112899143999982, 4.642437156000028 ] ], [ [ -74.11283879399997, 4.642525378000073 ], [ -74.107731867999973, 4.64748720800003 ], [ -74.10511403199996, 4.650823591000062 ], [ -74.104169894999984, 4.652235133000033 ], [ -74.093505431999972, 4.665772958000048 ], [ -74.089085150999949, 4.671803944000033 ] ], [ [ -74.089026142999955, 4.671574040000053 ], [ -74.08572166099998, 4.677369727000041 ], [ -74.084648777999973, 4.679059236000057 ], [ -74.082846332999964, 4.680556266000053 ], [ -74.081666160999987, 4.681454482000049 ] ], [ [ -74.081473041999971, 4.681582798000022 ], [ -74.077739406999967, 4.684705159000032 ], [ -74.074778247999973, 4.686950684000067 ], [ -74.073919941999975, 4.687613647000035 ] ], [ [ -74.073718775999964, 4.687838199000055 ], [ -74.072581518999982, 4.688522548000037 ], [ -74.071465719999935, 4.688993036000056 ], [ -74.070392836999986, 4.68924966700007 ], [ -74.068611849999968, 4.689377982000053 ] ], [ [ -74.068418730999952, 4.689399368000068 ], [ -74.067538965999972, 4.689308478000044 ], [ -74.065302003999989, 4.688827296000056 ] ] ] } },
{ "type": "Feature", "properties": { "camera_id": "DEI-035/CAM-02", "segment_id": "1001050", "distance_m": 28.497, "install_date": "2020-03-27T00:00:00", "accidents_pre": 841, "accidents_post": 1477, "speed_pre_kph": null, "speed_post_kph": 35.124, "n_pre_obs": 0.0, "n_post_obs": 17063.0 }, "geometry": { "type": "MultiLineString", "coordinates": [ [ [ -74.081473041999971, 4.681582798000022 ], [ -74.077739406999967, 4.684705159000032 ], [ -74.074778247999973, 4.686950684000067 ], [ -74.073919941999975, 4.687613647000035 ] ] ] } },
{ "type": "Feature", "properties": { "camera_id": "DEI-036/CAM-01", "segment_id": "142", "distance_m": 21.969, "install_date": "2020-03-27T00:00:00", "accidents_pre": 203, "accidents_post": 396, "speed_pre_kph": 40.272, "speed_post_kph": 43.662, "n_pre_obs": 39575.0, "n_post_obs": 23737.0 }, "geometry": { "type": "MultiLineString", "coordinates": [ [ [ -74.044933308999987, 4.76340648300004 ], [ -74.045920361999947, 4.758317177000038 ], [ -74.046692837999956, 4.75463916800004 ], [ -74.046950329999959, 4.75378381400003 ], [ -74.046821583999986, 4.75220140700003 ], [ -74.047508228999959, 4.748181220000049 ] ], [ [ -74.04742239899997, 4.748181220000049 ], [ -74.048151959999984, 4.74356225400004 ] ], [ [ -74.048237789999973, 4.743519485000036 ], [ -74.050168980999956, 4.731843626000057 ] ], [ [ -74.050254810999945, 4.731715319000045 ], [ -74.051842678999947, 4.722092209000039 ] ], [ [ -74.051713932999974, 4.722006669000052 ], [ -74.052786816999969, 4.71533456700007 ] ], [ [ -74.053087223999967, 4.715206256000045 ], [ -74.054546345999938, 4.70571122900003 ] ], [ [ -74.054718006999963, 4.705197980000037 ], [ -74.055747975999964, 4.698953428000038 ] ], [ [ -74.055919636999988, 4.698354632000076 ], [ -74.058065403999933, 4.684838822000074 ] ], [ [ -74.058065403999933, 4.684432488000027 ], [ -74.059224117999975, 4.676776260000054 ] ], [ [ -74.059395779999988, 4.676434080000035 ], [ -74.060511578999979, 4.669847087000051 ] ], [ [ -74.060465980999936, 4.669671652000034 ], [ -74.06052968399996, 4.669333144000063 ], [ -74.060600091999959, 4.668981604000066 ], [ -74.060655746999942, 4.668700238000042 ], [ -74.060621548999961, 4.668478020000066 ], [ -74.060580309999978, 4.668220713000039 ], [ -74.060655076999979, 4.667812699000024 ], [ -74.060680557999945, 4.667708774000062 ], [ -74.060702015999937, 4.66760885900004 ], [ -74.060734201999935, 4.667424400000073 ], [ -74.060766723999961, 4.667243952000035 ], [ -74.06080293399998, 4.66706918400007 ], [ -74.060864288999937, 4.666796839000028 ], [ -74.060893122999971, 4.666698261000022 ], [ -74.060926650999988, 4.666520485000035 ], [ -74.060993034999967, 4.666216395000049 ], [ -74.061037626999962, 4.666009547000044 ], [ -74.061045002999947, 4.665919323000026 ], [ -74.061055731999943, 4.665847143000065 ] ] ] } },
{ "type": "Feature", "properties": { "camera_id": "DEI-036/CAM-01", "segment_id": "1002015", "distance_m": 21.969, "install_date": "2020-03-27T00:00:00", "accidents_pre": 203, "accidents_post": 396, "speed_pre_kph": 42.465, "speed_post_kph": 44.607, "n_pre_obs": 24210.0, "n_post_obs": 14071.0 }, "geometry": { "type": "MultiLineString", "coordinates": [ [ [ -74.053087223999967, 4.715206256000045 ], [ -74.054546345999938, 4.70571122900003 ] ] ] } },
{ "type": "Feature", "properties": { "camera_id": "DEI-036/CAM-02", "segment_id": "142", "distance_m": 43.815, "install_date": "2020-03-27T00:00:00", "accidents_pre": 203, "accidents_post": 396, "speed_pre_kph": 40.272, "speed_post_kph": 43.662, "n_pre_obs": 39575.0, "n_post_obs": 23737.0 }, "geometry": { "type": "MultiLineString", "coordinates": [ [ [ -74.044933308999987, 4.76340648300004 ], [ -74.045920361999947, 4.758317177000038 ], [ -74.046692837999956, 4.75463916800004 ], [ -74.046950329999959, 4.75378381400003 ], [ -74.046821583999986, 4.75220140700003 ], [ -74.047508228999959, 4.748181220000049 ] ], [ [ -74.04742239899997, 4.748181220000049 ], [ -74.048151959999984, 4.74356225400004 ] ], [ [ -74.048237789999973, 4.743519485000036 ], [ -74.050168980999956, 4.731843626000057 ] ], [ [ -74.050254810999945, 4.731715319000045 ], [ -74.051842678999947, 4.722092209000039 ] ], [ [ -74.051713932999974, 4.722006669000052 ], [ -74.052786816999969, 4.71533456700007 ] ], [ [ -74.053087223999967, 4.715206256000045 ], [ -74.054546345999938, 4.70571122900003 ] ], [ [ -74.054718006999963, 4.705197980000037 ], [ -74.055747975999964, 4.698953428000038 ] ], [ [ -74.055919636999988, 4.698354632000076 ], [ -74.058065403999933, 4.684838822000074 ] ], [ [ -74.058065403999933, 4.684432488000027 ], [ -74.059224117999975, 4.676776260000054 ] ], [ [ -74.059395779999988, 4.676434080000035 ], [ -74.060511578999979, 4.669847087000051 ] ], [ [ -74.060465980999936, 4.669671652000034 ], [ -74.06052968399996, 4.669333144000063 ], [ -74.060600091999959, 4.668981604000066 ], [ -74.060655746999942, 4.668700238000042 ], [ -74.060621548999961, 4.668478020000066 ], [ -74.060580309999978, 4.668220713000039 ], [ -74.060655076999979, 4.667812699000024 ], [ -74.060680557999945, 4.667708774000062 ], [ -74.060702015999937, 4.66760885900004 ], [ -74.060734201999935, 4.667424400000073 ], [ -74.060766723999961, 4.667243952000035 ], [ -74.06080293399998, 4.66706918400007 ], [ -74.060864288999937, 4.666796839000028 ], [ -74.060893122999971, 4.666698261000022 ], [ -74.060926650999988, 4.666520485000035 ], [ -74.060993034999967, 4.666216395000049 ], [ -74.061037626999962, 4.666009547000044 ], [ -74.061045002999947, 4.665919323000026 ], [ -74.061055731999943, 4.665847143000065 ] ] ] } },
{ "type": "Feature", "properties": { "camera_id": "DEI-036/CAM-02", "segment_id": "1002015", "distance_m": 43.815, "install_date": "2020-03-27T00:00:00", "accidents_pre": 203, "accidents_post": 396, "speed_pre_kph": 42.465, "speed_post_kph": 44.607, "n_pre_obs": 24210.0, "n_post_obs": 14071.0 }, "geometry": { "type": "MultiLineString", "coordinates": [ [ [ -74.053087223999967, 4.715206256000045 ], [ -74.054546345999938, 4.70571122900003 ] ] ] } },
{ "type": "Feature", "properties": { "camera_id": "DEI-036/CAM-03", "segment_id": "141", "distance_m": 31.565, "install_date": "2020-03-27T00:00:00", "accidents_pre": 344, "accidents_post": 496, "speed_pre_kph": 39.437, "speed_post_kph": 42.062, "n_pre_obs": 38362.0, "n_post_obs": 21597.0 }, "geometry": { "type": "MultiLineString", "coordinates": [ [ [ -74.060526162999963, 4.66572300100006 ], [ -74.06049481499997, 4.665904285000067 ], [ -74.060430441999983, 4.666201692000072 ], [ -74.060416359999977, 4.66627554300004 ], [ -74.060411330999955, 4.666319652000027 ], [ -74.060399260999986, 4.666436610000062 ], [ -74.060369421999951, 4.66658297400005 ], [ -74.060331199999951, 4.666774450000048 ], [ -74.060259115999941, 4.667133343000046 ], [ -74.060239334999949, 4.667235597000058 ], [ -74.060218211999938, 4.667340859000035 ], [ -74.060187366999969, 4.667500590000031 ], [ -74.060115617999941, 4.667861821000031 ], [ -74.060074042999986, 4.668071676000068 ], [ -74.060019728999976, 4.668255466000062 ], [ -74.059915122999939, 4.668628059000071 ], [ -74.059860807999939, 4.668998312000042 ], [ -74.059798445999945, 4.669420695000042 ] ], [ [ -74.05961035699994, 4.669590450000044 ], [ -74.058580387999939, 4.676305763000073 ] ], [ [ -74.058580387999939, 4.676476852000064 ], [ -74.057250012999987, 4.684346944000026 ] ], [ [ -74.057207096999946, 4.684325558000069 ], [ -74.054803837999941, 4.697841378000021 ] ], [ [ -74.054803837999941, 4.698269090000053 ], [ -74.053773869999986, 4.70485581500003 ] ], [ [ -74.053688038999951, 4.705026898000028 ], [ -74.052057255999955, 4.715035176000072 ] ], [ [ -74.051885594999987, 4.715035176000072 ], [ -74.05076979599994, 4.721835590000069 ] ], [ [ -74.05089854199997, 4.721750051000072 ], [ -74.049267758999974, 4.731373166000026 ] ], [ [ -74.049310673999969, 4.73154424300003 ], [ -74.04742239899997, 4.743262875000028 ] ], [ [ -74.047336567999935, 4.743305644000031 ], [ -74.046564091999983, 4.74775353900003 ] ], [ [ -74.046564091999983, 4.748010148000049 ], [ -74.04630659999998, 4.749421493000057 ], [ -74.046435345999953, 4.750747299000068 ], [ -74.046092022999972, 4.75220140700003 ], [ -74.045448292999936, 4.754938541000058 ], [ -74.04506205499996, 4.75759013000004 ], [ -74.044718731999978, 4.759600199000033 ], [ -74.04394625599997, 4.763320949000047 ] ] ] } },
{ "type": "Feature", "properties": { "camera_id": "DEI-036/CAM-03", "segment_id": "1002014", "distance_m": 31.565, "install_date": "2020-03-27T00:00:00", "accidents_pre": 344, "accidents_post": 496, "speed_pre_kph": 48.292, "speed_post_kph": 43.911, "n_pre_obs": 24223.0, "n_post_obs": 12997.0 }, "geometry": { "type": "MultiLineString", "coordinates": [ [ [ -74.053688038999951, 4.705026898000028 ], [ -74.052057255999955, 4.715035176000072 ] ] ] } },
{ "type": "Feature", "properties": { "camera_id": "DEI-036/CAM-04", "segment_id": "141", "distance_m": 10.13, "install_date": "2020-03-27T00:00:00", "accidents_pre": 344, "accidents_post": 496, "speed_pre_kph": 39.437, "speed_post_kph": 42.062, "n_pre_obs": 38362.0, "n_post_obs": 21597.0 }, "geometry": { "type": "MultiLineString", "coordinates": [ [ [ -74.060526162999963, 4.66572300100006 ], [ -74.06049481499997, 4.665904285000067 ], [ -74.060430441999983, 4.666201692000072 ], [ -74.060416359999977, 4.66627554300004 ], [ -74.060411330999955, 4.666319652000027 ], [ -74.060399260999986, 4.666436610000062 ], [ -74.060369421999951, 4.66658297400005 ], [ -74.060331199999951, 4.666774450000048 ], [ -74.060259115999941, 4.667133343000046 ], [ -74.060239334999949, 4.667235597000058 ], [ -74.060218211999938, 4.667340859000035 ], [ -74.060187366999969, 4.667500590000031 ], [ -74.060115617999941, 4.667861821000031 ], [ -74.060074042999986, 4.668071676000068 ], [ -74.060019728999976, 4.668255466000062 ], [ -74.059915122999939, 4.668628059000071 ], [ -74.059860807999939, 4.668998312000042 ], [ -74.059798445999945, 4.669420695000042 ] ], [ [ -74.05961035699994, 4.669590450000044 ], [ -74.058580387999939, 4.676305763000073 ] ], [ [ -74.058580387999939, 4.676476852000064 ], [ -74.057250012999987, 4.684346944000026 ] ], [ [ -74.057207096999946, 4.684325558000069 ], [ -74.054803837999941, 4.697841378000021 ] ], [ [ -74.054803837999941, 4.698269090000053 ], [ -74.053773869999986, 4.70485581500003 ] ], [ [ -74.053688038999951, 4.705026898000028 ], [ -74.052057255999955, 4.715035176000072 ] ], [ [ -74.051885594999987, 4.715035176000072 ], [ -74.05076979599994, 4.721835590000069 ] ], [ [ -74.05089854199997, 4.721750051000072 ], [ -74.049267758999974, 4.731373166000026 ] ], [ [ -74.049310673999969, 4.73154424300003 ], [ -74.04742239899997, 4.743262875000028 ] ], [ [ -74.047336567999935, 4.743305644000031 ], [ -74.046564091999983, 4.74775353900003 ] ], [ [ -74.046564091999983, 4.748010148000049 ], [ -74.04630659999998, 4.749421493000057 ], [ -74.046435345999953, 4.750747299000068 ], [ -74.046092022999972, 4.75220140700003 ], [ -74.045448292999936, 4.754938541000058 ], [ -74.04506205499996, 4.75759013000004 ], [ -74.044718731999978, 4.759600199000033 ], [ -74.04394625599997, 4.763320949000047 ] ] ] } },
{ "type": "Feature", "properties": { "camera_id": "DEI-036/CAM-04", "segment_id": "1002014", "distance_m": 10.13, "install_date": "2020-03-27T00:00:00", "accidents_pre": 344, "accidents_post": 496, "speed_pre_kph": 48.292, "speed_post_kph": 43.911, "n_pre_obs": 24223.0, "n_post_obs": 12997.0 }, "geometry": { "type": "MultiLineString", "coordinates": [ [ [ -74.053688038999951, 4.705026898000028 ], [ -74.052057255999955, 4.715035176000072 ] ] ] } },
{ "type": "Feature", "properties": { "camera_id": "DEI-037/CAM-01", "segment_id": "1000728", "distance_m": 0.47, "install_date": "2020-03-27T00:00:00", "accidents_pre": 829, "accidents_post": 1975, "speed_pre_kph": 22.23, "speed_post_kph": 24.768, "n_pre_obs": 39689.0, "n_post_obs": 24205.0 }, "geometry": { "type": "MultiLineString", "coordinates": [ [ [ -74.176930178999953, 4.625784293000038 ], [ -74.173722256999952, 4.627003396000021 ], [ -74.17152284499997, 4.627890986000068 ], [ -74.170943487999978, 4.628126251000026 ], [ -74.170718182999963, 4.628254577000064 ] ] ] } },
{ "type": "Feature", "properties": { "camera_id": "DEI-037/CAM-01", "segment_id": "76", "distance_m": 0.47, "install_date": "2020-03-27T00:00:00", "accidents_pre": 829, "accidents_post": 1975, "speed_pre_kph": 21.956, "speed_post_kph": 24.406, "n_pre_obs": 37614.0, "n_post_obs": 23582.0 }, "geometry": { "type": "MultiLineString", "coordinates": [ [ [ -74.203072927999983, 4.609743684000023 ], [ -74.202260218999982, 4.610949446000063 ], [ -74.201890073999948, 4.611497519000068 ], [ -74.201544068999965, 4.612005489000069 ], [ -74.200916431999985, 4.612874384000065 ], [ -74.200779639999951, 4.613045489000058 ], [ -74.200624070999936, 4.613171145000024 ], [ -74.20045509199997, 4.613291453000045 ], [ -74.200248561999956, 4.613374332000035 ], [ -74.200111769999978, 4.613411761000066 ], [ -74.199948154999959, 4.613427802000047 ], [ -74.199805997999988, 4.613425129000063 ], [ -74.199390254999969, 4.613352944000042 ], [ -74.197609267999951, 4.612975978000065 ], [ -74.197370551999938, 4.612989345000074 ], [ -74.197094283999945, 4.61303212200005 ], [ -74.196769736999954, 4.613066877000051 ], [ -74.196225248999951, 4.613053510000043 ], [ -74.195707581999955, 4.613016080000023 ], [ -74.195578835999981, 4.613016080000023 ], [ -74.19544740799995, 4.613008060000027 ], [ -74.195214055999941, 4.613037469000062 ], [ -74.194948516999943, 4.613128368000048 ] ], [ [ -74.194935105999946, 4.613082918000032 ], [ -74.194613240999956, 4.613318188000051 ], [ -74.194291375999967, 4.613585540000031 ], [ -74.193647645999988, 4.614291349000041 ], [ -74.192810796999936, 4.615168261000065 ], [ -74.192467473999955, 4.615478388000042 ], [ -74.192183159999956, 4.61566018700006 ], [ -74.191839836999975, 4.615841986000021 ], [ -74.191324852999969, 4.615997049000043 ], [ -74.190321706999953, 4.616237665000028 ], [ -74.189919374999988, 4.616376688000059 ], [ -74.189635060999933, 4.616574527000068 ], [ -74.189366839999934, 4.616788408000048 ], [ -74.188953779999963, 4.617216168000027 ], [ -74.188674829999968, 4.617526295000062 ], [ -74.188245676999941, 4.617911279000054 ], [ -74.187548301999982, 4.618301611000049 ], [ -74.187226436999936, 4.618429939000066 ], [ -74.187001131999978, 4.618494103000046 ], [ -74.186861656999952, 4.618408551000073 ], [ -74.186630986999944, 4.618290917000024 ], [ -74.186346672999946, 4.61840320400006 ], [ -74.186223290999976, 4.618633124000041 ], [ -74.185842417999936, 4.618654512000035 ], [ -74.184823177999988, 4.618772146000026 ], [ -74.184184811999955, 4.618911168000068 ], [ -74.183825395999975, 4.618991373000028 ], [ -74.183519624999974, 4.619157130000076 ] ], [ [ -74.183410395999942, 4.61923960300004 ], [ -74.183077801999957, 4.619528341000034 ], [ -74.182734478999976, 4.619988182000043 ], [ -74.182552088999955, 4.620309001000066 ], [ -74.182326782999951, 4.620833006000055 ], [ -74.182144392999987, 4.621121742000071 ], [ -74.181908358999976, 4.621442561000038 ], [ -74.180266846999984, 4.62287555000006 ], [ -74.178571690999945, 4.624383393000073 ], [ -74.17755245099994, 4.625324456000044 ], [ -74.177091110999982, 4.625720130000047 ], [ -74.176951635999956, 4.625784293000038 ] ], [ [ -74.176930178999953, 4.625784293000038 ], [ -74.173722256999952, 4.627003396000021 ], [ -74.17152284499997, 4.627890986000068 ], [ -74.170943487999978, 4.628126251000026 ], [ -74.170718182999963, 4.628254577000064 ] ], [ [ -74.155917752999983, 4.640758253000058 ], [ -74.155789006999953, 4.641036288000066 ], [ -74.155070174999935, 4.641635133000023 ], [ -74.152806390999956, 4.643613455000036 ], [ -74.151594031999934, 4.644714897000028 ], [ -74.150606979999964, 4.645575731000065 ] ], [ [ -74.150513101999934, 4.645655933000057 ], [ -74.148321736999947, 4.647727813000074 ], [ -74.145655621999936, 4.650358423000057 ], [ -74.143037785999979, 4.652903475000073 ], [ -74.142040003999966, 4.653855194000073 ], [ -74.140516508999951, 4.655074248000062 ] ], [ [ -74.140472252999984, 4.655155785000034 ], [ -74.137639839999963, 4.657337245000065 ], [ -74.137167770999952, 4.657679434000045 ], [ -74.136910278999949, 4.657978849000074 ], [ -74.136652786999946, 4.658406585000023 ], [ -74.136395294999943, 4.658620453000026 ], [ -74.134206612999947, 4.660972995000066 ], [ -74.133305389999975, 4.662085103000038 ] ], [ [ -74.133047897999973, 4.662491450000061 ], [ -74.130515892999938, 4.665571123000063 ] ], [ [ -74.130281199999956, 4.665981477000059 ], [ -74.128934730999958, 4.667606854000041 ], [ -74.128081787999974, 4.668644099000062 ], [ -74.126896251999938, 4.669986099000027 ], [ -74.125764359999948, 4.671344136000073 ], [ -74.125308383999936, 4.671905529000071 ] ], [ [ -74.125158179999971, 4.672065927000062 ], [ -74.124165762999951, 4.673242176000031 ], [ -74.122765649999963, 4.675027933000024 ], [ -74.121859062999988, 4.676150712000037 ], [ -74.121483553999951, 4.676717448000034 ], [ -74.121204603999956, 4.677145172000053 ], [ -74.120904196999959, 4.677433886000074 ], [ -74.119756210999981, 4.678588740000066 ], [ -74.117610443999979, 4.680695275000062 ], [ -74.117363680999972, 4.680919829000061 ], [ -74.116913069999953, 4.681304779000072 ], [ -74.115604151999946, 4.682694874000049 ], [ -74.114681471999972, 4.683667938000042 ], [ -74.114069927999935, 4.684277439000027 ], [ -74.113659549999966, 4.684678427000051 ], [ -74.113477159999945, 4.684860208000032 ], [ -74.113273311999933, 4.685063374000038 ], [ -74.113069463999977, 4.685277234000068 ] ], [ [ -74.112983633999988, 4.685405550000041 ], [ -74.110859323999989, 4.687629687000026 ], [ -74.109754253999938, 4.688923532000047 ], [ -74.109325100999968, 4.689361942000062 ], [ -74.109099794999963, 4.689597187000061 ] ], [ [ -74.108965684999987, 4.689722828000072 ], [ -74.108815480999965, 4.689883222000049 ], [ -74.108391691999941, 4.690936473000022 ], [ -74.108069826999952, 4.691674283000054 ], [ -74.106755543999952, 4.694117603000052 ], [ -74.106203008999955, 4.695117384000071 ], [ -74.105950881999945, 4.695352626000044 ], [ -74.105728257999942, 4.695713509000029 ] ], [ [ -74.105679978999945, 4.695852516000059 ], [ -74.105422485999952, 4.696312307000028 ], [ -74.105207909999933, 4.697039418000031 ], [ -74.103491295999959, 4.699584301000073 ] ], [ [ -74.103410829999973, 4.699688556000069 ], [ -74.101844419999964, 4.701741563000041 ], [ -74.101071942999965, 4.702832221000051 ], [ -74.099376786999983, 4.704821063000054 ], [ -74.098969091999948, 4.705355697000073 ], [ -74.097831834999965, 4.706596047000062 ] ], [ [ -74.097853292999957, 4.706604066000068 ], [ -74.096984256999974, 4.707480864000047 ], [ -74.096061576999944, 4.708379045000072 ], [ -74.094905544999961, 4.70947503900004 ], [ -74.094650734999959, 4.709737008000047 ], [ -74.094564903999981, 4.709825222000063 ], [ -74.094476390999944, 4.709916109000062 ] ], [ [ -74.094334233999973, 4.710031055000059 ], [ -74.093690503999937, 4.710747459000061 ], [ -74.093411554999989, 4.711185855000053 ], [ -74.093293536999965, 4.711528018000024 ], [ -74.093218434999983, 4.712789741000051 ], [ -74.093132604999937, 4.71371999400003 ], [ -74.093143333999933, 4.713858997000045 ], [ -74.092724908999969, 4.714799940000034 ], [ -74.092488874999958, 4.715655342000048 ], [ -74.092488874999958, 4.716083043000026 ], [ -74.092488874999958, 4.71640381800006 ], [ -74.092639077999934, 4.717023983000047 ], [ -74.092703450999977, 4.717173678000051 ] ], [ [ -74.092732955999963, 4.717350104000047 ], [ -74.093033362999961, 4.718077193000056 ], [ -74.093623448999949, 4.718932591000055 ], [ -74.095264960999941, 4.72072892400007 ], [ -74.095951605999971, 4.721284930000024 ], [ -74.096960116999981, 4.722065477000058 ], [ -74.097625304999951, 4.722749792000059 ], [ -74.098161746999949, 4.723551722000025 ], [ -74.098612357999968, 4.724407113000041 ], [ -74.098912764999966, 4.725187657000049 ] ] ] } },
{ "type": "Feature", "properties": { "camera_id": "DEI-037/CAM-01", "segment_id": "1000727", "distance_m": 28.661, "install_date": "2020-03-27T00:00:00", "accidents_pre": 829, "accidents_post": 1975, "speed_pre_kph": 18.868, "speed_post_kph": 20.963, "n_pre_obs": 35630.0, "n_post_obs": 23745.0 }, "geometry": { "type": "MultiLineString", "coordinates": [ [ [ -74.17096494599997, 4.628468454000028 ], [ -74.173239458999944, 4.627452538000057 ], [ -74.176093329999958, 4.626329682000062 ], [ -74.176865805999967, 4.626019559000042 ] ] ] } },
{ "type": "Feature", "properties": { "camera_id": "DEI-037/CAM-01", "segment_id": "75", "distance_m": 28.661, "install_date": "2020-03-27T00:00:00", "accidents_pre": 829, "accidents_post": 1975, "speed_pre_kph": 22.35, "speed_post_kph": 24.936, "n_pre_obs": 39318.0, "n_post_obs": 23825.0 }, "geometry": { "type": "MultiLineString", "coordinates": [ [ [ -74.099148799999966, 4.72504865600007 ], [ -74.098923493999962, 4.724342959000069 ], [ -74.098537255999986, 4.723541030000035 ], [ -74.098086644999967, 4.722878101000049 ], [ -74.097571660999961, 4.722193786000048 ], [ -74.096970845999977, 4.721627088000048 ], [ -74.096348572999943, 4.721145929000045 ], [ -74.095393706999971, 4.720386766000047 ], [ -74.09441738299995, 4.719306828000072 ], [ -74.093870211999956, 4.71865458700006 ], [ -74.093430329999933, 4.718152041000053 ], [ -74.093226481999977, 4.717799189000061 ], [ -74.093001176999962, 4.717168332000028 ] ], [ [ -74.092888523999989, 4.717042695000032 ], [ -74.092749048999963, 4.71640114500002 ], [ -74.092738319999967, 4.715984137000021 ], [ -74.092770506999955, 4.715470896000056 ], [ -74.092899252999985, 4.715000425000028 ], [ -74.09337132099995, 4.713909786000045 ], [ -74.093446422999989, 4.713225463000072 ], [ -74.093446422999989, 4.711824737000029 ], [ -74.093500066999979, 4.711461189000033 ], [ -74.09373610199998, 4.710990715000037 ], [ -74.094508577999989, 4.710146 ] ], [ [ -74.09463464199996, 4.710041747000048 ], [ -74.09663020499994, 4.708063613000036 ], [ -74.097450960999936, 4.707277703000045 ], [ -74.097729910999988, 4.706983656000034 ], [ -74.097960580999938, 4.70672703200006 ] ], [ [ -74.098067868999976, 4.706681588000038 ], [ -74.098904718999961, 4.705847560000052 ], [ -74.099591363999934, 4.70505630200006 ], [ -74.101565469999969, 4.702511440000023 ], [ -74.101973165999937, 4.702040960000033 ], [ -74.103625405999935, 4.699838254000042 ] ], [ [ -74.103668321999976, 4.699731327000052 ], [ -74.104762662999974, 4.698063254000033 ], [ -74.10538493599995, 4.697165059000042 ], [ -74.105588782999973, 4.696405869000046 ], [ -74.10583554699997, 4.695999542000038 ] ], [ [ -74.105918694999957, 4.695817764000026 ], [ -74.106117178999966, 4.695491633000074 ], [ -74.106390763999968, 4.695208273000048 ], [ -74.107415367999977, 4.693304946000069 ], [ -74.108305860999963, 4.691620819000036 ], [ -74.108504344999972, 4.691182410000067 ], [ -74.108713556999987, 4.690695883000046 ], [ -74.108922768999946, 4.690118466000058 ], [ -74.109089065999967, 4.689840451000066 ] ], [ [ -74.109300960999974, 4.689762927000061 ], [ -74.109923232999961, 4.689142737000054 ], [ -74.11316334199995, 4.685678221000046 ] ], [ [ -74.113412786999959, 4.685341392000055 ], [ -74.114571500999944, 4.684154470000067 ], [ -74.116556335999974, 4.682037252000043 ], [ -74.118219305999958, 4.680433295000057 ], [ -74.120912243999953, 4.677866957000049 ], [ -74.121405769999967, 4.67725745000007 ], [ -74.122671772999979, 4.675514471000042 ], [ -74.123079467999958, 4.675033280000036 ], [ -74.12351935099997, 4.674691099000029 ], [ -74.12384121599996, 4.674135055000022 ], [ -74.123916317999942, 4.673963965000041 ], [ -74.125321794999934, 4.672295830000053 ] ], [ [ -74.125496138999949, 4.672055234000027 ], [ -74.126687039999979, 4.670611652000048 ], [ -74.126965988999984, 4.670376401000055 ], [ -74.127362955999956, 4.669937980000043 ], [ -74.127566803999969, 4.669606490000035 ], [ -74.12902592599994, 4.667799333000062 ], [ -74.130190004999974, 4.666425248000053 ], [ -74.130356300999949, 4.666232769000032 ], [ -74.130436767999981, 4.666131183000061 ] ], [ [ -74.130816299999935, 4.665827762000049 ], [ -74.133348305999959, 4.662662543000067 ] ], [ [ -74.133562881999978, 4.662405903000035 ], [ -74.136051971999962, 4.659411763000037 ], [ -74.137167770999952, 4.658214104000024 ], [ -74.137296516999982, 4.65795746200007 ], [ -74.137983162999944, 4.657486952000056 ], [ -74.138884384999983, 4.656802574000039 ], [ -74.140558082999974, 4.655562136000071 ] ], [ [ -74.140736449999963, 4.65535227700002 ], [ -74.141079772999944, 4.655042168000023 ], [ -74.141830791999951, 4.654293626000026 ], [ -74.142635453999958, 4.653598551000073 ], [ -74.145682443999988, 4.650604374000068 ], [ -74.147570718999987, 4.648733006000043 ], [ -74.149700392999989, 4.646679843000072 ], [ -74.150623072999963, 4.64582970400005 ] ], [ [ -74.150711585999943, 4.645752175000041 ], [ -74.153476942999987, 4.643332747000045 ], [ -74.154592741999977, 4.642327546000047 ], [ -74.156116236999935, 4.640990840000029 ] ], [ [ -74.17096494599997, 4.628468454000028 ], [ -74.173239458999944, 4.627452538000057 ], [ -74.176093329999958, 4.626329682000062 ], [ -74.176865805999967, 4.626019559000042 ] ], [ [ -74.177026737999938, 4.625955396000052 ], [ -74.177241314999947, 4.625848457000075 ], [ -74.179311979999966, 4.624030493000021 ], [ -74.181790341999942, 4.62183823700002 ], [ -74.182240952999962, 4.621399785000051 ], [ -74.182476986999973, 4.620950639000057 ], [ -74.182670105999989, 4.620576350000022 ], [ -74.182970513999976, 4.620030958000029 ], [ -74.183421124999938, 4.619496259000073 ], [ -74.183528412999976, 4.619410707000043 ] ], [ [ -74.183634959999949, 4.619379030000061 ], [ -74.183795891999978, 4.619245356000022 ], [ -74.184037290999981, 4.619133069000043 ], [ -74.184520088999989, 4.619020782000064 ], [ -74.18505652999994, 4.618908495000028 ], [ -74.185592971999938, 4.618828290000067 ], [ -74.186000667999963, 4.618801555000061 ], [ -74.186306439999953, 4.618881760000022 ], [ -74.186542473999964, 4.61896196500004 ], [ -74.18673559299998, 4.618924536000065 ], [ -74.186853609999957, 4.618865719000041 ], [ -74.186971627999981, 4.618764126000031 ], [ -74.187154017999944, 4.618673227000045 ], [ -74.187840662999974, 4.618373795000025 ], [ -74.188033781999934, 4.618288243000052 ], [ -74.188527308999937, 4.617951382000058 ], [ -74.188774071999944, 4.617737502000068 ], [ -74.188977919999957, 4.617496886000026 ], [ -74.189407072999984, 4.61702635000006 ], [ -74.189750395999965, 4.616791081000031 ], [ -74.190072260999955, 4.616577201000041 ], [ -74.190329752999958, 4.616491648000022 ], [ -74.191123686999958, 4.616341932000068 ], [ -74.191788874999986, 4.616149439000026 ], [ -74.192368231999978, 4.615935559000036 ], [ -74.192904673999976, 4.615529185000071 ], [ -74.19382735399995, 4.614545332000034 ], [ -74.194556914999964, 4.61375397200004 ], [ -74.195007525999983, 4.613368985000022 ] ], [ [ -74.195079944999975, 4.613318188000051 ], [ -74.195310614999983, 4.613237983000033 ], [ -74.195632479999972, 4.613211247000038 ], [ -74.196281574999944, 4.613270065000052 ], [ -74.196603439999933, 4.613270065000052 ], [ -74.197397373999934, 4.613195206000057 ], [ -74.197542212999963, 4.61320055300007 ], [ -74.198427341999945, 4.613387700000033 ], [ -74.199891827999977, 4.613676440000063 ], [ -74.200165413999969, 4.613681787000075 ], [ -74.200310252999941, 4.61365505200007 ], [ -74.200605295999935, 4.613564152000038 ], [ -74.200835965999943, 4.613446517000057 ], [ -74.201088093999942, 4.613227289000065 ], [ -74.201624534999951, 4.61251078500004 ], [ -74.20293881799995, 4.610345229000075 ], [ -74.203330419999986, 4.609789134000039 ] ] ] } },
{ "type": "Feature", "properties": { "camera_id": "DEI-037/CAM-02", "segment_id": "1000727", "distance_m": 4.242, "install_date": "2020-03-27T00:00:00", "accidents_pre": 829, "accidents_post": 1975, "speed_pre_kph": 18.868, "speed_post_kph": 20.963, "n_pre_obs": 35630.0, "n_post_obs": 23745.0 }, "geometry": { "type": "MultiLineString", "coordinates": [ [ [ -74.17096494599997, 4.628468454000028 ], [ -74.173239458999944, 4.627452538000057 ], [ -74.176093329999958, 4.626329682000062 ], [ -74.176865805999967, 4.626019559000042 ] ] ] } },
{ "type": "Feature", "properties": { "camera_id": "DEI-037/CAM-02", "segment_id": "75", "distance_m": 4.242, "install_date": "2020-03-27T00:00:00", "accidents_pre": 829, "accidents_post": 1975, "speed_pre_kph": 22.35, "speed_post_kph": 24.936, "n_pre_obs": 39318.0, "n_post_obs": 23825.0 }, "geometry": { "type": "MultiLineString", "coordinates": [ [ [ -74.099148799999966, 4.72504865600007 ], [ -74.098923493999962, 4.724342959000069 ], [ -74.098537255999986, 4.723541030000035 ], [ -74.098086644999967, 4.722878101000049 ], [ -74.097571660999961, 4.722193786000048 ], [ -74.096970845999977, 4.721627088000048 ], [ -74.096348572999943, 4.721145929000045 ], [ -74.095393706999971, 4.720386766000047 ], [ -74.09441738299995, 4.719306828000072 ], [ -74.093870211999956, 4.71865458700006 ], [ -74.093430329999933, 4.718152041000053 ], [ -74.093226481999977, 4.717799189000061 ], [ -74.093001176999962, 4.717168332000028 ] ], [ [ -74.092888523999989, 4.717042695000032 ], [ -74.092749048999963, 4.71640114500002 ], [ -74.092738319999967, 4.715984137000021 ], [ -74.092770506999955, 4.715470896000056 ], [ -74.092899252999985, 4.715000425000028 ], [ -74.09337132099995, 4.713909786000045 ], [ -74.093446422999989, 4.713225463000072 ], [ -74.093446422999989, 4.711824737000029 ], [ -74.093500066999979, 4.711461189000033 ], [ -74.09373610199998, 4.710990715000037 ], [ -74.094508577999989, 4.710146 ] ], [ [ -74.09463464199996, 4.710041747000048 ], [ -74.09663020499994, 4.708063613000036 ], [ -74.097450960999936, 4.707277703000045 ], [ -74.097729910999988, 4.706983656000034 ], [ -74.097960580999938, 4.70672703200006 ] ], [ [ -74.098067868999976, 4.706681588000038 ], [ -74.098904718999961, 4.705847560000052 ], [ -74.099591363999934, 4.70505630200006 ], [ -74.101565469999969, 4.702511440000023 ], [ -74.101973165999937, 4.702040960000033 ], [ -74.103625405999935, 4.699838254000042 ] ], [ [ -74.103668321999976, 4.699731327000052 ], [ -74.104762662999974, 4.698063254000033 ], [ -74.10538493599995, 4.697165059000042 ], [ -74.105588782999973, 4.696405869000046 ], [ -74.10583554699997, 4.695999542000038 ] ], [ [ -74.105918694999957, 4.695817764000026 ], [ -74.106117178999966, 4.695491633000074 ], [ -74.106390763999968, 4.695208273000048 ], [ -74.107415367999977, 4.693304946000069 ], [ -74.108305860999963, 4.691620819000036 ], [ -74.108504344999972, 4.691182410000067 ], [ -74.108713556999987, 4.690695883000046 ], [ -74.108922768999946, 4.690118466000058 ], [ -74.109089065999967, 4.689840451000066 ] ], [ [ -74.109300960999974, 4.689762927000061 ], [ -74.109923232999961, 4.689142737000054 ], [ -74.11316334199995, 4.685678221000046 ] ], [ [ -74.113412786999959, 4.685341392000055 ], [ -74.114571500999944, 4.684154470000067 ], [ -74.116556335999974, 4.682037252000043 ], [ -74.118219305999958, 4.680433295000057 ], [ -74.120912243999953, 4.677866957000049 ], [ -74.121405769999967, 4.67725745000007 ], [ -74.122671772999979, 4.675514471000042 ], [ -74.123079467999958, 4.675033280000036 ], [ -74.12351935099997, 4.674691099000029 ], [ -74.12384121599996, 4.674135055000022 ], [ -74.123916317999942, 4.673963965000041 ], [ -74.125321794999934, 4.672295830000053 ] ], [ [ -74.125496138999949, 4.672055234000027 ], [ -74.126687039999979, 4.670611652000048 ], [ -74.126965988999984, 4.670376401000055 ], [ -74.127362955999956, 4.669937980000043 ], [ -74.127566803999969, 4.669606490000035 ], [ -74.12902592599994, 4.667799333000062 ], [ -74.130190004999974, 4.666425248000053 ], [ -74.130356300999949, 4.666232769000032 ], [ -74.130436767999981, 4.666131183000061 ] ], [ [ -74.130816299999935, 4.665827762000049 ], [ -74.133348305999959, 4.662662543000067 ] ], [ [ -74.133562881999978, 4.662405903000035 ], [ -74.136051971999962, 4.659411763000037 ], [ -74.137167770999952, 4.658214104000024 ], [ -74.137296516999982, 4.65795746200007 ], [ -74.137983162999944, 4.657486952000056 ], [ -74.138884384999983, 4.656802574000039 ], [ -74.140558082999974, 4.655562136000071 ] ], [ [ -74.140736449999963, 4.65535227700002 ], [ -74.141079772999944, 4.655042168000023 ], [ -74.141830791999951, 4.654293626000026 ], [ -74.142635453999958, 4.653598551000073 ], [ -74.145682443999988, 4.650604374000068 ], [ -74.147570718999987, 4.648733006000043 ], [ -74.149700392999989, 4.646679843000072 ], [ -74.150623072999963, 4.64582970400005 ] ], [ [ -74.150711585999943, 4.645752175000041 ], [ -74.153476942999987, 4.643332747000045 ], [ -74.154592741999977, 4.642327546000047 ], [ -74.156116236999935, 4.640990840000029 ] ], [ [ -74.17096494599997, 4.628468454000028 ], [ -74.173239458999944, 4.627452538000057 ], [ -74.176093329999958, 4.626329682000062 ], [ -74.176865805999967, 4.626019559000042 ] ], [ [ -74.177026737999938, 4.625955396000052 ], [ -74.177241314999947, 4.625848457000075 ], [ -74.179311979999966, 4.624030493000021 ], [ -74.181790341999942, 4.62183823700002 ], [ -74.182240952999962, 4.621399785000051 ], [ -74.182476986999973, 4.620950639000057 ], [ -74.182670105999989, 4.620576350000022 ], [ -74.182970513999976, 4.620030958000029 ], [ -74.183421124999938, 4.619496259000073 ], [ -74.183528412999976, 4.619410707000043 ] ], [ [ -74.183634959999949, 4.619379030000061 ], [ -74.183795891999978, 4.619245356000022 ], [ -74.184037290999981, 4.619133069000043 ], [ -74.184520088999989, 4.619020782000064 ], [ -74.18505652999994, 4.618908495000028 ], [ -74.185592971999938, 4.618828290000067 ], [ -74.186000667999963, 4.618801555000061 ], [ -74.186306439999953, 4.618881760000022 ], [ -74.186542473999964, 4.61896196500004 ], [ -74.18673559299998, 4.618924536000065 ], [ -74.186853609999957, 4.618865719000041 ], [ -74.186971627999981, 4.618764126000031 ], [ -74.187154017999944, 4.618673227000045 ], [ -74.187840662999974, 4.618373795000025 ], [ -74.188033781999934, 4.618288243000052 ], [ -74.188527308999937, 4.617951382000058 ], [ -74.188774071999944, 4.617737502000068 ], [ -74.188977919999957, 4.617496886000026 ], [ -74.189407072999984, 4.61702635000006 ], [ -74.189750395999965, 4.616791081000031 ], [ -74.190072260999955, 4.616577201000041 ], [ -74.190329752999958, 4.616491648000022 ], [ -74.191123686999958, 4.616341932000068 ], [ -74.191788874999986, 4.616149439000026 ], [ -74.192368231999978, 4.615935559000036 ], [ -74.192904673999976, 4.615529185000071 ], [ -74.19382735399995, 4.614545332000034 ], [ -74.194556914999964, 4.61375397200004 ], [ -74.195007525999983, 4.613368985000022 ] ], [ [ -74.195079944999975, 4.613318188000051 ], [ -74.195310614999983, 4.613237983000033 ], [ -74.195632479999972, 4.613211247000038 ], [ -74.196281574999944, 4.613270065000052 ], [ -74.196603439999933, 4.613270065000052 ], [ -74.197397373999934, 4.613195206000057 ], [ -74.197542212999963, 4.61320055300007 ], [ -74.198427341999945, 4.613387700000033 ], [ -74.199891827999977, 4.613676440000063 ], [ -74.200165413999969, 4.613681787000075 ], [ -74.200310252999941, 4.61365505200007 ], [ -74.200605295999935, 4.613564152000038 ], [ -74.200835965999943, 4.613446517000057 ], [ -74.201088093999942, 4.613227289000065 ], [ -74.201624534999951, 4.61251078500004 ], [ -74.20293881799995, 4.610345229000075 ], [ -74.203330419999986, 4.609789134000039 ] ] ] } },
{ "type": "Feature", "properties": { "camera_id": "DEI-037/CAM-02", "segment_id": "1000728", "distance_m": 26.944, "install_date": "2020-03-27T00:00:00", "accidents_pre": 829, "accidents_post": 1975, "speed_pre_kph": 22.23, "speed_post_kph": 24.768, "n_pre_obs": 39689.0, "n_post_obs": 24205.0 }, "geometry": { "type": "MultiLineString", "coordinates": [ [ [ -74.176930178999953, 4.625784293000038 ], [ -74.173722256999952, 4.627003396000021 ], [ -74.17152284499997, 4.627890986000068 ], [ -74.170943487999978, 4.628126251000026 ], [ -74.170718182999963, 4.628254577000064 ] ] ] } },
{ "type": "Feature", "properties": { "camera_id": "DEI-037/CAM-02", "segment_id": "76", "distance_m": 26.944, "install_date": "2020-03-27T00:00:00", "accidents_pre": 829, "accidents_post": 1975, "speed_pre_kph": 21.956, "speed_post_kph": 24.406, "n_pre_obs": 37614.0, "n_post_obs": 23582.0 }, "geometry": { "type": "MultiLineString", "coordinates": [ [ [ -74.203072927999983, 4.609743684000023 ], [ -74.202260218999982, 4.610949446000063 ], [ -74.201890073999948, 4.611497519000068 ], [ -74.201544068999965, 4.612005489000069 ], [ -74.200916431999985, 4.612874384000065 ], [ -74.200779639999951, 4.613045489000058 ], [ -74.200624070999936, 4.613171145000024 ], [ -74.20045509199997, 4.613291453000045 ], [ -74.200248561999956, 4.613374332000035 ], [ -74.200111769999978, 4.613411761000066 ], [ -74.199948154999959, 4.613427802000047 ], [ -74.199805997999988, 4.613425129000063 ], [ -74.199390254999969, 4.613352944000042 ], [ -74.197609267999951, 4.612975978000065 ], [ -74.197370551999938, 4.612989345000074 ], [ -74.197094283999945, 4.61303212200005 ], [ -74.196769736999954, 4.613066877000051 ], [ -74.196225248999951, 4.613053510000043 ], [ -74.195707581999955, 4.613016080000023 ], [ -74.195578835999981, 4.613016080000023 ], [ -74.19544740799995, 4.613008060000027 ], [ -74.195214055999941, 4.613037469000062 ], [ -74.194948516999943, 4.613128368000048 ] ], [ [ -74.194935105999946, 4.613082918000032 ], [ -74.194613240999956, 4.613318188000051 ], [ -74.194291375999967, 4.613585540000031 ], [ -74.193647645999988, 4.614291349000041 ], [ -74.192810796999936, 4.615168261000065 ], [ -74.192467473999955, 4.615478388000042 ], [ -74.192183159999956, 4.61566018700006 ], [ -74.191839836999975, 4.615841986000021 ], [ -74.191324852999969, 4.615997049000043 ], [ -74.190321706999953, 4.616237665000028 ], [ -74.189919374999988, 4.616376688000059 ], [ -74.189635060999933, 4.616574527000068 ], [ -74.189366839999934, 4.616788408000048 ], [ -74.188953779999963, 4.617216168000027 ], [ -74.188674829999968, 4.617526295000062 ], [ -74.188245676999941, 4.617911279000054 ], [ -74.187548301999982, 4.618301611000049 ], [ -74.187226436999936, 4.618429939000066 ], [ -74.187001131999978, 4.618494103000046 ], [ -74.186861656999952, 4.618408551000073 ], [ -74.186630986999944, 4.618290917000024 ], [ -74.186346672999946, 4.61840320400006 ], [ -74.186223290999976, 4.618633124000041 ], [ -74.185842417999936, 4.618654512000035 ], [ -74.184823177999988, 4.618772146000026 ], [ -74.184184811999955, 4.618911168000068 ], [ -74.183825395999975, 4.618991373000028 ], [ -74.183519624999974, 4.619157130000076 ] ], [ [ -74.183410395999942, 4.61923960300004 ], [ -74.183077801999957, 4.619528341000034 ], [ -74.182734478999976, 4.619988182000043 ], [ -74.182552088999955, 4.620309001000066 ], [ -74.182326782999951, 4.620833006000055 ], [ -74.182144392999987, 4.621121742000071 ], [ -74.181908358999976, 4.621442561000038 ], [ -74.180266846999984, 4.62287555000006 ], [ -74.178571690999945, 4.624383393000073 ], [ -74.17755245099994, 4.625324456000044 ], [ -74.177091110999982, 4.625720130000047 ], [ -74.176951635999956, 4.625784293000038 ] ], [ [ -74.176930178999953, 4.625784293000038 ], [ -74.173722256999952, 4.627003396000021 ], [ -74.17152284499997, 4.627890986000068 ], [ -74.170943487999978, 4.628126251000026 ], [ -74.170718182999963, 4.628254577000064 ] ], [ [ -74.155917752999983, 4.640758253000058 ], [ -74.155789006999953, 4.641036288000066 ], [ -74.155070174999935, 4.641635133000023 ], [ -74.152806390999956, 4.643613455000036 ], [ -74.151594031999934, 4.644714897000028 ], [ -74.150606979999964, 4.645575731000065 ] ], [ [ -74.150513101999934, 4.645655933000057 ], [ -74.148321736999947, 4.647727813000074 ], [ -74.145655621999936, 4.650358423000057 ], [ -74.143037785999979, 4.652903475000073 ], [ -74.142040003999966, 4.653855194000073 ], [ -74.140516508999951, 4.655074248000062 ] ], [ [ -74.140472252999984, 4.655155785000034 ], [ -74.137639839999963, 4.657337245000065 ], [ -74.137167770999952, 4.657679434000045 ], [ -74.136910278999949, 4.657978849000074 ], [ -74.136652786999946, 4.658406585000023 ], [ -74.136395294999943, 4.658620453000026 ], [ -74.134206612999947, 4.660972995000066 ], [ -74.133305389999975, 4.662085103000038 ] ], [ [ -74.133047897999973, 4.662491450000061 ], [ -74.130515892999938, 4.665571123000063 ] ], [ [ -74.130281199999956, 4.665981477000059 ], [ -74.128934730999958, 4.667606854000041 ], [ -74.128081787999974, 4.668644099000062 ], [ -74.126896251999938, 4.669986099000027 ], [ -74.125764359999948, 4.671344136000073 ], [ -74.125308383999936, 4.671905529000071 ] ], [ [ -74.125158179999971, 4.672065927000062 ], [ -74.124165762999951, 4.673242176000031 ], [ -74.122765649999963, 4.675027933000024 ], [ -74.121859062999988, 4.676150712000037 ], [ -74.121483553999951, 4.676717448000034 ], [ -74.121204603999956, 4.677145172000053 ], [ -74.120904196999959, 4.677433886000074 ], [ -74.119756210999981, 4.678588740000066 ], [ -74.117610443999979, 4.680695275000062 ], [ -74.117363680999972, 4.680919829000061 ], [ -74.116913069999953, 4.681304779000072 ], [ -74.115604151999946, 4.682694874000049 ], [ -74.114681471999972, 4.683667938000042 ], [ -74.114069927999935, 4.684277439000027 ], [ -74.113659549999966, 4.684678427000051 ], [ -74.113477159999945, 4.684860208000032 ], [ -74.113273311999933, 4.685063374000038 ], [ -74.113069463999977, 4.685277234000068 ] ], [ [ -74.112983633999988, 4.685405550000041 ], [ -74.110859323999989, 4.687629687000026 ], [ -74.109754253999938, 4.688923532000047 ], [ -74.109325100999968, 4.689361942000062 ], [ -74.109099794999963, 4.689597187000061 ] ], [ [ -74.108965684999987, 4.689722828000072 ], [ -74.108815480999965, 4.689883222000049 ], [ -74.108391691999941, 4.690936473000022 ], [ -74.108069826999952, 4.691674283000054 ], [ -74.106755543999952, 4.694117603000052 ], [ -74.106203008999955, 4.695117384000071 ], [ -74.105950881999945, 4.695352626000044 ], [ -74.105728257999942, 4.695713509000029 ] ], [ [ -74.105679978999945, 4.695852516000059 ], [ -74.105422485999952, 4.696312307000028 ], [ -74.105207909999933, 4.697039418000031 ], [ -74.103491295999959, 4.699584301000073 ] ], [ [ -74.103410829999973, 4.699688556000069 ], [ -74.101844419999964, 4.701741563000041 ], [ -74.101071942999965, 4.702832221000051 ], [ -74.099376786999983, 4.704821063000054 ], [ -74.098969091999948, 4.705355697000073 ], [ -74.097831834999965, 4.706596047000062 ] ], [ [ -74.097853292999957, 4.706604066000068 ], [ -74.096984256999974, 4.707480864000047 ], [ -74.096061576999944, 4.708379045000072 ], [ -74.094905544999961, 4.70947503900004 ], [ -74.094650734999959, 4.709737008000047 ], [ -74.094564903999981, 4.709825222000063 ], [ -74.094476390999944, 4.709916109000062 ] ], [ [ -74.094334233999973, 4.710031055000059 ], [ -74.093690503999937, 4.710747459000061 ], [ -74.093411554999989, 4.711185855000053 ], [ -74.093293536999965, 4.711528018000024 ], [ -74.093218434999983, 4.712789741000051 ], [ -74.093132604999937, 4.71371999400003 ], [ -74.093143333999933, 4.713858997000045 ], [ -74.092724908999969, 4.714799940000034 ], [ -74.092488874999958, 4.715655342000048 ], [ -74.092488874999958, 4.716083043000026 ], [ -74.092488874999958, 4.71640381800006 ], [ -74.092639077999934, 4.717023983000047 ], [ -74.092703450999977, 4.717173678000051 ] ], [ [ -74.092732955999963, 4.717350104000047 ], [ -74.093033362999961, 4.718077193000056 ], [ -74.093623448999949, 4.718932591000055 ], [ -74.095264960999941, 4.72072892400007 ], [ -74.095951605999971, 4.721284930000024 ], [ -74.096960116999981, 4.722065477000058 ], [ -74.097625304999951, 4.722749792000059 ], [ -74.098161746999949, 4.723551722000025 ], [ -74.098612357999968, 4.724407113000041 ], [ -74.098912764999966, 4.725187657000049 ] ] ] } },
{ "type": "Feature", "properties": { "camera_id": "DEI-038/CAM-01", "segment_id": "113", "distance_m": 2.065, "install_date": "2020-03-27T00:00:00", "accidents_pre": 1123, "accidents_post": 2787, "speed_pre_kph": 33.65, "speed_post_kph": 36.636, "n_pre_obs": 38910.0, "n_post_obs": 22503.0 }, "geometry": { "type": "MultiLineString", "coordinates": [ [ [ -74.177372742999978, 4.596747118000053 ], [ -74.176181841999949, 4.59665086900003 ], [ -74.175323535999951, 4.596490454000048 ], [ -74.172834445999968, 4.596137541000076 ], [ -74.170570660999942, 4.59580601600004 ], [ -74.169090081999968, 4.595624212000075 ], [ -74.167663146999985, 4.595570741000074 ], [ -74.165828515999976, 4.595570741000074 ] ], [ [ -74.165799010999933, 4.595535984000037 ], [ -74.162022460999935, 4.595600150000053 ], [ -74.159361709999985, 4.595856814000058 ], [ -74.158095706999973, 4.596027924000055 ] ], [ [ -74.157945502999951, 4.595899592000023 ], [ -74.154705394999951, 4.596305976000053 ], [ -74.154126037999958, 4.59626319900002 ], [ -74.152752746999965, 4.595707094000034 ], [ -74.152087558999938, 4.595471818000021 ], [ -74.15099321799994, 4.595343486000047 ] ], [ [ -74.150944937999952, 4.595396958000038 ], [ -74.148595322999938, 4.595108210000035 ], [ -74.14688943799996, 4.594915712000045 ], [ -74.146288622999975, 4.594894323000062 ], [ -74.143681515999958, 4.595225848000041 ], [ -74.142866123999966, 4.595311403000039 ], [ -74.141739596999969, 4.59536487500003 ], [ -74.140537966999943, 4.595290014000057 ], [ -74.138252724999973, 4.594979878000061 ] ], [ [ -74.138182986999936, 4.594883629000037 ], [ -74.130973209999979, 4.593429195000056 ], [ -74.129771579999954, 4.593429195000056 ] ], [ [ -74.129616011999985, 4.593407806000073 ], [ -74.126569021999956, 4.59336502900004 ], [ -74.12493823899996, 4.593450584000038 ], [ -74.123350371999948, 4.593621694000035 ] ], [ [ -74.123055328999953, 4.593675166000025 ], [ -74.121038306999935, 4.593974608000053 ], [ -74.118227351999963, 4.594552104000059 ], [ -74.116510738999978, 4.594872934000023 ], [ -74.113528121999934, 4.595899592000023 ] ], [ [ -74.113194155999963, 4.59603807700006 ], [ -74.111187863999987, 4.596904318000043 ], [ -74.109288859999936, 4.597824029000037 ], [ -74.108602213999973, 4.598080693000043 ], [ -74.108205246999944, 4.59805930400006 ], [ -74.107722449999983, 4.597888195000053 ], [ -74.107261109999968, 4.598016527000027 ], [ -74.104986596999936, 4.599663448000058 ], [ -74.103516745999968, 4.600679404000061 ] ], [ [ -74.103398728999935, 4.600786347000053 ], [ -74.102121996999983, 4.601759525000034 ], [ -74.101349520999975, 4.60241187400004 ], [ -74.10056631599997, 4.603203247000067 ] ], [ [ -74.100379933999989, 4.603332118000026 ], [ -74.098834980999982, 4.605000416000053 ], [ -74.097075451999956, 4.607481466000024 ], [ -74.093341816999953, 4.611844672000075 ] ], [ [ -74.09308432499995, 4.612186883000049 ], [ -74.090981472999943, 4.614753461000021 ], [ -74.089500893999968, 4.616592836000052 ] ], [ [ -74.089243401999965, 4.616913657000055 ], [ -74.083664406999958, 4.623586696000075 ] ], [ [ -74.083707321999952, 4.623543920000031 ], [ -74.081475723999972, 4.626067681000052 ], [ -74.080359924999982, 4.627693150000027 ], [ -74.079716194999946, 4.629532492000067 ], [ -74.079544533999979, 4.630815750000068 ] ], [ [ -74.079619635999961, 4.630858525000065 ], [ -74.079018820999977, 4.637702532000048 ] ], [ [ -74.078975905999982, 4.637852244000044 ], [ -74.078375090999941, 4.645722768000041 ] ], [ [ -74.078418005999936, 4.645851091000054 ], [ -74.077430952999975, 4.657485616000031 ] ], [ [ -74.077334393999934, 4.657549776000053 ], [ -74.076347340999973, 4.661955446000036 ], [ -74.075574864999965, 4.664307977000021 ], [ -74.075274456999978, 4.665163441000061 ], [ -74.074158657999988, 4.66636108900002 ] ], [ [ -74.074115742999936, 4.666339702000073 ], [ -74.071336973999962, 4.669633223000062 ] ], [ [ -74.071143854999946, 4.669782928000075 ], [ -74.069083918999979, 4.672220978000041 ], [ -74.065757979999944, 4.674466543000051 ], [ -74.063075770999944, 4.676091900000074 ] ], [ [ -74.063172329999986, 4.676091900000074 ], [ -74.048452366999982, 4.684518032000028 ] ] ] } },
{ "type": "Feature", "properties": { "camera_id": "DEI-038/CAM-01", "segment_id": "1001212", "distance_m": 2.065, "install_date": "2020-03-27T00:00:00", "accidents_pre": 1123, "accidents_post": 2787, "speed_pre_kph": 30.802, "speed_post_kph": 29.841, "n_pre_obs": 40330.0, "n_post_obs": 24274.0 }, "geometry": { "type": "MultiLineString", "coordinates": [ [ [ -74.177372742999978, 4.596747118000053 ], [ -74.176181841999949, 4.59665086900003 ], [ -74.175323535999951, 4.596490454000048 ], [ -74.172834445999968, 4.596137541000076 ], [ -74.170570660999942, 4.59580601600004 ], [ -74.169090081999968, 4.595624212000075 ], [ -74.167663146999985, 4.595570741000074 ], [ -74.165828515999976, 4.595570741000074 ] ] ] } },
{ "type": "Feature", "properties": { "camera_id": "DEI-038/CAM-01", "segment_id": "112", "distance_m": 41.922, "install_date": "2020-03-27T00:00:00", "accidents_pre": 1123, "accidents_post": 2787, "speed_pre_kph": 30.254, "speed_post_kph": 32.837, "n_pre_obs": 36885.0, "n_post_obs": 21870.0 }, "geometry": { "type": "MultiLineString", "coordinates": [ [ [ -74.048924435999936, 4.685074067000073 ], [ -74.056026924999969, 4.680732701000068 ], [ -74.063129414999935, 4.676797646000068 ] ], [ [ -74.063504923999972, 4.676476852000064 ], [ -74.06715272799994, 4.674380998000061 ], [ -74.068912256999965, 4.673161978000053 ], [ -74.071615923999957, 4.670274816000074 ] ], [ [ -74.071959246999938, 4.670510067000066 ], [ -74.074963320999984, 4.667088231000037 ] ], [ [ -74.07484530399995, 4.667131004000055 ], [ -74.076132763999965, 4.665762265000069 ], [ -74.077591885999936, 4.66105720500002 ], [ -74.077978123999969, 4.658961305000048 ], [ -74.078106869999942, 4.657763644000056 ] ], [ [ -74.078203428999984, 4.657656710000026 ], [ -74.079190481999944, 4.645851091000054 ] ], [ [ -74.079190481999944, 4.645936640000059 ], [ -74.07970546599995, 4.637937794000038 ] ], [ [ -74.079619635999961, 4.637766694000049 ], [ -74.080113161999975, 4.630922688000055 ] ], [ [ -74.080123890999971, 4.630783669000039 ], [ -74.080531586999939, 4.628762535000021 ], [ -74.081143129999987, 4.62727608900002 ], [ -74.082548607999968, 4.62566131400007 ], [ -74.083439100999954, 4.624955517000046 ], [ -74.08419011999996, 4.623896819000038 ] ], [ [ -74.084265221999942, 4.623843350000072 ], [ -74.08984421699995, 4.617084761000058 ] ], [ [ -74.089865673999952, 4.616913657000055 ], [ -74.091496456999948, 4.614817625000057 ], [ -74.093427647999988, 4.612464930000044 ] ], [ [ -74.093728054999985, 4.612400765000075 ], [ -74.097161282999934, 4.607994786000063 ], [ -74.098834980999982, 4.605684844000052 ], [ -74.100637425999935, 4.603717110000048 ] ], [ [ -74.100931096999943, 4.603374355000028 ], [ -74.102100539999981, 4.602347708000025 ], [ -74.102787184999954, 4.601812996000035 ], [ -74.103784966999967, 4.600978844000053 ] ], [ [ -74.103870797999946, 4.600893290000045 ], [ -74.10566251299997, 4.599588588000074 ], [ -74.107261109999968, 4.598487076000026 ], [ -74.107743906999985, 4.59844429900005 ], [ -74.10872023099995, 4.59844429900005 ], [ -74.11094110099998, 4.597417646000054 ], [ -74.113451647999966, 4.596348213000056 ] ], [ [ -74.113892902999964, 4.59628458800006 ], [ -74.115459312999974, 4.595664316000068 ], [ -74.116918433999956, 4.595215154000073 ], [ -74.119772304999969, 4.594594881000035 ], [ -74.121832240999936, 4.594209884000065 ], [ -74.123055328999953, 4.594124329000067 ] ], [ [ -74.123221624999985, 4.594177801000058 ], [ -74.126311529999953, 4.593963914000028 ], [ -74.12953018099995, 4.594006691000061 ] ], [ [ -74.129728664999959, 4.594028080000044 ], [ -74.131445277999944, 4.593985303000068 ], [ -74.138097156999947, 4.595311403000039 ] ], [ [ -74.138209808999989, 4.595311403000039 ], [ -74.139347065999971, 4.595503901000029 ], [ -74.140398491999974, 4.595546678000062 ], [ -74.14147137599997, 4.595675011000026 ], [ -74.142286766999973, 4.595760565000035 ], [ -74.143316734999985, 4.59563223300006 ], [ -74.146084774999963, 4.595204459000058 ], [ -74.146814335999977, 4.595204459000058 ], [ -74.150848377999978, 4.59563223300006 ] ], [ [ -74.150961030999952, 4.59563223300006 ], [ -74.151588667999988, 4.595696399000076 ], [ -74.152570356999945, 4.596060007000062 ], [ -74.153632510999955, 4.596461044000023 ], [ -74.154249418999939, 4.596610765000037 ], [ -74.154624928999965, 4.596626806000074 ], [ -74.156599033999953, 4.59647708600005 ], [ -74.157972324999946, 4.596359448000044 ] ], [ [ -74.158095706999973, 4.596391531000052 ], [ -74.162773479999942, 4.596027924000055 ], [ -74.165841926999974, 4.596070701000031 ] ], [ [ -74.165820468999982, 4.595974452000064 ], [ -74.166684139999973, 4.595974452000064 ], [ -74.167470027999968, 4.59582473100005 ], [ -74.168628741999953, 4.595856814000058 ], [ -74.169779409999933, 4.595926328000076 ], [ -74.17110710299994, 4.596081395000056 ], [ -74.171807159999958, 4.596466391000035 ], [ -74.172212172999934, 4.596586703000071 ], [ -74.173572052999987, 4.596709687000043 ], [ -74.174982894999971, 4.596835346000034 ], [ -74.176466156999936, 4.597041211000032 ], [ -74.177029420999986, 4.59707596800007 ], [ -74.177182305999963, 4.597070621000057 ], [ -74.17732446399998, 4.59709200900005 ] ] ] } },
{ "type": "Feature", "properties": { "camera_id": "DEI-038/CAM-01", "segment_id": "1001211", "distance_m": 41.922, "install_date": "2020-03-27T00:00:00", "accidents_pre": 1123, "accidents_post": 2787, "speed_pre_kph": 24.972, "speed_post_kph": 31.595, "n_pre_obs": 35137.0, "n_post_obs": 21844.0 }, "geometry": { "type": "MultiLineString", "coordinates": [ [ [ -74.165820468999982, 4.595974452000064 ], [ -74.166684139999973, 4.595974452000064 ], [ -74.167470027999968, 4.59582473100005 ], [ -74.168628741999953, 4.595856814000058 ], [ -74.169779409999933, 4.595926328000076 ], [ -74.17110710299994, 4.596081395000056 ], [ -74.171807159999958, 4.596466391000035 ], [ -74.172212172999934, 4.596586703000071 ], [ -74.173572052999987, 4.596709687000043 ], [ -74.174982894999971, 4.596835346000034 ], [ -74.176466156999936, 4.597041211000032 ], [ -74.177029420999986, 4.59707596800007 ], [ -74.177182305999963, 4.597070621000057 ], [ -74.17732446399998, 4.59709200900005 ] ] ] } },
{ "type": "Feature", "properties": { "camera_id": "DEI-038/CAM-02", "segment_id": "112", "distance_m": 1.45, "install_date": "2020-03-27T00:00:00", "accidents_pre": 1123, "accidents_post": 2787, "speed_pre_kph": 30.254, "speed_post_kph": 32.837, "n_pre_obs": 36885.0, "n_post_obs": 21870.0 }, "geometry": { "type": "MultiLineString", "coordinates": [ [ [ -74.048924435999936, 4.685074067000073 ], [ -74.056026924999969, 4.680732701000068 ], [ -74.063129414999935, 4.676797646000068 ] ], [ [ -74.063504923999972, 4.676476852000064 ], [ -74.06715272799994, 4.674380998000061 ], [ -74.068912256999965, 4.673161978000053 ], [ -74.071615923999957, 4.670274816000074 ] ], [ [ -74.071959246999938, 4.670510067000066 ], [ -74.074963320999984, 4.667088231000037 ] ], [ [ -74.07484530399995, 4.667131004000055 ], [ -74.076132763999965, 4.665762265000069 ], [ -74.077591885999936, 4.66105720500002 ], [ -74.077978123999969, 4.658961305000048 ], [ -74.078106869999942, 4.657763644000056 ] ], [ [ -74.078203428999984, 4.657656710000026 ], [ -74.079190481999944, 4.645851091000054 ] ], [ [ -74.079190481999944, 4.645936640000059 ], [ -74.07970546599995, 4.637937794000038 ] ], [ [ -74.079619635999961, 4.637766694000049 ], [ -74.080113161999975, 4.630922688000055 ] ], [ [ -74.080123890999971, 4.630783669000039 ], [ -74.080531586999939, 4.628762535000021 ], [ -74.081143129999987, 4.62727608900002 ], [ -74.082548607999968, 4.62566131400007 ], [ -74.083439100999954, 4.624955517000046 ], [ -74.08419011999996, 4.623896819000038 ] ], [ [ -74.084265221999942, 4.623843350000072 ], [ -74.08984421699995, 4.617084761000058 ] ], [ [ -74.089865673999952, 4.616913657000055 ], [ -74.091496456999948, 4.614817625000057 ], [ -74.093427647999988, 4.612464930000044 ] ], [ [ -74.093728054999985, 4.612400765000075 ], [ -74.097161282999934, 4.607994786000063 ], [ -74.098834980999982, 4.605684844000052 ], [ -74.100637425999935, 4.603717110000048 ] ], [ [ -74.100931096999943, 4.603374355000028 ], [ -74.102100539999981, 4.602347708000025 ], [ -74.102787184999954, 4.601812996000035 ], [ -74.103784966999967, 4.600978844000053 ] ], [ [ -74.103870797999946, 4.600893290000045 ], [ -74.10566251299997, 4.599588588000074 ], [ -74.107261109999968, 4.598487076000026 ], [ -74.107743906999985, 4.59844429900005 ], [ -74.10872023099995, 4.59844429900005 ], [ -74.11094110099998, 4.597417646000054 ], [ -74.113451647999966, 4.596348213000056 ] ], [ [ -74.113892902999964, 4.59628458800006 ], [ -74.115459312999974, 4.595664316000068 ], [ -74.116918433999956, 4.595215154000073 ], [ -74.119772304999969, 4.594594881000035 ], [ -74.121832240999936, 4.594209884000065 ], [ -74.123055328999953, 4.594124329000067 ] ], [ [ -74.123221624999985, 4.594177801000058 ], [ -74.126311529999953, 4.593963914000028 ], [ -74.12953018099995, 4.594006691000061 ] ], [ [ -74.129728664999959, 4.594028080000044 ], [ -74.131445277999944, 4.593985303000068 ], [ -74.138097156999947, 4.595311403000039 ] ], [ [ -74.138209808999989, 4.595311403000039 ], [ -74.139347065999971, 4.595503901000029 ], [ -74.140398491999974, 4.595546678000062 ], [ -74.14147137599997, 4.595675011000026 ], [ -74.142286766999973, 4.595760565000035 ], [ -74.143316734999985, 4.59563223300006 ], [ -74.146084774999963, 4.595204459000058 ], [ -74.146814335999977, 4.595204459000058 ], [ -74.150848377999978, 4.59563223300006 ] ], [ [ -74.150961030999952, 4.59563223300006 ], [ -74.151588667999988, 4.595696399000076 ], [ -74.152570356999945, 4.596060007000062 ], [ -74.153632510999955, 4.596461044000023 ], [ -74.154249418999939, 4.596610765000037 ], [ -74.154624928999965, 4.596626806000074 ], [ -74.156599033999953, 4.59647708600005 ], [ -74.157972324999946, 4.596359448000044 ] ], [ [ -74.158095706999973, 4.596391531000052 ], [ -74.162773479999942, 4.596027924000055 ], [ -74.165841926999974, 4.596070701000031 ] ], [ [ -74.165820468999982, 4.595974452000064 ], [ -74.166684139999973, 4.595974452000064 ], [ -74.167470027999968, 4.59582473100005 ], [ -74.168628741999953, 4.595856814000058 ], [ -74.169779409999933, 4.595926328000076 ], [ -74.17110710299994, 4.596081395000056 ], [ -74.171807159999958, 4.596466391000035 ], [ -74.172212172999934, 4.596586703000071 ], [ -74.173572052999987, 4.596709687000043 ], [ -74.174982894999971, 4.596835346000034 ], [ -74.176466156999936, 4.597041211000032 ], [ -74.177029420999986, 4.59707596800007 ], [ -74.177182305999963, 4.597070621000057 ], [ -74.17732446399998, 4.59709200900005 ] ] ] } },
{ "type": "Feature", "properties": { "camera_id": "DEI-038/CAM-02", "segment_id": "1001211", "distance_m": 1.45, "install_date": "2020-03-27T00:00:00", "accidents_pre": 1123, "accidents_post": 2787, "speed_pre_kph": 24.972, "speed_post_kph": 31.595, "n_pre_obs": 35137.0, "n_post_obs": 21844.0 }, "geometry": { "type": "MultiLineString", "coordinates": [ [ [ -74.165820468999982, 4.595974452000064 ], [ -74.166684139999973, 4.595974452000064 ], [ -74.167470027999968, 4.59582473100005 ], [ -74.168628741999953, 4.595856814000058 ], [ -74.169779409999933, 4.595926328000076 ], [ -74.17110710299994, 4.596081395000056 ], [ -74.171807159999958, 4.596466391000035 ], [ -74.172212172999934, 4.596586703000071 ], [ -74.173572052999987, 4.596709687000043 ], [ -74.174982894999971, 4.596835346000034 ], [ -74.176466156999936, 4.597041211000032 ], [ -74.177029420999986, 4.59707596800007 ], [ -74.177182305999963, 4.597070621000057 ], [ -74.17732446399998, 4.59709200900005 ] ] ] } },
{ "type": "Feature", "properties": { "camera_id": "DEI-038/CAM-02", "segment_id": "113", "distance_m": 45.433, "install_date": "2020-03-27T00:00:00", "accidents_pre": 1123, "accidents_post": 2787, "speed_pre_kph": 33.65, "speed_post_kph": 36.636, "n_pre_obs": 38910.0, "n_post_obs": 22503.0 }, "geometry": { "type": "MultiLineString", "coordinates": [ [ [ -74.177372742999978, 4.596747118000053 ], [ -74.176181841999949, 4.59665086900003 ], [ -74.175323535999951, 4.596490454000048 ], [ -74.172834445999968, 4.596137541000076 ], [ -74.170570660999942, 4.59580601600004 ], [ -74.169090081999968, 4.595624212000075 ], [ -74.167663146999985, 4.595570741000074 ], [ -74.165828515999976, 4.595570741000074 ] ], [ [ -74.165799010999933, 4.595535984000037 ], [ -74.162022460999935, 4.595600150000053 ], [ -74.159361709999985, 4.595856814000058 ], [ -74.158095706999973, 4.596027924000055 ] ], [ [ -74.157945502999951, 4.595899592000023 ], [ -74.154705394999951, 4.596305976000053 ], [ -74.154126037999958, 4.59626319900002 ], [ -74.152752746999965, 4.595707094000034 ], [ -74.152087558999938, 4.595471818000021 ], [ -74.15099321799994, 4.595343486000047 ] ], [ [ -74.150944937999952, 4.595396958000038 ], [ -74.148595322999938, 4.595108210000035 ], [ -74.14688943799996, 4.594915712000045 ], [ -74.146288622999975, 4.594894323000062 ], [ -74.143681515999958, 4.595225848000041 ], [ -74.142866123999966, 4.595311403000039 ], [ -74.141739596999969, 4.59536487500003 ], [ -74.140537966999943, 4.595290014000057 ], [ -74.138252724999973, 4.594979878000061 ] ], [ [ -74.138182986999936, 4.594883629000037 ], [ -74.130973209999979, 4.593429195000056 ], [ -74.129771579999954, 4.593429195000056 ] ], [ [ -74.129616011999985, 4.593407806000073 ], [ -74.126569021999956, 4.59336502900004 ], [ -74.12493823899996, 4.593450584000038 ], [ -74.123350371999948, 4.593621694000035 ] ], [ [ -74.123055328999953, 4.593675166000025 ], [ -74.121038306999935, 4.593974608000053 ], [ -74.118227351999963, 4.594552104000059 ], [ -74.116510738999978, 4.594872934000023 ], [ -74.113528121999934, 4.595899592000023 ] ], [ [ -74.113194155999963, 4.59603807700006 ], [ -74.111187863999987, 4.596904318000043 ], [ -74.109288859999936, 4.597824029000037 ], [ -74.108602213999973, 4.598080693000043 ], [ -74.108205246999944, 4.59805930400006 ], [ -74.107722449999983, 4.597888195000053 ], [ -74.107261109999968, 4.598016527000027 ], [ -74.104986596999936, 4.599663448000058 ], [ -74.103516745999968, 4.600679404000061 ] ], [ [ -74.103398728999935, 4.600786347000053 ], [ -74.102121996999983, 4.601759525000034 ], [ -74.101349520999975, 4.60241187400004 ], [ -74.10056631599997, 4.603203247000067 ] ], [ [ -74.100379933999989, 4.603332118000026 ], [ -74.098834980999982, 4.605000416000053 ], [ -74.097075451999956, 4.607481466000024 ], [ -74.093341816999953, 4.611844672000075 ] ], [ [ -74.09308432499995, 4.612186883000049 ], [ -74.090981472999943, 4.614753461000021 ], [ -74.089500893999968, 4.616592836000052 ] ], [ [ -74.089243401999965, 4.616913657000055 ], [ -74.083664406999958, 4.623586696000075 ] ], [ [ -74.083707321999952, 4.623543920000031 ], [ -74.081475723999972, 4.626067681000052 ], [ -74.080359924999982, 4.627693150000027 ], [ -74.079716194999946, 4.629532492000067 ], [ -74.079544533999979, 4.630815750000068 ] ], [ [ -74.079619635999961, 4.630858525000065 ], [ -74.079018820999977, 4.637702532000048 ] ], [ [ -74.078975905999982, 4.637852244000044 ], [ -74.078375090999941, 4.645722768000041 ] ], [ [ -74.078418005999936, 4.645851091000054 ], [ -74.077430952999975, 4.657485616000031 ] ], [ [ -74.077334393999934, 4.657549776000053 ], [ -74.076347340999973, 4.661955446000036 ], [ -74.075574864999965, 4.664307977000021 ], [ -74.075274456999978, 4.665163441000061 ], [ -74.074158657999988, 4.66636108900002 ] ], [ [ -74.074115742999936, 4.666339702000073 ], [ -74.071336973999962, 4.669633223000062 ] ], [ [ -74.071143854999946, 4.669782928000075 ], [ -74.069083918999979, 4.672220978000041 ], [ -74.065757979999944, 4.674466543000051 ], [ -74.063075770999944, 4.676091900000074 ] ], [ [ -74.063172329999986, 4.676091900000074 ], [ -74.048452366999982, 4.684518032000028 ] ] ] } },
{ "type": "Feature", "properties": { "camera_id": "DEI-038/CAM-02", "segment_id": "1001212", "distance_m": 45.433, "install_date": "2020-03-27T00:00:00", "accidents_pre": 1123, "accidents_post": 2787, "speed_pre_kph": 30.802, "speed_post_kph": 29.841, "n_pre_obs": 40330.0, "n_post_obs": 24274.0 }, "geometry": { "type": "MultiLineString", "coordinates": [ [ [ -74.177372742999978, 4.596747118000053 ], [ -74.176181841999949, 4.59665086900003 ], [ -74.175323535999951, 4.596490454000048 ], [ -74.172834445999968, 4.596137541000076 ], [ -74.170570660999942, 4.59580601600004 ], [ -74.169090081999968, 4.595624212000075 ], [ -74.167663146999985, 4.595570741000074 ], [ -74.165828515999976, 4.595570741000074 ] ] ] } },
{ "type": "Feature", "properties": { "camera_id": "DEI-039/CAM-01", "segment_id": "32", "distance_m": 5.528, "install_date": "2020-03-27T00:00:00", "accidents_pre": 391, "accidents_post": 654, "speed_pre_kph": 28.156, "speed_post_kph": 31.221, "n_pre_obs": 37561.0, "n_post_obs": 22714.0 }, "geometry": { "type": "MultiLineString", "coordinates": [ [ [ -74.15472148799995, 4.631500154000037 ], [ -74.151009310999939, 4.631222115000071 ], [ -74.149507273999973, 4.631136565000077 ], [ -74.148713339999972, 4.63068742400003 ], [ -74.148112524999988, 4.630623262000029 ], [ -74.147211302999949, 4.631157952000024 ], [ -74.146846522999965, 4.631264890000068 ], [ -74.143241633999935, 4.63075158700002 ] ], [ [ -74.143069971999978, 4.630644649000033 ], [ -74.140495051999949, 4.630345222000074 ], [ -74.138520945999971, 4.630345222000074 ], [ -74.136117685999977, 4.630131346000042 ], [ -74.134272326999962, 4.629874694000023 ], [ -74.131997812999941, 4.629575267000064 ] ], [ [ -74.131997812999941, 4.629575267000064 ], [ -74.128779162999933, 4.629104738000024 ], [ -74.125474680999957, 4.628933637000046 ], [ -74.12392972899994, 4.629061963000026 ], [ -74.120711077999943, 4.628676984000037 ], [ -74.117921579999972, 4.628163680000057 ] ], [ [ -74.117760647999944, 4.628195761000029 ], [ -74.112754304999953, 4.627642354000045 ], [ -74.111461479999946, 4.627499324000041 ], [ -74.110817749999967, 4.627435161000051 ], [ -74.110179383999935, 4.627377681000041 ], [ -74.108748425999977, 4.62723999800005 ], [ -74.108036298999934, 4.627169151000032 ], [ -74.107305396999948, 4.627129049000075 ], [ -74.105985749999945, 4.627072906000024 ], [ -74.103730012999961, 4.626845661000061 ], [ -74.101495731999989, 4.626597028000049 ], [ -74.100337017999948, 4.626466028000038 ], [ -74.09915416399997, 4.626236110000036 ], [ -74.097933758999943, 4.626083722000033 ], [ -74.095189858999959, 4.625778946000025 ], [ -74.093610037999952, 4.625487538000073 ], [ -74.092408407999983, 4.625396640000076 ], [ -74.091630567999971, 4.625311089000036 ], [ -74.09115849899996, 4.625252272000068 ] ], [ [ -74.090934533999985, 4.625542344000053 ], [ -74.089303750999989, 4.625307078000048 ], [ -74.088080663999961, 4.62498626100006 ], [ -74.087029237999957, 4.624836547000029 ], [ -74.085870523999972, 4.62490071000002 ], [ -74.085140962999958, 4.624943486000063 ], [ -74.084475774999987, 4.624879322000027 ], [ -74.081793565999988, 4.624344627000028 ], [ -74.08011986799994, 4.62408797300003 ], [ -74.079497594999964, 4.623852707000026 ], [ -74.079197187999966, 4.623809931000039 ], [ -74.078810949999934, 4.623895483000069 ], [ -74.078145761999963, 4.624344627000028 ], [ -74.077845353999976, 4.624387403000071 ], [ -74.076343316999953, 4.624066585000037 ] ], [ [ -74.076119352999967, 4.624065249000068 ], [ -74.073753644999954, 4.623656206000021 ] ], [ [ -74.073677201999942, 4.623654870000053 ], [ -74.072641868999938, 4.623457032000033 ], [ -74.071869392999986, 4.623315337000065 ], [ -74.070780415999934, 4.623125520000031 ], [ -74.070142049999959, 4.623015907000024 ], [ -74.069973070999936, 4.622986499000035 ], [ -74.069578785999965, 4.622807376000026 ] ], [ [ -74.069314755999983, 4.622669859000041 ], [ -74.067168988999981, 4.621418667000057 ] ], [ [ -74.066984815999945, 4.621327481000037 ], [ -74.066282076999983, 4.621044091000044 ], [ -74.066153330999953, 4.620830212000044 ], [ -74.065911932999938, 4.62053078100007 ], [ -74.065815372999964, 4.620477311000059 ], [ -74.065627617999951, 4.620423841000047 ], [ -74.065370125999948, 4.62042918800006 ], [ -74.06521455799998, 4.62050939300002 ], [ -74.065144820999933, 4.620520087000045 ], [ -74.065083129999948, 4.620506720000037 ], [ -74.065061671999956, 4.620466617000034 ], [ -74.065056307999953, 4.62038106600005 ], [ -74.065056307999953, 4.620367698000052 ] ] ] } },
{ "type": "Feature", "properties": { "camera_id": "DEI-039/CAM-01", "segment_id": "1001041", "distance_m": 5.528, "install_date": "2020-03-27T00:00:00", "accidents_pre": 391, "accidents_post": 654, "speed_pre_kph": 40.559, "speed_post_kph": 39.428, "n_pre_obs": 41169.0, "n_post_obs": 24322.0 }, "geometry": { "type": "MultiLineString", "coordinates": [ [ [ -74.143069971999978, 4.630644649000033 ], [ -74.140495051999949, 4.630345222000074 ], [ -74.138520945999971, 4.630345222000074 ], [ -74.136117685999977, 4.630131346000042 ], [ -74.134272326999962, 4.629874694000023 ], [ -74.131997812999941, 4.629575267000064 ] ] ] } },
{ "type": "Feature", "properties": { "camera_id": "DEI-039/CAM-02", "segment_id": "81", "distance_m": 31.975, "install_date": "2020-03-27T00:00:00", "accidents_pre": 607, "accidents_post": 1070, "speed_pre_kph": 27.614, "speed_post_kph": 28.564, "n_pre_obs": 36320.0, "n_post_obs": 21248.0 }, "geometry": { "type": "MultiLineString", "coordinates": [ [ [ -74.069602925999959, 4.622979815000065 ], [ -74.070010621999984, 4.623108143000024 ], [ -74.073661107999953, 4.623747105000064 ] ], [ [ -74.073694635999971, 4.623787207000021 ], [ -74.07624809899994, 4.624268433000054 ] ], [ [ -74.07650022699994, 4.624394086000052 ], [ -74.077701855999976, 4.624618659000021 ], [ -74.078259755999966, 4.624661434000075 ], [ -74.078817654999966, 4.62442616800007 ], [ -74.079096604999961, 4.624233678000053 ], [ -74.079815436999979, 4.62427645300005 ], [ -74.081456948999971, 4.624565189000066 ], [ -74.083924580999962, 4.62508919000004 ], [ -74.086413670999946, 4.625495558000068 ], [ -74.087271977999933, 4.625538334000055 ], [ -74.088881302999937, 4.625602497000045 ], [ -74.090876866999963, 4.625816375000056 ] ], [ [ -74.091153134999956, 4.625677354000061 ], [ -74.092934120999985, 4.625955396000052 ], [ -74.094114292999961, 4.626083722000033 ], [ -74.096388806999983, 4.626468702000068 ], [ -74.099307049999936, 4.62681090600006 ], [ -74.103255261999948, 4.627260049000029 ], [ -74.105422485999952, 4.62747392600005 ], [ -74.107418049999978, 4.627709191000065 ], [ -74.108469475999982, 4.627687803000072 ], [ -74.109735478999937, 4.627880293000032 ], [ -74.112589348999961, 4.628179720000048 ], [ -74.115808, 4.628564699000037 ], [ -74.117524613999933, 4.628714413000068 ] ], [ [ -74.11777137699994, 4.628848086000062 ], [ -74.120002974999977, 4.628976412000043 ], [ -74.123908270999948, 4.629404166000029 ], [ -74.130130995999934, 4.630131346000042 ], [ -74.131697405999944, 4.630302447000076 ] ], [ [ -74.131783236999979, 4.630345222000074 ], [ -74.13457273399996, 4.630559099000038 ], [ -74.136503924999943, 4.630601874000035 ], [ -74.138907183999947, 4.63077297500007 ], [ -74.141181696999979, 4.631286278000061 ], [ -74.142898310999954, 4.63145737900004 ] ], [ [ -74.143171895999956, 4.631347767000022 ], [ -74.145188916999984, 4.631583031000048 ], [ -74.14701281899994, 4.631732744000033 ], [ -74.147871125999984, 4.631968008000058 ], [ -74.149201501999983, 4.63222465900003 ], [ -74.149652112999945, 4.632374372000072 ], [ -74.151926625999977, 4.63464145100005 ], [ -74.153214086999981, 4.635903313000028 ] ], [ [ -74.15335356199995, 4.63605302600007 ], [ -74.15404020699998, 4.636737424000046 ], [ -74.15547787099996, 4.639453625000044 ], [ -74.155735362999962, 4.639881372000048 ], [ -74.155885566999984, 4.640330506000055 ] ] ] } },
{ "type": "Feature", "properties": { "camera_id": "DEI-039/CAM-02", "segment_id": "1001967", "distance_m": 31.975, "install_date": "2020-03-27T00:00:00", "accidents_pre": 607, "accidents_post": 1070, "speed_pre_kph": 38.678, "speed_post_kph": 37.9, "n_pre_obs": 37955.0, "n_post_obs": 24089.0 }, "geometry": { "type": "MultiLineString", "coordinates": [ [ [ -74.131783236999979, 4.630345222000074 ], [ -74.13457273399996, 4.630559099000038 ], [ -74.136503924999943, 4.630601874000035 ], [ -74.138907183999947, 4.63077297500007 ], [ -74.141181696999979, 4.631286278000061 ], [ -74.142898310999954, 4.63145737900004 ] ] ] } },
{ "type": "Feature", "properties": { "camera_id": "DEI-039/CAM-02", "segment_id": "32", "distance_m": 46.935, "install_date": "2020-03-27T00:00:00", "accidents_pre": 607, "accidents_post": 1070, "speed_pre_kph": 28.156, "speed_post_kph": 31.221, "n_pre_obs": 37561.0, "n_post_obs": 22714.0 }, "geometry": { "type": "MultiLineString", "coordinates": [ [ [ -74.15472148799995, 4.631500154000037 ], [ -74.151009310999939, 4.631222115000071 ], [ -74.149507273999973, 4.631136565000077 ], [ -74.148713339999972, 4.63068742400003 ], [ -74.148112524999988, 4.630623262000029 ], [ -74.147211302999949, 4.631157952000024 ], [ -74.146846522999965, 4.631264890000068 ], [ -74.143241633999935, 4.63075158700002 ] ], [ [ -74.143069971999978, 4.630644649000033 ], [ -74.140495051999949, 4.630345222000074 ], [ -74.138520945999971, 4.630345222000074 ], [ -74.136117685999977, 4.630131346000042 ], [ -74.134272326999962, 4.629874694000023 ], [ -74.131997812999941, 4.629575267000064 ] ], [ [ -74.131997812999941, 4.629575267000064 ], [ -74.128779162999933, 4.629104738000024 ], [ -74.125474680999957, 4.628933637000046 ], [ -74.12392972899994, 4.629061963000026 ], [ -74.120711077999943, 4.628676984000037 ], [ -74.117921579999972, 4.628163680000057 ] ], [ [ -74.117760647999944, 4.628195761000029 ], [ -74.112754304999953, 4.627642354000045 ], [ -74.111461479999946, 4.627499324000041 ], [ -74.110817749999967, 4.627435161000051 ], [ -74.110179383999935, 4.627377681000041 ], [ -74.108748425999977, 4.62723999800005 ], [ -74.108036298999934, 4.627169151000032 ], [ -74.107305396999948, 4.627129049000075 ], [ -74.105985749999945, 4.627072906000024 ], [ -74.103730012999961, 4.626845661000061 ], [ -74.101495731999989, 4.626597028000049 ], [ -74.100337017999948, 4.626466028000038 ], [ -74.09915416399997, 4.626236110000036 ], [ -74.097933758999943, 4.626083722000033 ], [ -74.095189858999959, 4.625778946000025 ], [ -74.093610037999952, 4.625487538000073 ], [ -74.092408407999983, 4.625396640000076 ], [ -74.091630567999971, 4.625311089000036 ], [ -74.09115849899996, 4.625252272000068 ] ], [ [ -74.090934533999985, 4.625542344000053 ], [ -74.089303750999989, 4.625307078000048 ], [ -74.088080663999961, 4.62498626100006 ], [ -74.087029237999957, 4.624836547000029 ], [ -74.085870523999972, 4.62490071000002 ], [ -74.085140962999958, 4.624943486000063 ], [ -74.084475774999987, 4.624879322000027 ], [ -74.081793565999988, 4.624344627000028 ], [ -74.08011986799994, 4.62408797300003 ], [ -74.079497594999964, 4.623852707000026 ], [ -74.079197187999966, 4.623809931000039 ], [ -74.078810949999934, 4.623895483000069 ], [ -74.078145761999963, 4.624344627000028 ], [ -74.077845353999976, 4.624387403000071 ], [ -74.076343316999953, 4.624066585000037 ] ], [ [ -74.076119352999967, 4.624065249000068 ], [ -74.073753644999954, 4.623656206000021 ] ], [ [ -74.073677201999942, 4.623654870000053 ], [ -74.072641868999938, 4.623457032000033 ], [ -74.071869392999986, 4.623315337000065 ], [ -74.070780415999934, 4.623125520000031 ], [ -74.070142049999959, 4.623015907000024 ], [ -74.069973070999936, 4.622986499000035 ], [ -74.069578785999965, 4.622807376000026 ] ], [ [ -74.069314755999983, 4.622669859000041 ], [ -74.067168988999981, 4.621418667000057 ] ], [ [ -74.066984815999945, 4.621327481000037 ], [ -74.066282076999983, 4.621044091000044 ], [ -74.066153330999953, 4.620830212000044 ], [ -74.065911932999938, 4.62053078100007 ], [ -74.065815372999964, 4.620477311000059 ], [ -74.065627617999951, 4.620423841000047 ], [ -74.065370125999948, 4.62042918800006 ], [ -74.06521455799998, 4.62050939300002 ], [ -74.065144820999933, 4.620520087000045 ], [ -74.065083129999948, 4.620506720000037 ], [ -74.065061671999956, 4.620466617000034 ], [ -74.065056307999953, 4.62038106600005 ], [ -74.065056307999953, 4.620367698000052 ] ] ] } },
{ "type": "Feature", "properties": { "camera_id": "DEI-039/CAM-02", "segment_id": "1001041", "distance_m": 46.935, "install_date": "2020-03-27T00:00:00", "accidents_pre": 607, "accidents_post": 1070, "speed_pre_kph": 40.559, "speed_post_kph": 39.428, "n_pre_obs": 41169.0, "n_post_obs": 24322.0 }, "geometry": { "type": "MultiLineString", "coordinates": [ [ [ -74.143069971999978, 4.630644649000033 ], [ -74.140495051999949, 4.630345222000074 ], [ -74.138520945999971, 4.630345222000074 ], [ -74.136117685999977, 4.630131346000042 ], [ -74.134272326999962, 4.629874694000023 ], [ -74.131997812999941, 4.629575267000064 ] ] ] } }
]
}
